tree
version=v4
num_class=1
num_tree_per_iteration=1
label_index=0
max_feature_idx=12
objective=binary sigmoid:1
feature_names=Column_0 Column_1 Column_2 Column_3 Column_4 Column_5 Column_6 Column_7 Column_8 Column_9 Column_10 Column_11 Column_12
feature_infos=[-1.1949888726057174:2.7977865460516664] [-0.69658772605480446:5.9958409273094313] [-0.64681271265096163:4.2973681803804888] [-0.72926112314808034:23.938100485319801] [-0.6825992524600204:24.810216579009115] [-0.67838742702727917:30.677804976009959] [-1.2957213343294842:3.3978712824253487] [-1.0757010208706324:2.9406329998105436] [-1.0164210260628777:3.1844060205462572] [-1.2987739559364044:3.2654044416309507] [-2.4155890278011412:3.4277474047875969] [-1.5279666770475397:2.5866139960678551] [-1.237942533819302:2.7453818585605534]
tree_sizes=3319 3425 3416 3428 3420 3420 3420 3433 3427 3436 3427 3433 3443 3424 3434 3427 3432 3430 3425 3427 3425 3419 3422 3430 3428 3421 3423 3420 3421 3425 3424 3422 3429 3433 3424 3432 3406 3426 3420 3409 3418 3413 3423 3430 3415 3417 3424 3402 3403 3409 3415 3402 3392 3391 3412 3408 3409 3413 3402 3419 3403 3418 3395 3434 3400 3404 3413 3435 3423 3438 3419 3402 3420 3397 3411 3413 3422 3413 3423 3414 3396 3414 3414 3412 3407 3416 3432 3413 3425 3423 3402 3417 3423 3448 3439 3424 3425 3429 3427 3421 3436 3428 3453 3444 3438 3440 3422 3433 3439 3424 3461 3441 3459 3445 3454 3462 3446 3468 3455 3445 3441 3442 3447 3435 3451 3431 3450 3466 3446 3453 3466 3438 3454 3452 3453 3445 3464 3470 3462 3452 3453 3454 3431 3470 3446 3481 3472 3466 3463 3476 3487 3459 3469 3473 3488 3467 3467 3474 3477 3494 3471 3475 3454 3493 3455 3471 3476 3475 3496 3466 3471 3497 3465 3474 3472 3474 3473 3484 3480 3473 3469 3471 3500 3477 3463 3471 3479 3482 3490 3498 3478 3486 3492 3493 3504 3478 3479 3485 3471 3480 3491 3493 3476 3493 3494 3475 3482 3502 3479 3474 3491 3487 3489 3491 3468 3477 3496 3510 3478 3481 3493 3488 3481 3487 3506 3504 3493 3476 3504 3504 3519 3506 3489 3489 3493 3473 3494 3497 3496 3495

Tree=0
num_leaves=31
num_cat=0
split_feature=2 1 8 1 8 2 6 2 8 1 1 12 3 7 2 7 5 8 11 7 10 5 10 1 1 8 6 3 1 3
split_gain=2300.45 111.328 11.2966 10.7821 4.4603 1.86306 2.65965 2.4603 1.69195 1.46872 2.51083 3.97499 5.42986 4.96951 1.38552 1.75499 1.28479 2.71862 2.30766 3.33462 2.15498 5.009 1.15009 1.09359 2.25946 1.71529 2.25982 2.11885 3.13394 1.15861
threshold=0.26103676950788751 0.64593486761137875 -0.023933338064652712 1.4244312102128338 1.2157615841930407 -0.41162463686833839 -1.1869673590632133 -0.60942377085899468 -0.12580321063142977 -0.45787841992707229 -0.64265954965323702 -0.74002698477181994 -0.1110842262608993 -0.42426068045722298 -0.39804270866968167 -0.94316671086567228 -0.38097406555319907 -0.87294661822687991 1.0000000180025095e-35 -0.36363081514157253 -0.6802578323452585 -0.073140735916695523 -0.57552857066891017 -0.5435585705320255 -0.4685550458876776 -0.74794093139134477 0.23255821283337008 -0.3121644886653262 -0.50635432523051049 -0.10681518375372841
decision_type=2 2 2 2 2 2 2 2 2 2 2 2 2 2 2 2 2 2 2 2 2 2 2 2 2 2 2 2 2 2
left_child=1 4 -2 -3 5 7 -7 16 9 10 -8 13 -13 -12 -11 -16 17 -1 -19 -20 21 -18 -4 -9 25 -25 27 28 -27 -29
right_child=2 3 22 -5 -6 6 8 23 -10 14 11 12 -14 -15 15 -17 20 18 19 -21 -22 -23 -24 24 -26 26 -28 29 -30 -31
leaf_value=-1.1028432190609019 -0.98837996568578934 -1.01558106466201 -0.93208368734041991 -0.89578047980929387 -1.0954481212304874 -1.1120870913489203 -1.1576396816731542 -1.1578048925260651 -1.1594685395909337 -1.1220704734199798 -1.1315784563447986 -1.1522343311759644 -1.0893975866419663 -1.0605855171728187 -1.1220704734199798 -1.1584543547456196 -1.1529794755382889 -1.1554305814105166 -1.104442159132343 -1.1620040017042186 -1.156247817447031 -1.0929830886203491 -0.90525902625446919 -1.1551777575530666 -1.1551543399058928 -1.1378018633501346 -1.1620040017042186 -1.1620040017042186 -1.0871286361712709 -1.1257007941730923
leaf_weight=5.0709268301725414 4.3196784108877173 3.7562420964241019 4.1318663060665122 3.7562420964241028 3.7562420964241019 6.0099873542785636 11.456538394093512 119.07287445664406 19.72027100622654 3.7562420964241019 6.5734236687421799 20.47151942551136 4.1318663060665193 3.9440542012453026 3.7562420964241054 28.171815723180771 11.080914184451105 15.212780490517618 6.9490478783845901 3.9440542012453061 34.745239391922951 5.0709268301725379 121.32661971449852 14.649344176053999 109.4944571107626 6.1977994590997705 5.6343631446361533 4.6953026205301285 6.0099873542785653 4.1318663060665148
leaf_count=27 23 20 22 20 20 32 61 634 105 20 35 109 22 21 20 150 59 81 37 21 185 27 646 78 583 33 30 25 32 22
internal_value=-1.09528 -1.14662 -0.90888 -0.955681 -1.14971 -1.15015 -1.14441 -1.15192 -1.14631 -1.14316 -1.13731 -1.13068 -1.14168 -1.10496 -1.15079 -1.15417 -1.14434 -1.13634 -1.14285 -1.12528 -1.14923 -1.13414 -0.906142 -1.15422 -1.15139 -1.14143 -1.13388 -1.12635 -1.11286 -1.14501
internal_weight=600.999 471.221 129.778 7.51248 463.708 459.952 107.992 351.96 101.982 82.2617 46.5774 35.1209 24.6034 10.5175 35.6843 31.9281 82.0739 31.1768 26.1059 10.8931 50.8971 16.1518 125.458 269.886 150.813 41.3187 26.6693 21.035 12.2078 8.82717
internal_count=3200 2509 691 40 2469 2449 575 1874 543 438 248 187 131 56 190 170 437 166 139 58 271 86 668 1437 803 220 142 112 65 47
is_linear=0
shrinkage=1


Tree=1
num_leaves=31
num_cat=0
split_feature=2 1 6 9 8 2 6 2 9 6 7 7 10 8 8 8 1 1 12 8 7 2 8 8 1 1 8 6 4 1
split_gain=1947.22 98.9299 9.65046 8.70162 4.26306 1.82741 2.55317 2.41914 2.88651 4.8959 2.44863 4.75479 1.71819 1.6625 1.47039 2.95856 1.96628 2.4159 3.68723 2.51101 1.67768 1.61301 1.30432 1.30114 1.08309 2.21818 1.66888 2.19058 1.61769 2.58154
threshold=0.26103676950788751 0.64593486761137875 0.42717058962564364 -0.4990229505634774 1.2157615841930407 -0.41162463686833839 -1.1869673590632133 -0.60942377085899468 -0.68389673277621854 -0.91222047418000374 -0.75277179100025904 -0.47269822289942459 -1.1595101845301128 -0.12580321063142977 -0.92225782652029376 -0.89020044576809931 -0.45787841992707229 -0.64265954965323702 -0.74002698477181994 -0.5975267336777329 -0.91862974308994938 -0.17749404422749451 -0.66165567355528532 0.15993331911688347 -0.5435585705320255 -0.4685550458876776 -0.74794093139134477 0.23255821283337008 -0.085199225976983525 -0.50635432523051049
decision_type=2 2 2 2 2 2 2 2 2 2 2 2 2 2 2 2 2 2 2 2 2 2 2 2 2 2 2 2 2 2
left_child=1 4 -3 -2 5 7 -7 8 9 -1 -11 -12 22 14 -8 -16 17 -17 19 -19 -18 -20 -10 -5 -9 26 -26 28 29 -28
right_child=3 2 -4 23 -6 6 13 24 12 10 11 -13 -14 -15 15 16 20 18 21 -21 -22 -23 -24 -25 25 -27 27 -29 -30 -31
leaf_value=0.013155357637895965 0.089981330045889277 0.06881006867928971 0.1784986943058382 0.14292327949680153 -0.00015808179619610261 -0.016103877773684678 -0.065936038141951203 -0.061373490570092837 -0.053314271964921445 -0.065906456986882092 -0.0013081223990326256 -0.055489615132543441 -0.058929423909183015 -0.063062695822831846 -0.0077516706569705418 -0.060714401611719704 -0.025605173619204835 -0.030070510654099797 -0.050437150398513743 0.026492941141217093 -0.061719047205871971 -0.014502156078003049 -0.011768189885093915 0.16530810888821867 -0.058712139612635598 -0.058688449984919379 -0.041756205629850163 -0.065642927133293977 -0.0555324500517001 -0.0014761545234115586
leaf_weight=4.4171596914529827 4.0666621923446646 3.9892305135726911 4.0319250822067261 6.831295818090438 3.7559303641319266 5.9595088958740225 8.7953515201807004 115.33325034379959 3.8798999041318893 8.420351058244707 6.9627852439880433 9.6766233444213814 43.013489052653313 19.084346070885658 5.1466209888458243 10.006113424897189 3.695564121007922 4.1099392473697662 16.125962972640991 3.7544436752796129 24.776623696088791 3.8727311193943157 3.6818378418683997 130.56584973633289 14.208714008331297 106.20232348144054 8.2576296776533145 5.4454457759857169 4.7745698839426067 7.674723580479621
leaf_count=24 20 20 20 34 20 32 48 634 21 46 38 53 235 105 28 55 20 22 88 20 136 21 20 637 78 583 45 30 26 41
internal_value=-0.000127997 -0.0501091 0.123946 0.162062 -0.0532045 -0.0536499 -0.0478914 -0.0554237 -0.0478169 -0.0353804 -0.0439356 -0.0328173 -0.0550654 -0.0497979 -0.0466446 -0.0442712 -0.0471043 -0.0396403 -0.0320723 -0.00306721 -0.0570316 -0.0434784 -0.0330853 0.164195 -0.0577488 -0.0548964 -0.0449185 -0.0374243 -0.0300035 -0.022353
internal_weight=600.517 459.053 8.02116 141.464 451.032 447.276 105.327 341.949 80.0521 29.4769 25.0598 16.6394 50.5752 99.3677 80.2834 71.488 66.3414 37.8692 27.8631 7.86438 28.4722 19.9987 7.56174 137.397 261.897 146.563 40.3611 26.1524 20.7069 15.9324
internal_count=3200 2509 40 691 2469 2449 575 1874 437 161 137 91 276 543 438 390 362 206 151 42 156 109 41 671 1437 803 220 142 112 86
is_linear=0
shrinkage=0.05


Tree=2
num_leaves=31
num_cat=0
split_feature=2 1 1 9 2 10 7 3 2 9 6 7 7 2 6 10 1 10 3 5 2 3 3 6 6 6 2 8 4 8
split_gain=1688.37 64.532 50.2967 3.00429 2.60114 7.05447 8.25937 1.82657 1.54692 2.80925 4.6166 2.42984 4.50614 1.90637 2.52041 1.61682 1.37977 1.37271 1.78622 4.50228 3.79656 5.00538 1.23141 1.08222 2.28618 1.05058 1.30711 1.63296 2.64054 3.0217
threshold=0.070065466139794294 -0.33780423609459781 0.90357571935623882 -0.41739997224279674 -0.17749404422749451 -0.12040618615501958 -0.43590381729838895 4.9662738841152505 -0.60942377085899468 -0.68389673277621854 -0.91222047418000374 -0.75277179100025904 -0.47269822289942459 -0.41162463686833839 -1.1869673590632133 -1.1595101845301128 -0.50635432523051049 0.18400310009189699 -0.25871313966137527 -0.19638726556517552 -0.36738017938588113 -0.48834420201985546 -0.50400761637634617 0.30124493405417258 0.41572280275550993 -0.40851785189411932 -0.56295463213889219 -0.71806882046498621 -0.18521530617143978 -0.33818238156609898
decision_type=2 2 2 2 2 2 2 2 2 2 2 2 2 2 2 2 2 2 2 2 2 2 2 2 2 2 2 2 2 2
left_child=2 -2 4 -3 8 -6 -7 22 9 10 -1 -12 -13 25 -15 16 -11 18 19 20 21 -16 -5 -17 -25 -10 -27 -28 29 -29
right_child=1 3 -4 7 5 6 -8 -9 13 15 11 12 -14 14 17 23 -18 -19 -20 -21 -22 -23 -24 24 -26 26 27 28 -30 -31
leaf_value=0.012411665690172245 -0.045638829860331229 0.10821387572219428 0.12454713453122977 0.12753920535598259 -0.060742719038224313 -0.043855300851715122 0.056416943853709912 0.11759929127841946 -0.060212552527477363 -0.01053184642111937 -0.064933274255576018 -0.0012435796331634523 -0.05432755729007497 -0.01204411202980922 -0.065124296199057671 -0.062018658365082163 -0.053130143373039021 -0.060509363420808551 -0.057660913897974647 0.0050648368279152811 -0.059732573743796064 0.0058452583586710858 0.14875229744838608 -0.013722124752522512 -0.064899210670170501 -0.060065224037859882 -0.05879742643359509 -0.021742292838262595 -0.059687396364439996 -0.051019989177372153
leaf_weight=4.4469500631094006 4.5559225082397452 5.2712965905666342 4.0585365593433371 7.2035941481590262 10.931379169225695 4.6602995842695236 3.6716028898954374 5.229086533188819 116.61972849071026 3.6283239424228668 8.3194750398397463 6.95807912945748 9.3965659290552086 4.6179313212633124 4.098337858915329 33.217694535851479 3.9927717745304099 22.343779563903809 19.979922637343407 4.9868185073137274 18.828076601028446 6.3091590702533704 135.99743269383907 3.9017422050237638 4.9516803622245789 51.945688724517822 33.163453504443169 17.357127785682678 19.109286189079285 17.902826309204102
leaf_count=24 24 25 19 33 61 26 20 24 659 20 47 38 53 25 23 187 22 126 112 28 106 35 624 22 28 294 188 98 108 101
internal_value=-0.000220326 0.139811 -0.0506553 0.145308 -0.0522886 -0.0343264 0.00033147 0.146625 -0.0531202 -0.0468135 -0.0344823 -0.0429339 -0.031743 -0.054594 -0.0479166 -0.05404 -0.0328495 -0.0500807 -0.0457817 -0.0388463 -0.0463364 -0.0221016 0.147685 -0.0578786 -0.0423452 -0.0567103 -0.053782 -0.0500532 -0.0447196 -0.0366077
internal_weight=597.655 158.257 439.397 153.701 435.339 19.2633 8.3319 148.43 416.075 78.8133 29.1211 24.6741 16.3546 337.262 81.164 49.6922 7.6211 76.5461 54.2023 34.2224 29.2356 10.4075 143.201 42.0711 8.85342 256.098 139.478 87.5327 54.3692 35.26
internal_count=3200 730 2470 706 2451 107 46 681 2344 441 162 138 91 1903 455 279 42 430 304 192 164 58 657 237 50 1448 789 495 307 199
is_linear=0
shrinkage=0.05


Tree=3
num_leaves=31
num_cat=0
split_feature=1 8 7 3 8 0 0 11 1 1 4 6 11 6 6 8 4 4 10 6 4 3 1 5 4 8 4 3 4 5
split_gain=1283.18 120.991 111.889 23.2493 11.6259 4.82887 3.69748 3.18065 1.33858 2.10322 2.8835 1.98385 1.81757 1.46088 3.74997 3.67536 2.34343 3.51613 3.75472 2.01872 3.4581 8.26509 4.13288 1.61559 1.37412 0.991027 1.34107 1.69967 3.50493 1.27114
threshold=0.15011803672001567 -0.15548086867458902 1.4458957296013795 0.80293542100315618 -0.45854361067295429 -0.11117249653717241 1.3111020490317455 0.52932365951015792 -0.64448539392447113 -0.63184954001899396 -0.46398586055067964 -1.1869673590632133 -0.38502760118215218 0.083736983521631461 0.10663255726189894 0.60356886189142001 -0.58698813852144871 -0.62050816202769388 -1.0000000180025095e-35 0.3584838684048412 -0.40453228912572742 -0.32200250615052822 -0.47502080842484701 -0.49522784593772512 -0.14304721227642561 -0.23486074323362519 0.091338752492548012 -0.16485053153286366 0.018200078826350885 -0.20910431156847872
decision_type=2 2 2 2 2 2 2 2 2 2 2 2 2 2 2 2 2 2 2 2 2 2 2 2 2 2 2 2 2 2
left_child=2 4 3 6 -2 -3 8 -4 11 10 -10 -1 -12 16 -15 19 17 -11 -19 20 -16 22 -22 -21 -23 26 27 -18 29 -29
right_child=1 5 7 -5 -6 -7 -8 -9 9 13 12 -13 -14 14 15 -17 25 18 -20 23 21 24 -24 -25 -26 -27 -28 28 -30 -31
leaf_value=-0.021696524479137599 -0.059801136773665158 0.079092248226251896 0.086041567552950837 0.074715628426802308 0.042587823042100723 0.13320230875444833 -0.0013609549261132941 0.14002876594743938 0.0013512843803704564 -0.064304047035447218 -0.02308545479380673 -0.060536951605900918 -0.064026032254926493 0.0038992202908532899 -0.058370576531975742 0.0014328914049881263 -0.053321740497800911 0.014204027221731034 -0.051411557759817018 -0.032759366558109008 0.046694846276955734 -0.029926535386182451 -0.022222048059114485 -0.059700016332354458 -0.064199338529349545 -0.059974241918824549 -0.064194321354698047 -0.023332770020289838 0.0073082889962018983 -0.051827954008056711
leaf_weight=3.4929488450288764 8.8789488077163679 4.2429269254207602 5.5919230580329877 3.7187379896640769 4.0311619192361823 146.0607928186655 3.7383505254983893 5.3272344321012497 4.5432454198598853 5.7006361633539191 4.8438643515110007 55.926464647054672 6.1566092967987052 3.654837191104888 16.609170004725456 3.651701256632804 118.07243689894676 5.0715816617012015 3.8242558240890494 6.3650078624486914 4.0376553684473038 4.3438071608543387 4.7166585028171557 44.268407434225082 8.9514154344797117 57.679003655910492 20.990617007017136 4.8635967671871247 3.4798764735460272 20.039254799485207
leaf_count=20 50 20 26 18 21 640 20 24 26 33 28 326 36 21 96 20 683 29 22 37 23 25 27 257 52 334 122 28 20 116
internal_value=-0.000290315 0.119058 -0.045627 -0.0497472 -0.0278303 0.131675 -0.0508624 0.112381 -0.0513124 -0.0501402 -0.0321588 -0.0582537 -0.0459986 -0.0509712 -0.04578 -0.0477336 -0.0530631 -0.0336484 -0.0140036 -0.0497443 -0.0411404 -0.0281614 0.00956373 -0.0563134 -0.0530017 -0.0543219 -0.0523749 -0.0506808 -0.0396947 -0.0462628
internal_weight=592.873 163.214 429.659 418.74 12.9101 150.304 415.021 10.9192 411.283 351.864 15.5437 59.4194 11.0005 336.32 96.5987 92.9438 239.721 14.5965 8.89584 89.2921 38.6587 22.0495 8.75431 50.6334 13.2952 225.125 167.446 146.455 28.3827 24.9029
internal_count=3200 731 2469 2419 71 660 2401 50 2381 2035 90 346 64 1945 558 537 1387 84 51 517 223 127 50 294 77 1303 969 847 164 144
is_linear=0
shrinkage=0.05


Tree=4
num_leaves=31
num_cat=0
split_feature=2 7 0 0 2 10 2 6 0 9 2 9 6 7 7 2 6 10 3 8 6 6 6 2 8 4 8 6 9 7
split_gain=1323.67 44.1172 25.0125 4.85997 4.65393 6.99454 1.56101 3.49575 2.6424 4.76301 2.38328 2.79151 4.44262 2.43776 4.02453 2.03671 5.86007 1.63146 1.35739 1.35071 1.09688 2.25478 1.07254 1.29956 1.60376 2.66551 2.9694 5.65971 2.45175 2.298
threshold=0.070065466139794294 -0.62850744354014199 1.530513257050377 -0.12245127536630955 -0.13049713171448926 0.18400310009189699 -0.41162463686833839 -1.1869673590632133 0.22968832778853629 -0.35760655612334546 -0.60942377085899468 -0.68389673277621854 -0.91222047418000374 -0.75277179100025904 -0.47269822289942459 -0.394431355599552 -0.27114440945251445 -1.1595101845301128 4.9662738841152505 -0.60897765472934229 0.30124493405417258 0.41572280275550993 -0.40851785189411932 -0.56295463213889219 -0.71806882046498621 -0.18521530617143978 -0.33818238156609898 -0.17956211449144452 0.031421552908504229 -0.75277179100025904
decision_type=2 2 2 2 2 2 2 2 2 2 2 2 2 2 2 2 2 2 2 2 2 2 2 2 2 2 2 2 2 2
left_child=2 -2 4 -3 6 -6 10 -8 15 -10 11 12 -1 -14 -15 16 -9 19 -5 -13 -19 -22 -12 -24 -25 26 27 -26 -29 -28
right_child=1 3 -4 18 5 -7 7 8 9 -11 22 17 13 14 -16 -17 -18 20 -20 -21 21 -23 23 24 25 -27 29 28 -30 -31
leaf_value=0.014351569007292203 -0.053798801325298733 0.069260854411881442 0.076397032973924056 0.1228445560870236 -0.051578873827368157 0.021613272849851851 -0.0033481869727207052 -0.06380716480036025 -0.055352300159879311 0.0093121224260846805 -0.058361573447057641 -0.050943536866285083 -0.063369736346403457 -0.00094207492032142486 -0.051921015956911169 -0.054213795401567622 0.021628920589289433 -0.060246063780436843 0.097835884926354727 -0.0078945706826187585 -0.011239039869266228 -0.063266577015065564 -0.058161631998252451 -0.056848211543374216 0.038107027852462255 -0.057922119940464034 -0.025779237230597593 -0.047900158995885067 -0.00093671971327065481 -0.063542393314109963
leaf_weight=4.3690728098154095 3.7081788331270209 4.4920669794082633 3.9704681485891333 157.12279409170151 7.7370265126228315 5.6462098360061646 4.842302754521369 4.7404753416776657 6.0501975566148758 5.3798225373029691 109.33814470469952 3.7817085087299347 7.8142494112253233 6.9890370666980788 8.6790413707494647 58.449442446231842 3.4807795286178571 31.215226963162422 5.6198572665452948 3.5163949131965628 3.7791344672441465 4.6384527832269669 48.468352571129799 31.019034817814827 3.4249572902917889 18.153638005256653 6.5807120800018302 9.3633447885513252 3.9520175307989112 10.387875124812131
leaf_count=24 20 21 19 665 45 31 27 28 36 31 657 22 47 39 52 348 20 187 24 20 22 28 292 187 20 109 39 55 23 62
internal_value=-0.000341899 0.116782 -0.0484976 0.120565 -0.0497019 -0.0207001 -0.0506761 -0.0445723 -0.0471283 -0.0249164 -0.0522809 -0.0444842 -0.0319443 -0.040558 -0.0291809 -0.0509363 -0.0276346 -0.0519261 0.121981 -0.0302015 -0.0559266 -0.0399085 -0.0547033 -0.051658 -0.0478548 -0.0424759 -0.0341574 -0.0192166 -0.0339613 -0.0488972
internal_weight=586.71 170.943 415.767 167.235 411.797 13.3832 398.413 82.943 78.1007 11.43 315.47 74.7823 27.8514 23.4823 15.6681 66.6707 8.22125 46.9309 162.743 7.2981 39.6328 8.41759 240.688 131.35 82.8816 51.8625 33.7089 16.7403 13.3154 16.9686
internal_count=3200 730 2470 710 2451 76 2375 490 463 67 1885 441 162 138 91 396 48 279 689 42 237 50 1444 787 495 308 199 98 78 101
is_linear=0
shrinkage=0.05


Tree=5
num_leaves=31
num_cat=0
split_feature=1 8 7 0 0 3 5 1 1 4 11 4 5 11 9 4 5 9 7 10 5 11 10 0 0 8 4 5 8 7
split_gain=1025.33 110.006 76.8523 11.7613 9.57561 8.04896 7.75236 1.33517 2.09766 2.71748 1.81023 1.36001 4.98041 1.68606 2.92792 1.48034 4.10823 1.20567 3.00389 3.51763 2.51155 2.16323 1.88042 2.36397 1.28296 1.0122 0.914069 1.47913 1.36516 4
threshold=0.10658312137702206 -0.18507988676179435 1.3678203214721592 1.3754348968422161 -0.15263290763279877 0.19160854741304575 -1.0000000180025095e-35 -0.64448539392447113 -0.63184954001899396 -0.46398586055067964 -0.38502760118215218 -0.56250666843031716 -0.28706670737934864 1.0000000180025095e-35 -0.73725475595626 -0.44397878153729137 -0.54006500472546171 1.0000000180025095e-35 0.1359049844254058 -0.20462884119722452 -0.47167620417172978 0.98649928985631286 -1.0772201835772848 -0.41339158057647279 -0.52774684691061624 0.19848317328570522 0.14728197415228403 0.28972254172480144 -0.88230454305299777 -0.61942228297086366
decision_type=2 2 2 2 2 2 2 2 2 2 2 2 2 2 2 2 2 2 2 2 2 2 2 2 2 2 2 2 2 2
left_child=2 6 3 7 -3 -4 -2 -1 9 -9 -11 12 13 -10 -15 -13 -17 26 20 -20 -19 22 23 -22 -23 -6 27 28 29 -18
right_child=1 4 5 -5 25 -7 -8 8 11 10 -12 15 -14 14 -16 16 17 18 19 -21 21 24 -24 -25 -26 -27 -28 -29 -30 -31
leaf_value=-0.056419268397619182 -0.058784358806286324 0.03588644320515201 0.031078996602743991 0.035183654750560199 0.095208304985285028 0.11317349189919867 0.026029676046562356 0.0029551459879704639 -0.057317714334937798 -0.020522012806564814 -0.062465817230542037 -0.05670913826930906 0.0066971742888709013 0.0041459386453738308 -0.050054680312192484 -0.008661346079047668 -0.06298009096179856 -0.014863263880292577 -0.049894432817428364 0.016290526760979206 -0.063153401127596417 -0.004566601015668666 -0.062776750783257451 -0.0033769450201551901 -0.048219353040146948 0.11425652968640974 -0.060634359861365478 -0.023362536881906759 -0.053212469411225885 -0.019160508630681562
leaf_weight=55.638094380497932 10.031293272972105 4.0888457596302024 5.1400087773799878 4.1686159521341315 7.3104820847511283 7.1238623559474945 3.6836148947477332 4.4612006247043601 17.210313454270366 4.6569462269544593 5.7467864602804175 64.316268682479858 4.9889062047004691 3.6838454753160477 7.6993435174226743 6.4166014343500128 9.6247934103012103 5.150593474507331 3.7735159546136856 4.289846405386923 3.2884678244590759 3.425603449344635 27.518962591886524 3.3275489956140474 3.3090977668762198 151.64086645841599 23.277422204613686 5.0529667586088172 107.73498773574829 11.348534315824507
leaf_count=345 60 20 25 21 31 30 20 26 105 28 36 395 30 22 47 39 59 31 23 25 20 21 170 20 20 626 144 31 661 69
internal_value=-0.000382408 0.0999966 -0.0444771 -0.0483515 0.111437 0.0787662 -0.0360046 -0.0492537 -0.0480467 -0.0296916 -0.0436908 -0.0489117 -0.0394004 -0.0474433 -0.0325142 -0.050045 -0.0480747 -0.0492726 -0.042834 -0.0146829 -0.0477665 -0.0519131 -0.0570226 -0.0330886 -0.0260154 0.11338 -0.05149 -0.0498987 -0.0509404 -0.0392696
internal_weight=579.128 176.755 402.373 390.109 163.04 12.2639 13.7149 385.941 330.303 14.8649 10.4037 315.438 33.5824 28.5935 11.3832 281.855 217.539 211.122 54.0836 8.06336 46.0203 40.8697 34.135 6.61602 6.7347 158.951 157.039 133.761 128.708 20.9733
internal_count=3200 757 2443 2388 677 55 80 2367 2022 90 64 1932 204 174 69 1728 1333 1294 330 48 282 251 210 40 41 657 964 820 789 128
is_linear=0
shrinkage=0.05


Tree=6
num_leaves=31
num_cat=0
split_feature=2 1 1 2 0 2 9 6 7 7 1 1 12 3 9 11 0 7 7 7 8 3 3 1 1 0 8 3 6 4
split_gain=1071.34 36.5954 36.5435 2.57439 2.6484 2.45365 2.82173 4.22254 2.47833 4.25522 1.96428 4.23661 4.61692 2.01458 1.89142 1.63132 2.9422 1.35008 1.40089 2.13779 1.70546 2.96572 1.20789 1.13224 2.41618 2.17166 2.00836 3.62417 2.83735 1.87207
threshold=0.070065466139794294 0.90357571935623882 -0.33780423609459781 -0.41162463686833839 0.52374766284961216 -0.60942377085899468 -0.68389673277621854 -0.91222047418000374 -0.75277179100025904 -0.47269822289942459 -0.57051890622880752 -0.64054642533203887 -0.74002698477181994 -0.26108899134453095 -0.41739997224279674 0.98649928985631286 -0.47705382332896401 -1.0144875794354324 -0.42426068045722298 -0.30622062996928706 -0.54493320188529293 -0.33068769449154395 4.9662738841152505 -0.5435585705320255 -0.4685550458876776 -0.8857889604241167 -0.58092304597733169 -0.33273012298608401 -0.12232318014077585 -0.2856482198693906
decision_type=2 2 2 2 2 2 2 2 2 2 2 2 2 2 2 2 2 2 2 2 2 2 2 2 2 2 2 2 2 2
left_child=1 3 -2 5 10 6 7 -1 -9 -10 11 -5 -13 -14 -4 -8 -17 -12 -19 -20 -21 -22 -16 -7 25 29 -27 28 -28 -25
right_child=2 -3 14 4 -6 23 15 8 9 -11 17 12 13 -15 22 16 -18 18 19 20 21 -23 -24 24 -26 26 27 -29 -30 -31
leaf_value=0.015983536400853413 -0.043108394977843564 0.095760847462929621 0.077182029342439881 -0.054163404618160119 -0.0099748339338657527 -0.056917740733356086 -0.054213733220762873 -0.061981556266426041 0.0034794727698830522 -0.050210750296142408 -0.017702302279750906 0.024102401964259147 -0.048679006511432567 -0.0012117255926565942 0.10682487255949938 0.0012797940636146406 -0.062563637844008077 -0.057536961515264773 -0.004681480974386372 -0.062692603559591234 -0.0076374478619774568 -0.06244057513054211 0.083706449647251338 -0.039982494865252793 -0.054050501816167752 -0.058716576275138765 0.025331839744190138 -0.062387069502537223 -0.037311811302782487 0.006121177836662996
leaf_weight=4.3039482384920147 4.2650304883718482 4.4706184566020957 5.8870242387056342 12.307474166154863 6.4972172379493704 98.726512551307678 37.018777087330818 7.3081346303224608 6.6184859424829527 8.3414815515279681 3.3490639775991431 5.0995181351900092 7.1987988650798789 3.2419627904891959 161.64976967871189 3.896384134888649 3.3614361733198157 30.025412157177925 3.4243714213371304 9.4846517145633733 5.324927136301997 4.6022654026746688 5.8546555936336508 4.4544041752815247 92.704385548830032 14.193798884749411 3.368189737200737 5.3916024565696734 3.9012525975704193 4.3542221188545209
leaf_count=24 24 19 25 78 39 634 234 47 38 53 21 30 45 20 657 24 21 188 21 59 32 29 24 28 591 90 20 34 24 27
internal_value=-0.000412174 -0.0464769 0.101481 -0.0481137 -0.0407309 -0.0503576 -0.042234 -0.0293534 -0.0381161 -0.0264575 -0.0431082 -0.032249 -0.0148934 -0.0339399 0.105038 -0.0499642 -0.0282891 -0.048488 -0.0504384 -0.0411051 -0.0475305 -0.0330443 0.106017 -0.052892 -0.0497958 -0.0387361 -0.0458025 -0.031325 -0.00828679 -0.0171928
internal_weight=570.626 392.969 177.656 388.499 90.5557 297.943 70.8486 26.5721 22.2681 14.96 84.0584 27.8478 15.5403 10.4408 173.391 44.2766 7.25782 56.2107 52.8616 22.8362 19.4118 9.92719 167.504 227.094 128.368 35.6635 26.8548 12.661 7.26944 8.80863
internal_count=3200 2470 730 2451 562 1889 441 162 138 91 523 173 95 65 706 279 45 350 329 141 120 61 681 1448 814 223 168 78 44 55
is_linear=0
shrinkage=0.05


Tree=7
num_leaves=31
num_cat=0
split_feature=2 1 1 2 0 2 9 6 7 7 1 1 12 3 9 0 0 1 6 2 9 11 6 0 6 6 2 2 6 7
split_gain=969.88 33.4863 32.2308 2.54541 2.53714 2.42907 2.7423 3.93785 2.42492 4.02271 1.91043 4.07268 4.23341 1.91578 1.72824 1.62449 3.25411 2.0263 1.43015 1.32822 1.64141 1.16371 1.60554 1.98524 3.70154 1.14086 1.40729 1.71337 3.11657 3.06728
threshold=0.070065466139794294 0.90357571935623882 -0.33780423609459781 -0.41162463686833839 0.52374766284961216 -0.60942377085899468 -0.68389673277621854 -0.91222047418000374 -0.75277179100025904 -0.47269822289942459 -0.57051890622880752 -0.64054642533203887 -0.74002698477181994 -0.26108899134453095 -0.41739997224279674 -0.44563268767116926 -0.63741586323299426 -0.51494593986672565 0.30124493405417258 -0.394431355599552 -0.59014474499672498 -0.84220323152830712 -0.47720457311492176 -0.51241578634340867 -0.78629481860853268 -0.40851785189411932 -0.56295463213889219 -0.51418418224812157 -0.30548777006291566 -0.90787791604257673
decision_type=2 2 2 2 2 2 2 2 2 2 2 2 2 2 2 2 2 2 2 2 2 2 2 2 2 2 2 2 2 2
left_child=1 3 -2 5 10 6 7 -1 -9 -10 11 -5 -13 -14 -4 16 18 -18 -8 20 -12 -21 23 24 -23 -7 -27 28 -28 -30
right_child=2 -3 14 4 -6 25 15 8 9 -11 19 12 13 -15 -16 -17 17 -19 -20 21 -22 22 -24 -25 -26 26 27 -29 29 -31
leaf_value=0.015053417978847176 -0.0419076782627502 0.089310812295814113 0.072296086945733931 -0.053241855255327042 -0.0095316323568817082 -0.055922933894078486 -0.05855945856138306 -0.061262572759572378 0.0032990171895416471 -0.049237479282622822 -0.049422546646165043 0.022584218108076769 -0.047666783125440114 -0.001151984968334973 0.099672118707606949 -0.061661114978943693 -0.036328117726965162 0.017697947041381008 -0.025364984234835065 -0.061909238625642619 -0.0010263486637197342 -0.049032879198895096 -0.054221475520274454 -0.053360495365196187 0.022766630842221927 -0.05575979744655446 0.0076297443181533421 -0.051670273272143109 -0.0013476546394315979 -0.047437759186862639
leaf_weight=4.3404175192117718 4.1703020185232154 4.5515630543231955 5.9683993160724631 11.904728829860689 6.4603236168622962 99.623389720916748 15.937092408537866 7.0312221199274108 6.6311554014682814 8.0875286459922702 3.822081133723259 5.1683703064918509 6.9894338846206656 3.2396433204412451 169.20931263267994 15.906774908304213 3.8935640603303909 3.1313429027795818 4.0743545144796363 15.173885360360144 3.2348040640354148 3.674128070473671 19.411335483193401 5.7574672102928108 3.5098792463541031 44.359031930565834 3.582680568099021 39.937029033899307 4.1410434842109671 28.135876178741455
leaf_count=24 24 19 25 78 39 659 104 47 38 53 24 30 45 20 681 104 25 20 26 98 20 23 126 37 22 294 23 261 27 184
internal_value=-0.000436504 -0.0454981 0.095469 -0.047125 -0.0396982 -0.0493968 -0.041215 -0.0284299 -0.0371075 -0.0255684 -0.0420781 -0.0312796 -0.0142993 -0.0329351 0.0987394 -0.0489827 -0.0415234 -0.0122461 -0.051801 -0.0474794 -0.0272382 -0.0504849 -0.0451268 -0.0314853 -0.0139539 -0.0519667 -0.0486865 -0.0445469 -0.0366136 -0.0415245
internal_weight=561.058 381.71 179.348 377.159 88.3461 288.813 69.0335 26.0903 21.7499 14.7187 81.8858 27.3022 15.3974 10.2291 175.178 42.9431 27.0364 7.02491 20.0114 54.5836 7.05689 47.5267 32.3528 12.9415 7.18401 219.779 120.156 75.7966 35.8596 32.2769
internal_count=3200 2470 730 2451 562 1889 441 162 138 91 523 173 95 65 706 279 175 45 130 350 44 306 208 82 45 1448 789 495 234 211
is_linear=0
shrinkage=0.05


Tree=8
num_leaves=31
num_cat=0
split_feature=2 1 1 2 0 2 9 6 9 2 9 1 1 12 3 10 9 1 2 9 10 2 10 1 1 0 10 8 3 6
split_gain=881.763 30.7287 28.6642 2.51609 2.43085 2.40264 2.66555 3.67308 2.11494 2.45458 4.44339 1.85733 3.91498 3.8833 1.82178 1.77957 1.61097 1.5156 1.30012 1.55534 1.21919 1.95634 1.66446 1.17778 2.46238 2.15885 2.9542 2.04083 3.59567 2.64235
threshold=0.070065466139794294 0.90357571935623882 -0.33780423609459781 -0.41162463686833839 0.52374766284961216 -0.60942377085899468 -0.68389673277621854 -0.91222047418000374 -1.1333149585006315 -0.63172094461559769 -0.94524115888533677 -0.57051890622880752 -0.64054642533203887 -0.74002698477181994 -0.26108899134453095 -1.1595101845301128 -0.41739997224279674 -0.50635432523051049 -0.394431355599552 -0.59014474499672498 -0.20462884119722452 -0.14941909135266113 1.0000000180025095e-35 -0.5435585705320255 -0.4685550458876776 -0.8857889604241167 -0.03140796935762389 -0.58092304597733169 -0.33273012298608401 -0.12232318014077585
decision_type=2 2 2 2 2 2 2 2 2 2 2 2 2 2 2 2 2 2 2 2 2 2 2 2 2 2 2 2 2 2
left_child=1 3 -2 5 11 6 7 -1 -9 -10 -11 12 -5 -14 -15 17 -4 -8 19 -13 -20 22 -22 -7 25 26 -25 -27 29 -29
right_child=2 -3 16 4 -6 23 15 8 9 10 -12 18 13 14 -16 -17 -18 -19 20 -21 21 -23 -24 24 -26 27 -28 28 -30 -31
leaf_value=0.014185802070215714 -0.040739556621446849 0.08373167049801078 0.067956103830328032 -0.05235248644577585 -0.0091060449265008975 -0.055321820102131436 0.00071359253481999556 -0.061598445410273123 -0.052983675350334505 0.032033942936973321 -0.037425083580003064 -0.048421864765860086 0.021183968458260954 -0.0466803958747821 -0.0010951505804949414 -0.052511152438378839 0.094253480877512841 -0.047301139641336636 -0.057171251133717654 -0.00097563837204349467 -0.0147184590766794 -0.0065141790265831325 -0.054493302081621592 0.011484025344518712 -0.052272165534588966 -0.057200797251457103 -0.048131282523865011 0.026651247757240544 -0.061061256158751326 -0.034770738639008973
leaf_weight=4.374677628278735 4.0777612030506125 4.610453486442565 6.0303791314363471 11.511627286672594 6.4250678718090048 92.166988849639893 3.1701528877019882 5.8897760808467909 5.5345825552940413 3.6866953969001797 6.1324480473995093 3.7089045941829681 5.2327800691127768 6.7854808121919623 3.2374383211135855 35.060030579566956 169.9666111767292 3.412897214293479 24.491882637143135 3.2328398376703253 3.1942972093820634 3.4760800153017035 14.895411610603331 4.7716981768608093 86.732292711734772 13.256295487284659 3.6813051402568799 3.3280808478593826 5.0250382125377673 3.6950347870588303
leaf_count=24 24 19 25 78 39 634 20 39 36 23 40 24 30 45 20 237 681 22 164 20 21 21 100 31 591 90 24 20 34 24
internal_value=-0.000455164 -0.0445466 0.0903159 -0.046162 -0.0386922 -0.0484621 -0.0402253 -0.0275349 -0.0361264 -0.0263552 -0.011346 -0.0410753 -0.0303394 -0.0137289 -0.0319562 -0.0480323 0.0933524 -0.024179 -0.0464974 -0.0263257 -0.0495377 -0.0408684 -0.0474698 -0.0510673 -0.0478129 -0.0363557 -0.0144786 -0.0436638 -0.0287693 -0.00566438
internal_weight=550.795 370.72 180.075 366.11 86.1918 279.918 67.2613 25.6182 21.2435 15.3537 9.81914 79.7667 26.7673 15.2557 10.0229 41.6431 175.997 6.58305 52.9994 6.94174 46.0577 21.5658 18.0897 212.657 120.49 33.7575 8.453 25.3044 12.0482 7.02312
internal_count=3200 2470 730 2451 562 1889 441 162 138 99 63 523 173 95 65 279 706 42 350 44 306 142 121 1448 814 223 55 168 78 44
is_linear=0
shrinkage=0.05


Tree=9
num_leaves=31
num_cat=0
split_feature=2 1 7 8 2 6 7 2 3 12 2 0 0 5 5 10 10 7 2 2 4 6 1 7 6 2 8 8 6 4
split_gain=804.493 28.2631 26.7069 3.00041 2.48675 2.47209 2.40852 5.2316 4.09741 4.3057 2.38493 2.26554 3.90364 4.70853 5.88701 2.95421 2.15753 1.90182 2.27222 4.97407 1.69016 1.24521 2.21307 2.53639 1.18379 1.45862 1.82156 2.88352 3.67681 3.19308
threshold=0.070065466139794294 0.90357571935623882 -0.62850744354014199 -0.023933338064652712 -0.41162463686833839 -1.1869673590632133 -0.43590381729838895 -0.17749404422749451 -0.29291066560903417 -0.74002698477181994 -0.60942377085899468 -0.094685799658464312 -0.63741586323299426 -0.37641788488831157 -0.47683886479455978 -0.38988710561513429 -0.20462884119722452 -0.86679013174991326 -0.33688123024890454 -0.28745189650929653 -0.30719131028632812 -0.45430899937465424 -0.56671364405920677 -0.42426068045722298 -0.40851785189411932 -0.56295463213889219 -0.71806882046498621 -0.33818238156609898 0.41572280275550993 -0.17165362441276685
decision_type=2 2 2 2 2 2 2 2 2 2 2 2 2 2 2 2 2 2 2 2 2 2 2 2 2 2 2 2 2 2
left_child=1 4 -2 -4 10 -6 17 8 9 -8 11 12 21 14 -14 -15 -11 18 -7 -20 -21 -1 -23 -24 -12 -26 -27 28 29 -28
right_child=2 -3 3 -5 5 6 7 -9 -10 16 24 -13 13 15 -16 -17 -18 -19 19 20 -22 22 23 -25 25 26 27 -29 -30 -31
leaf_value=-0.057110972673582366 -0.052374643540452327 0.078843722028922564 0.052811947107010475 0.089719701728664003 -0.0038430767689632871 -0.054668226767420572 0.022564679434659635 0.014172114556466338 -0.06086526857052648 -0.060785842273648798 -0.054376649133542267 -0.05534873626529746 -0.026919373724075296 -0.011474180478863436 0.059307007874010914 -0.060936963040329667 -0.011985542767953931 -0.054441931664611677 0.033702277873470306 -0.061394451612133416 -0.012844894485192894 -0.060663761787247909 0.00024764136358370448 -0.04976174468237033 -0.054218854905935532 -0.052783030940940182 0.0021836783576620468 -0.049222313427555342 -0.060429094411954203 -0.043132263561608992
leaf_weight=12.965184092521669 3.4281837791204444 4.6503403484821311 5.6900083869695655 170.85600990056992 5.0632541030645362 7.6997286975383785 4.1077300161123302 5.7355131506919852 11.376905798912048 5.0817583501338977 92.974039062857628 16.387049838900566 4.2811104357242584 5.9482210278511056 3.6819574981927898 6.1294126808643314 4.0860313326120359 30.393415361642838 3.1476461142301568 4.3411170542240152 3.0536668002605403 5.9134365767240551 5.6360816657543209 4.6086871325969652 41.414122015237808 26.596589878201485 11.738877117633821 21.894385725259781 5.2747675627470008 5.8118766993284252
leaf_count=89 20 19 25 685 31 52 26 35 78 35 659 110 28 39 23 42 28 207 21 29 20 41 37 32 294 188 77 152 37 41
internal_value=-0.000469432 -0.0436219 0.0858462 0.0885302 -0.0452246 -0.037712 -0.0398821 -0.028839 -0.0388457 -0.0199753 -0.0475534 -0.0392482 -0.0338817 -0.0168975 0.0129499 -0.0365766 -0.0390358 -0.046782 -0.0340197 -0.0189389 -0.041346 -0.0455691 -0.036308 -0.0222495 -0.0502 -0.0467554 -0.0424213 -0.0362587 -0.023824 -0.0128226
internal_weight=539.967 359.993 179.974 176.546 355.343 84.0868 79.0235 30.3879 24.6524 13.2755 271.256 65.5511 49.1641 20.0407 7.96307 12.0776 9.16779 48.6356 18.2422 10.5424 7.39478 29.1234 16.1582 10.2448 205.705 112.731 71.3165 44.7199 22.8255 17.5508
internal_count=3200 2470 730 710 2451 562 531 202 167 89 1889 441 331 132 51 81 63 329 122 70 49 199 110 69 1448 789 495 307 155 118
is_linear=0
shrinkage=0.05


Tree=10
num_leaves=31
num_cat=0
split_feature=2 6 7 7 8 2 2 9 4 4 11 6 7 2 10 2 8 7 9 2 9 0 0 7 6 6 2 8 4 8
split_gain=736.103 24.363 24.0825 8.14568 2.85553 2.23672 2.45576 2.50632 3.52396 3.82259 4.16767 2.44841 1.91751 3.2048 3.82818 2.54825 2.45411 1.87652 2.99949 3.98783 6.37627 1.74318 3.28373 1.88356 1.58686 1.34223 1.4285 1.73847 2.92805 2.9979
threshold=0.070065466139794294 0.90797763817126076 -0.62850744354014199 1.4184504217539498 -0.023933338064652712 -0.41162463686833839 -0.60942377085899468 -0.68389673277621854 -0.34346383809702669 -0.44397878153729137 -0.38502760118215218 -1.1869673590632133 -0.43590381729838895 -0.24313270829991371 0.18400310009189699 -0.37457931010610374 -0.66645901407894448 -0.86679013174991326 -0.73725475595626 -0.33688123024890454 -0.011572574667395821 -0.44563268767116926 -0.63741586323299426 -0.63945649945877059 0.30124493405417258 -0.40851785189411932 -0.56295463213889219 -0.71806882046498621 -0.18521530617143978 -0.33818238156609898
decision_type=2 2 2 2 2 2 2 2 2 2 2 2 2 2 2 2 2 2 2 2 2 2 2 2 2 2 2 2 2 2
left_child=1 3 -2 5 -4 6 7 8 9 10 -1 -7 17 15 -15 16 -14 18 -13 -20 -21 22 24 -24 -9 -8 -27 -28 29 -29
right_child=2 -3 4 -5 -6 11 25 21 -10 -11 -12 12 13 14 -16 -17 -18 -19 19 20 -22 -23 23 -25 -26 26 27 28 -30 -31
leaf_value=-0.061569081597990384 -0.051178343757813806 0.10701618136944871 0.049749785822170267 0.037952499715719672 0.085615134700809753 -0.0036593762545005545 -0.054148906877434191 -0.056576262036853134 -0.043226941110609519 0.038443076373237989 0.010988873666769585 -0.060475389858469022 0.016165137688193613 -0.029341993523343719 0.037088916929112106 -0.053056678707724084 -0.045885789743315308 -0.053624044733039777 -0.050893788051236538 0.055308189084396331 -0.044806932479484064 -0.060032575946800774 0.021155865441358487 -0.032629286270195339 -0.01961899239330037 -0.05343090362269013 -0.051925539673814192 -0.010375053558376037 -0.053418168802346427 -0.042603943484445982
leaf_weight=3.8809932619333267 3.3352771699428549 2.6957648843526831 5.7369495332241049 3.01464058458805 170.11138913035393 5.0518566668033591 89.082715198397636 14.422909542918207 13.447187170386313 3.4577487260103243 4.0384486466646194 6.4014299809932735 3.194791242480278 6.0596209764480573 3.3773806989192963 13.690741106867792 3.1790455430746105 29.34089694917202 5.0609508007764825 3.4032858759164819 2.9856353700160945 14.409042954444883 3.0228639543056488 3.5270408689975765 3.6369789540767661 39.799762532114983 25.523933902382851 14.694893479347227 15.022412195801737 14.176391527056692
leaf_count=26 20 11 25 16 685 31 655 104 90 22 25 45 21 41 20 97 21 207 35 22 20 104 20 24 25 293 187 98 109 101
internal_value=-0.000481227 -0.0427154 0.0819206 -0.043879 0.084445 -0.0445964 -0.0468482 -0.0383192 -0.025899 -0.00541827 -0.0245688 -0.0373753 -0.0395961 -0.0295968 -0.00556723 -0.0408986 -0.0147837 -0.0458471 -0.0330647 -0.0177398 0.00852294 -0.0462211 -0.0381345 -0.00780676 -0.0491336 -0.0495941 -0.045879 -0.0415492 -0.0355154 -0.0262001
internal_weight=528.783 349.599 179.184 346.904 175.848 343.889 262.143 63.8432 24.8244 11.3772 7.91944 81.7456 76.6938 29.5016 9.437 20.0646 6.37384 47.1922 17.8513 11.4499 6.38892 39.0188 24.6098 6.5499 18.0599 198.3 109.217 69.4176 43.8937 28.8713
internal_count=3200 2470 730 2459 710 2443 1883 440 163 73 51 560 529 200 61 139 42 329 122 77 42 277 173 44 129 1443 788 495 308 199
is_linear=0
shrinkage=0.05


Tree=11
num_leaves=31
num_cat=0
split_feature=2 1 1 2 10 8 4 5 7 6 2 1 6 6 10 1 5 4 4 7 8 6 11 6 10 11 8 4 7 8
split_gain=675.204 24.7492 22.5985 3.9426 6.31211 2.1348 1.57493 1.59989 1.99069 1.5502 5.28229 1.64426 2.17028 3.48834 5.29943 2.13395 1.98202 1.86271 3.07186 3.15798 1.41966 1.65978 2.72332 4.15995 1.88033 1.51351 1.05723 1.70885 3.69522 1.06134
threshold=0.070065466139794294 1.4244312102128338 -0.38189703659713015 -0.13049713171448926 -0.12040618615501958 -0.078643949034813684 0.099369598729839012 0.22119224682757102 -0.63945649945877059 -1.1869673590632133 -0.39804270866968167 -0.64448539392447113 0.083736983521631461 0.15242370474243391 0.047850054853569968 -0.61692712644205228 -0.33389702855296027 -0.58698813852144871 -0.62050816202769388 -0.66566082349714006 0.44619769500960715 0.40427501588537623 1.0000000180025095e-35 0.28979714718403882 -0.60729841634142456 -1.2993788618744622 -0.88230454305299777 -0.36261441544348011 -0.4989425694691581 -0.66165567355528532
decision_type=2 2 2 2 2 2 2 2 2 2 2 2 2 2 2 2 2 2 2 2 2 2 2 2 2 2 2 2 2 2
left_child=1 3 -2 6 -5 -4 7 9 -9 10 -1 -11 17 14 -14 16 -15 18 -13 -20 21 22 25 24 -24 -17 27 -19 -29 -28
right_child=2 -3 5 4 -6 -7 -8 8 -10 11 -12 12 13 15 -16 20 -18 26 19 -21 -22 -23 23 -25 -26 -27 29 28 -30 -31
leaf_value=-0.045071422241784398 -0.04948760659584768 0.095801420357450873 0.048584313481599903 -0.053391560352246251 0.019151470192177372 0.081876204476132738 -0.054065416805024857 -0.046234673812755846 0.0049614046556042853 -0.054082490041610615 0.028102767049819666 -0.059764636430543708 0.025274260121342332 0.014903251939188795 -0.06020902982811404 -0.024421778125931784 -0.042338875795673164 -0.051638769787056032 -0.036430824633903673 0.029259225837030084 -0.0074750337460870635 -0.052702731640362904 -0.0078853449321756291 0.022718850774196876 -0.05982021938112364 -0.060158388124890806 -0.056857925043083485 -0.047111859818804017 0.0070315694258954219 -0.046557985934612169
leaf_weight=9.8996894359588605 3.3860765546560279 3.2352644801139823 4.9561100453138343 5.6736254543066025 6.3600637018680555 169.45271018147469 35.946070291101933 3.7517038434743881 3.8444730043411246 37.69803723692894 3.2845897674560538 4.4673669785261154 5.2173301875591269 3.2949337959289551 2.7786158174276352 4.1861730068922034 2.7950170934200278 12.503235846757891 4.1221041232347488 3.2896816432476026 2.7507421374320975 28.135908707976341 2.8420892357826233 4.1851904541254044 4.5060424208641034 10.137886404991152 35.245654419064522 8.0253725200891477 5.1887357980012885 86.127289243042469
leaf_count=72 21 13 21 39 37 688 269 28 28 285 20 33 36 23 20 30 20 93 29 22 19 207 20 29 33 74 262 60 37 632
internal_value=-0.000489979 -0.0418295 0.0784464 -0.0431537 -0.015051 0.0809302 -0.0441968 -0.0429662 -0.020324 -0.043579 -0.0268416 -0.0444039 -0.0428162 -0.0355367 -0.00443145 -0.039495 -0.0113683 -0.0460596 -0.0270144 -0.00727465 -0.0425136 -0.0442987 -0.0351541 -0.0170706 -0.039733 -0.0497144 -0.0475977 -0.0383888 -0.0258516 -0.049549
internal_weight=517.288 339.493 177.795 336.258 12.0337 174.409 324.224 288.278 7.59618 280.682 13.1843 267.497 229.799 70.8299 7.99595 62.834 6.08995 158.969 11.8792 7.41179 56.744 53.9933 25.8574 11.5333 7.34813 14.3241 147.09 25.7173 13.2141 121.373
internal_count=3200 2470 730 2457 76 709 2381 2112 56 2056 92 1964 1679 511 56 455 43 1168 84 51 412 393 186 82 53 104 1084 190 97 894
is_linear=0
shrinkage=0.05


Tree=12
num_leaves=31
num_cat=0
split_feature=1 8 6 0 0 4 10 1 1 0 0 3 4 5 6 4 5 6 5 8 8 6 6 8 0 9 1 12 5 5
split_gain=543.394 55.0504 42.2828 12.9091 9.23564 2.64766 2.09467 1.95999 2.31631 3.09492 3.11314 2.54176 1.73954 4.93094 2.85751 1.77167 4.47155 2.14618 2.40106 4.34805 2.2268 2.5533 4.25243 5.61089 2.59218 3.85597 2.42676 1.57075 1.33963 1.33265
threshold=0.10658312137702206 -0.45854361067295429 0.7934997694699234 1.5573656483092535 -0.39674024381204592 0.88607823581275535 -0.52924818490925685 -0.64448539392447113 -0.63184954001899396 -0.76040882525767406 -0.51871396013762172 -0.3121644886653262 -0.56250666843031716 -0.28706670737934864 -0.94656383479040496 -0.44397878153729137 -0.54006500472546171 -0.70616031051759642 -0.47167620417172978 -0.27746803814188586 -0.31529459020250356 0.3584838684048412 0.083736983521631461 -0.54493320188529293 -0.55968212710101473 -0.32181911390897716 -0.040533503198712122 -0.74002698477181994 -0.58021129192019882 0.22119224682757102
decision_type=2 2 2 2 2 2 2 2 2 2 2 2 2 2 2 2 2 2 2 2 2 2 2 2 2 2 2 2 2 2
left_child=2 -2 3 5 -3 7 -6 -1 9 -9 -11 -12 13 14 -10 -14 -17 -18 19 27 21 22 29 24 -24 -26 -22 -19 -16 -20
right_child=1 4 -4 -5 6 -7 -8 8 12 10 11 -13 15 -15 28 16 17 18 20 -21 26 -23 23 -25 25 -27 -28 -29 -30 -31
leaf_value=-0.052235338696928146 -0.055719040224752041 -0.00033128329878445538 0.084542961127913471 0.047164689993203626 0.052637847034007423 0.0049685331380532613 0.079814571583939106 -0.060056323098793801 -0.0018382234632152166 0.036968959569408343 -0.059098954071294854 0.0070837135056220513 -0.051355773443001664 0.018589779543659434 -0.020553766673460899 0.0036209861741766953 -0.051292002780498391 -0.0046512884023511602 -0.041530755734639858 0.031952024141863031 -0.054865485834930429 -0.053525412063461397 -0.049841923911764334 0.052178919498775046 -0.042589878385791889 0.038818649669225394 -0.0039785921935500748 -0.051073714416408449 -0.053592264176356146 -0.012036725815651336
leaf_weight=44.250198006629944 8.2232075035572034 3.7939243465661994 6.8599492609500876 4.1082912981510153 7.4276179373264304 2.9681034684181204 156.09438323229551 3.4181758761405936 4.2253842502832475 3.0385945737361899 2.8575123697519293 2.9467737376689911 52.908622242510319 4.3801698833703986 3.808191314339644 5.4580312073230735 48.304828241467476 2.6770108714699736 41.83467610925436 3.2400697916746131 33.691951707005501 16.797197014093399 5.1867137253284445 3.0829442888498297 2.863138034939765 2.9566390514373779 2.5180071741342536 5.7064435929059973 15.790057212114329 4.2158447355031958
leaf_count=345 59 22 28 19 33 19 643 25 30 21 22 21 401 30 28 39 365 19 317 23 257 127 39 21 21 20 15 42 117 32
internal_value=-0.000495698 0.0705833 -0.0382945 -0.0409015 0.0767908 -0.0420352 0.0785801 -0.0424765 -0.0408883 -0.0196518 -0.00403355 -0.0254987 -0.0418912 -0.0301675 -0.0391319 -0.0433198 -0.0409384 -0.0423436 -0.0388792 -0.0172387 -0.0411023 -0.0362902 -0.0314764 -0.00743955 -0.0241388 -0.00123166 -0.0513269 -0.0362501 -0.0471725 -0.0388306
internal_weight=505.633 175.539 330.094 323.234 167.316 319.125 163.522 316.157 271.907 12.2611 8.84288 5.80429 259.646 28.2038 23.8236 231.442 178.533 173.075 124.771 11.6235 113.147 76.9372 60.14 14.0894 11.0065 5.81978 36.21 8.38345 19.5982 46.0505
internal_count=3200 757 2443 2415 698 2396 676 2377 2032 89 64 43 1943 205 175 1738 1337 1298 933 84 849 577 450 101 80 41 272 61 145 349
is_linear=0
shrinkage=0.05


Tree=13
num_leaves=31
num_cat=0
split_feature=2 1 1 2 2 9 6 6 9 9 5 10 9 0 9 8 0 2 2 1 1 1 0 5 8 4 6 6 0 0
split_gain=573.303 29.578 10.4481 2.31706 2.49022 2.74124 3.61047 2.41275 2.26337 2.54683 2.77673 1.89597 1.89389 1.76622 4.26033 1.97141 2.34544 3.55418 3.62574 1.54642 1.36201 2.74709 2.29006 3.81897 2.21167 3.62685 3.54131 1.57222 2.85091 3.27514
threshold=1.0000000180025095e-35 -0.33780423609459781 0.90357571935623882 -0.41162463686833839 -0.60942377085899468 -0.68389673277621854 -0.91222047418000374 -1.1869673590632133 -1.1333149585006315 -1.0486088130242492 -0.38097406555319907 -1.1595101845301128 -0.41739997224279674 0.22968832778853629 -0.35760655612334546 -0.12580321063142977 -0.31972500761071804 -0.13049713171448926 -0.394431355599552 -0.50635432523051049 -0.5435585705320255 -0.4685550458876776 -0.8857889604241167 -0.28073704901623436 -0.58092304597733169 -0.20502727244929961 -0.15666654075117706 -0.030740885179705944 -0.54441139285864371 -0.13038631918653584
decision_type=2 2 2 2 2 2 2 2 2 2 2 2 2 2 2 2 2 2 2 2 2 2 2 2 2 2 2 2 2 2
left_child=2 -2 3 4 5 6 -1 -5 -8 -10 -11 19 -3 15 -15 16 17 18 -9 -7 -6 22 23 -22 -24 26 -26 -23 -29 -30
right_child=1 12 -4 7 20 11 8 13 9 10 -12 -13 -14 14 -16 -17 -18 -19 -20 -21 21 27 24 -25 25 -27 -28 28 29 -31
leaf_value=0.020619872429791394 -0.038520833632325634 0.047738379985692476 0.054204864299373504 0.0003919240372668575 -0.052066307195181606 0.0080599813556701209 -0.059445612114600713 0.007823161081891879 0.019311481083396101 0.0004087538566656774 -0.052183319468544757 -0.048942636234967106 0.076021048841624458 -0.049696727737752924 0.014941716916575054 -0.059065420951438199 -0.055001027686954355 0.016806651473567882 -0.041173883713020352 -0.043163958632212673 -0.04500146705360622 -0.053523938680720154 -0.054064279737731841 0.026633386873595434 0.042137953990186203 -0.059011275793506027 -0.032173088952828909 -0.054613711267530653 0.0039791188806936016 -0.049423010916084524
leaf_weight=4.1227101534605053 5.9343493059277526 6.1378612071275702 2.8593488782644263 4.7641402035951605 78.106951668858528 2.9032773226499557 5.1099493727088019 4.3734981864690736 3.1121374741196677 4.0585422217845943 6.5768071785569076 30.123981893062592 166.0614775121212 5.0733513236045837 5.12364264577627 10.789861477911471 11.520888328552251 3.7774045988917342 27.62262474745512 2.9916612282395354 3.4603051096200943 49.73758664727211 11.171772062778476 4.0243235975503948 2.9031634330749512 4.0935155227780307 3.5805472955107689 12.390960372984411 6.3625632300972939 5.2321542873978597
leaf_count=24 39 26 12 30 634 20 39 31 22 28 49 237 691 38 34 84 88 25 213 22 26 401 90 29 20 32 26 99 50 41
internal_value=-0.00049958 0.0712307 -0.0409391 -0.0418079 -0.0441806 -0.0352594 -0.0217664 -0.0340104 -0.0310331 -0.0204722 -0.0321137 -0.043868 0.0750129 -0.0364107 -0.0172181 -0.0397801 -0.0353803 -0.0290615 -0.0344766 -0.017936 -0.0470875 -0.0433103 -0.0303404 -0.00648495 -0.0385499 -0.0221634 0.00110062 -0.0484534 -0.0379388 -0.0201188
internal_weight=494.101 178.134 315.968 313.108 240.063 58.9991 22.9801 73.0454 18.8574 13.7475 10.6353 36.0189 172.199 68.2813 10.197 58.0843 47.2944 35.7735 31.9961 5.89494 181.064 102.957 29.2336 7.48463 21.749 10.5772 6.48371 73.7233 23.9857 11.5947
internal_count=3200 756 2444 2432 1889 441 162 543 138 99 77 279 717 513 72 441 357 269 244 42 1448 814 223 55 168 78 46 591 190 91
is_linear=0
shrinkage=0.05


Tree=14
num_leaves=31
num_cat=0
split_feature=2 1 1 2 2 0 0 5 5 5 6 7 2 3 5 7 2 2 8 4 11 8 1 1 0 5 8 3 6 0
split_gain=528.771 27.0623 9.6843 2.28948 2.47023 2.39312 3.95688 4.02832 5.65555 3.16689 2.29066 1.87486 4.43252 4.37938 4.35071 2.13027 2.55907 4.49788 1.66083 1.46795 1.37843 1.37137 1.36462 2.7056 2.21256 3.01865 2.62126 3.46769 1.57254 2.79339
threshold=1.0000000180025095e-35 -0.33780423609459781 0.90357571935623882 -0.41162463686833839 -0.60942377085899468 -0.094685799658464312 -0.71960605270088973 -0.37970945884205903 -0.47683886479455978 -0.13638011912902584 -1.1869673590632133 -0.43590381729838895 -0.17749404422749451 -0.29291066560903417 -0.35013365661049528 -0.86679013174991326 -0.33688123024890454 -0.28745189650929653 -0.078643949034813684 -0.3583857906035775 1.0000000180025095e-35 -0.41111387236349112 -0.5435585705320255 -0.4685550458876776 -0.76040882525767406 -0.30155381090757954 -0.58092304597733169 -0.33273012298608401 -0.030740885179705944 -0.54441139285864371
decision_type=2 2 2 2 2 2 2 2 2 2 2 2 2 2 2 2 2 2 2 2 2 2 2 2 2 2 2 2 2 2
left_child=2 -2 3 4 5 6 20 8 -8 -9 -5 15 13 14 -13 16 -12 -18 -3 -19 -1 -22 -6 24 25 -24 -26 -28 -25 -30
right_child=1 18 -4 10 22 -7 7 9 -10 -11 11 12 -14 -15 -16 -17 17 19 -20 -21 21 -23 23 28 26 -27 27 -29 29 -31
leaf_value=-0.054741596418084952 -0.037461176677516625 0.0433852943284294 0.051513645807292424 0.00037223875428062618 -0.051394073633464092 -0.052236684070280426 -0.026792450596803182 -0.052413949121669912 0.053489590508819733 -0.0011139680391894404 -0.051202370970174486 -0.034403044570410789 0.023913078499578952 -0.05864327063672941 0.030319733257388744 -0.050980416784869725 0.040330161768767234 -0.059486610593372138 0.073212926677287501 -0.0099110491681320152 -0.04346800421607705 -0.0051452340037462163 -0.039011687973189789 -0.052883238214841956 -0.058062185486980535 0.015312967120764492 0.0054181508567792153 -0.058457701303343539 -0.053994763349055598 -0.019401197681112311
leaf_weight=12.051040381193159 5.8005444109439841 4.8028625696897498 2.8583044260740271 4.7652591019868842 75.244887322187424 14.137616343796251 4.4450665712356567 7.3475486189126968 4.3312216773629206 5.0942211374640483 6.5601833015680304 7.979227967560294 3.9385417252778998 9.718206949532032 3.8489533737301835 25.59240385144949 2.9595214799046508 3.0289975032210341 164.82995533943176 2.9449721202254295 6.5136535316705704 3.6383799314498884 4.9362224042415619 47.870565943419933 9.530341677367689 5.3057706356048602 5.2855073064565659 3.5530519932508451 11.918340198695661 11.433873519301413
leaf_count=96 39 20 12 30 634 110 32 57 29 38 52 61 25 78 28 204 21 23 697 21 52 27 38 401 80 39 37 29 99 91
internal_value=-0.000502694 0.068737 -0.040091 -0.0409524 -0.0433553 -0.0343694 -0.0285519 -0.0131118 0.0128279 -0.0314094 -0.0331162 -0.0355133 -0.0248592 -0.0337745 -0.0133419 -0.0421219 -0.0274894 -0.0100761 0.0723684 -0.0350475 -0.043307 -0.0297335 -0.0463095 -0.0424772 -0.0294902 -0.0108693 -0.0398727 -0.0202596 -0.0476941 -0.0370568
internal_weight=482.265 175.433 306.832 303.974 232.637 57.5587 43.4211 21.2181 8.77629 12.4418 71.3363 66.571 25.4849 21.5464 11.8282 41.0861 15.4937 8.93349 169.633 5.97397 22.2031 10.152 175.079 99.8337 28.6109 10.242 18.3689 8.83856 71.2228 23.3522
internal_count=3200 756 2444 2432 1889 441 331 156 61 95 543 513 192 167 89 321 117 65 717 44 175 79 1448 814 223 77 146 66 591 190
is_linear=0
shrinkage=0.05


Tree=15
num_leaves=31
num_cat=0
split_feature=2 7 1 1 2 2 9 7 2 0 6 0 11 7 2 7 9 2 5 5 2 0 1 1 0 5 8 4 6 0
split_gain=488.327 25.593 8.98063 8.28972 2.25552 2.45331 2.72607 3.74013 4.91802 4.98517 2.17489 1.93158 3.31414 1.81727 4.10492 2.09487 3.23354 4.15954 2.05192 1.8839 2.65305 1.7774 1.36828 2.66609 2.12088 2.79326 2.58295 3.03085 1.57422 2.73875
threshold=1.0000000180025095e-35 -0.64357903728272348 0.90357571935623882 -0.31932271082224306 -0.41162463686833839 -0.60942377085899468 -0.68389673277621854 -0.75277179100025904 -0.6330373796394495 -0.57919804065690472 -1.1869673590632133 -0.44563268767116926 0.98649928985631286 -0.43590381729838895 -0.17749404422749451 -0.86679013174991326 -0.73725475595626 -0.33688123024890454 -0.13964442124469237 -0.22545599473519681 -0.37457931010610374 -0.59445848542571766 -0.5435585705320255 -0.4685550458876776 -0.76040882525767406 -0.30155381090757954 -0.58092304597733169 -0.20502727244929961 -0.030740885179705944 -0.54441139285864371
decision_type=2 2 2 2 2 2 2 2 2 2 2 2 2 2 2 2 2 2 2 2 2 2 2 2 2 2 2 2 2 2
left_child=2 -2 4 -3 5 6 7 -1 -9 -10 -6 12 21 15 18 16 -12 -18 19 20 -15 -8 -7 24 25 -24 -26 -28 -25 -30
right_child=1 3 -4 -5 10 22 11 8 9 -11 13 -13 -14 14 -16 -17 17 -19 -20 -21 -22 -23 23 28 26 -27 27 -29 29 -31
leaf_value=-0.051405026650706967 -0.0623849446475013 -0.0092874638096319389 0.04901443527356239 0.070904794062635945 0.00035354494556899259 -0.050738343641886091 -0.050829177087307768 -0.043101610093337156 -0.025325138574738039 0.046638926046504388 -0.058417399299339513 -0.058132907882188938 0.011015390864095807 0.0027117232344169412 0.022410211928710226 -0.05025846142007933 -0.046913923799998369 0.018336852639381281 -0.058261107921297989 0.014825595792684622 -0.046846447359430277 -0.014382056732856301 -0.038104232608452179 -0.05226173522113238 -0.057607986659792471 0.014396163799735594 0.0029716413886787122 -0.058169744182623689 -0.05339742793639516 -0.018691613864855995
leaf_weight=6.5816151797771481 3.7697374522685996 3.2867066189646712 2.8539451360702506 165.38419012725353 4.766321823000907 72.476809084415436 13.765411585569383 5.7557225003838548 4.2785285264253616 5.5001352131366694 5.2481055334210387 12.364142052829264 3.5225722789764395 3.9251121655106571 3.991130828857421 24.68511151522398 4.3068590611219397 5.6418085396289817 5.782752290368081 2.6742869988083848 8.6563336551189405 4.4188052564859417 4.8044694736599922 46.063727594912052 9.1352035403251666 5.3600376620888728 5.501791775226593 3.2092020213603956 11.460693269968035 11.278571650385855
leaf_count=53 26 20 12 710 30 634 116 42 31 36 43 104 26 28 25 204 35 39 48 20 71 33 38 401 80 39 39 27 99 91
internal_value=-0.000504951 0.0664625 -0.0392551 0.0693422 -0.0401086 -0.0425384 -0.0334854 -0.0198156 -0.00643185 0.015152 -0.0322459 -0.0423586 -0.0333736 -0.0346396 -0.0240792 -0.0412672 -0.0266622 -0.00991074 -0.0328986 -0.0232848 -0.0313855 -0.0419724 -0.0455431 -0.0416537 -0.0286496 -0.0104193 -0.039033 -0.0195533 -0.0469479 -0.0361835
internal_weight=470.45 172.441 298.009 168.671 295.155 225.477 56.1869 22.116 15.5344 9.77866 69.6778 34.0709 21.7068 64.9115 25.0296 39.8819 15.1968 9.94867 21.0385 15.2557 12.5814 18.1842 169.291 96.8137 28.0107 10.1645 17.8462 8.71099 68.803 22.7393
internal_count=3200 756 2444 730 2432 1889 441 162 109 67 543 279 175 513 192 321 117 74 167 119 99 149 1448 814 223 77 146 66 591 190
is_linear=0
shrinkage=0.05


Tree=16
num_leaves=31
num_cat=0
split_feature=2 1 1 2 2 0 0 5 5 5 6 5 5 5 10 1 8 12 8 3 5 8 11 1 1 0 3 8 8 3
split_gain=451.606 22.9099 8.33207 2.22086 2.43033 2.38086 3.74751 3.71589 4.88674 3.07749 2.06438 1.79694 1.7146 3.83001 3.98262 1.87204 2.21292 2.95878 4.78557 1.65319 2.58021 1.63735 1.383 1.37179 2.62613 2.03132 2.62842 3.08767 2.54623 3.25569
threshold=1.0000000180025095e-35 -0.33780423609459781 0.90357571935623882 -0.41162463686833839 -0.60942377085899468 -0.094685799658464312 -0.71960605270088973 -0.37970945884205903 -0.47683886479455978 -0.13638011912902584 -1.1869673590632133 0.22119224682757102 -0.12270695266526256 -0.19638726556517552 -0.015301769335839642 -0.45787841992707229 -0.12580321063142977 -0.74002698477181994 -0.71313854123929354 -0.26108899134453095 -0.5238446889404057 -0.078643949034813684 1.0000000180025095e-35 -0.5435585705320255 -0.4685550458876776 -0.76040882525767406 -0.41845615748995096 -0.60183177879942662 -0.58092304597733169 -0.33273012298608401
decision_type=2 2 2 2 2 2 2 2 2 2 2 2 2 2 2 2 2 2 2 2 2 2 2 2 2 2 2 2 2 2
left_child=2 -2 3 4 5 6 22 8 -8 -9 -5 12 13 15 -15 16 17 18 -12 20 -19 -3 -1 -6 25 26 -25 -28 -27 -30
right_child=1 21 -4 10 23 -7 7 9 -10 -11 11 -13 -14 14 -16 -17 -18 19 -20 -21 -22 -23 -24 24 -26 28 27 -29 29 -31
leaf_value=-0.053610456973401867 -0.035552574993237038 0.038887229872075081 0.046683805782045451 0.00033579498291911707 -0.050096916088542665 -0.0510640384613162 -0.024976102477604775 -0.051328774350476884 0.049898284998561276 0.00013068472938326583 -0.04214554078427013 0.0032404812966823114 -0.053667084438629775 0.040405532506236068 -0.033470311998839181 -0.05013535797708836 -0.058094727811342443 -4.0242635406755754e-05 0.042839519135949154 0.0015574209690568238 -0.058129035162055004 0.068656194919146096 -0.027830418561284809 -0.044546944102741085 -0.046213744483982654 -0.057182610720258001 0.049266114814422099 -0.020402164015152924 0.0055312604720958343 -0.057710695942240299
leaf_weight=11.219830855727194 5.5446692258119574 4.7574251890182486 2.8467787504196158 4.7673312127590171 69.80250746011734 13.272878699004648 4.2764842808246613 6.9322615414857864 4.4434217512607592 5.0016626194119471 2.9377386793494225 3.115966670215129 10.878339901566504 3.4777334481477737 3.8372676968574586 17.347165994346142 5.0807216987013772 2.5301525592803937 3.7981210947036734 2.475246503949168 7.8202220052480698 158.83727419376373 9.6998059153556806 3.5600987672805786 66.465120680630207 8.7526765093207377 2.7421040311455727 3.7864756062626856 5.2759047746658325 3.3129003718495351
leaf_count=96 39 20 12 30 634 110 32 57 29 38 23 24 92 26 30 143 43 20 26 20 66 697 79 29 591 80 20 28 37 29
internal_value=-0.000506153 0.0644027 -0.0384346 -0.03928 -0.0417363 -0.0326271 -0.0267409 -0.0116328 0.0131778 -0.0297614 -0.0313934 -0.0337831 -0.0357 -0.0317358 0.0016521 -0.0375524 -0.0286945 -0.0210583 0.00577463 -0.0351506 -0.0439292 0.0677905 -0.041657 -0.0447883 -0.0408419 -0.0278255 -0.00998654 0.00885959 -0.0382037 -0.0188626
internal_weight=458.596 169.139 289.457 286.61 218.544 54.8463 41.5735 20.6538 8.71991 11.9339 68.066 63.2987 60.1827 49.3044 7.315 41.9894 24.6422 19.5615 6.73586 12.8256 10.3504 163.595 20.9196 163.698 93.8953 27.4302 10.0887 6.52858 17.3415 8.58881
internal_count=3200 756 2444 2432 1889 441 331 156 61 95 543 513 489 397 56 341 198 155 49 106 86 717 175 1448 814 223 77 48 146 66
is_linear=0
shrinkage=0.05


Tree=17
num_leaves=31
num_cat=0
split_feature=2 6 8 0 9 2 2 9 9 4 3 6 9 2 0 2 10 10 3 2 9 0 6 11 6 2 8 4 8 6
split_gain=417.918 16.3157 12.1486 3.93355 3.79277 1.81475 2.37626 2.61879 3.62616 3.51102 5.86662 2.01191 2.25919 2.87834 2.16987 2.36265 1.94948 1.8839 1.71623 1.61604 1.50815 4.57817 1.38171 3.28269 1.35412 1.75501 2.01826 3.41488 3.31932 6.09238
threshold=0.070065466139794294 0.90797763817126076 -0.41111387236349112 1.3754348968422161 -0.50909210862769505 -0.41162463686833839 -0.60942377085899468 -0.68389673277621854 -1.1536718034416982 -0.34346383809702669 -0.40010259392201758 -1.0152505560112075 -0.79602590912834914 -0.394431355599552 -0.67474622421048835 -0.30388076527341862 -1.1595101845301128 -0.015301769335839642 -0.047108634477242554 -0.62531109429930687 -0.59886516246735966 -0.52374606631629861 0.30124493405417258 1.0000000180025095e-35 -0.40851785189411932 -0.56295463213889219 -0.71806882046498621 -0.18521530617143978 -0.33818238156609898 -0.17956211449144452
decision_type=2 2 2 2 2 2 2 2 2 2 2 2 2 2 2 2 2 2 2 2 2 2 2 2 2 2 2 2 2 2
left_child=1 3 -2 5 -4 6 7 8 -1 10 -10 14 -13 -14 -7 -16 19 -11 20 -9 21 -15 -18 -24 -8 -26 -27 28 29 -28
right_child=2 -3 4 -5 -6 11 24 16 9 17 -12 12 13 18 15 -17 22 -19 -20 -21 -22 -23 23 -25 25 26 27 -29 -30 -31
leaf_value=-0.059212188208321609 -0.036859354268083483 0.088583407641155507 0.018924449198223267 0.015751218749818302 0.0669641339277985 -0.037262850362396731 -0.049209868623954871 0.013514044344090308 -0.015757341165703702 -0.010936944153548102 0.071290979392040543 -0.049751879224342578 0.01039266439579312 0.03437027705581723 -0.023891705062614454 0.040800905631155071 -0.052572057278514266 -0.058557640841876049 -0.0034204914043475445 -0.040934652154053147 -0.041994115351395939 -0.05820300912846911 -0.057667264213312079 0.016703063796714619 -0.049291944770245982 -0.047198119358964279 0.067232920447060848 -0.049207607844120732 -0.035905556607555816 -0.017240717259082588
leaf_weight=4.3162977099418667 2.9419862776994696 2.569294035434722 4.221084550023078 3.3650005906820288 154.20436345785856 4.38985525816679 69.914350315928459 2.7363552376627922 5.4964877218008041 5.0668058097362545 2.9876453280448949 18.174657434225082 4.2511642128229132 2.6168097481131554 2.7267313450574875 2.9256179556250554 20.638622246682647 3.5194524750113425 4.2912299111485508 2.7147346884012213 26.485155694186687 2.7276913970708838 3.418017975986003 2.6220230609178543 31.647863827645779 20.201470538973808 2.7409225627779952 11.98024318367243 11.436811506748198 9.6464315056800825
leaf_count=36 19 11 20 20 691 33 655 21 39 38 20 157 32 20 20 20 186 29 35 21 218 23 30 20 292 187 20 109 100 78
internal_value=-0.000506108 -0.0368471 0.0638146 -0.0379857 0.0656842 -0.0386323 -0.0409282 -0.0318253 -0.0182684 -0.0079157 0.0148963 -0.0315666 -0.0351132 -0.0285231 -0.0108897 0.00959275 -0.0408492 -0.0304564 -0.0331032 -0.0136023 -0.037105 -0.0128767 -0.0464164 -0.0253826 -0.0440199 -0.0398802 -0.0345618 -0.0274322 -0.0164823 0.00145058
internal_weight=446.975 285.608 161.367 283.038 158.425 279.673 211.085 53.5164 21.3867 17.0704 8.48413 68.5889 58.5467 40.3721 10.0422 5.65235 32.1298 8.58626 36.1209 5.45109 31.8297 5.3445 26.6787 6.04004 157.568 87.6537 56.0059 35.8044 23.8242 12.3874
internal_count=3200 2470 730 2459 711 2439 1881 440 162 126 59 558 485 328 73 40 278 67 296 42 261 43 236 50 1441 786 494 307 198 98
is_linear=0
shrinkage=0.05


Tree=18
num_leaves=31
num_cat=0
split_feature=1 8 7 3 0 11 3 4 7 3 8 8 1 12 0 4 1 6 6 1 9 3 1 8 6 1 10 10 10 7
split_gain=340.429 37.0586 29.8633 7.042 6.04201 3.06986 1.76261 3.21962 3.67988 3.26043 2.13342 2.18682 4.33649 4.61557 4.00772 2.8186 2.59809 2.77465 6.70021 4.34671 5.29573 5.08155 2.57921 1.75716 2.86781 6.93195 1.71559 1.66074 1.58209 1.55996
threshold=0.10658312137702206 -0.45854361067295429 1.3838853872389729 0.88363846776450428 -0.39674024381204592 0.52932365951015792 -0.5673752561669626 -0.61026752394455841 -0.57923705398523928 -0.55428211222392354 -0.21147731353466273 -0.41111387236349112 -0.42243855641353761 -0.74002698477181994 -0.37095642504237469 -0.42432366527682197 -0.59926777812536425 0.38137944214510872 0.095184770391765192 -0.48262953981513662 -0.14941179649343753 -0.34673440771442188 -0.54983453664599924 0.330566487964228 -0.17956211449144452 -0.49278018968412085 -0.52924818490925685 -0.82295975939643951 0.88862031730748281 -0.1336228178496334
decision_type=2 2 2 2 2 2 2 2 2 2 2 2 2 2 2 2 2 2 2 2 2 2 2 2 2 2 2 2 2 2
left_child=2 -2 3 6 -3 -4 -1 8 -8 -9 11 16 13 14 22 -15 -11 18 28 21 -21 -20 -13 -12 -25 -26 -6 -17 29 -18
right_child=1 4 5 -5 26 -7 7 9 -10 10 23 12 -14 15 -16 27 17 -19 19 20 -22 -23 -24 24 25 -27 -28 -29 -30 -31
leaf_value=-0.052394130208782502 -0.053878110458829578 -0.0020391994610872355 0.021526802655959288 0.050492852727085195 0.04053602479446361 0.076489818446922361 -0.037703995442109506 0.0092066722612328469 0.050610793646750335 -0.048736007927132889 -0.051673157758659154 0.012153148965453005 -0.04961826099401026 0.0081908229053745934 -0.037076012183994887 -0.013986369897192041 -0.029920124046801166 -0.053846515602338031 0.082463136461535413 -0.043811378529050815 0.034633683020770155 -0.016611838994653218 0.07863355246312749 -0.049485063411406655 -0.057721457989496849 0.042378980299498881 0.066321660835633581 -0.057369412242595647 -0.05720598703494606 -0.047924599614716706
leaf_weight=18.832917287945747 7.0273920670151702 3.4259084463119498 4.8483477756381017 2.2855219244956961 6.7624068260192862 5.3370466530323029 2.4779938384890556 3.7073785439133635 2.2510020211338988 40.283537812530994 42.571288384497166 3.4649344235658646 10.765384115278719 3.7374178767204276 2.3360123857855779 3.3234269395470593 51.824675269424901 14.866290032863615 2.8047702461481094 6.9487175196409217 3.1163586601614943 2.4030943214893332 2.520024485886097 10.280424617230894 3.4712057411670685 3.4469241872429839 139.8897218182683 6.5608840435743376 8.3216219991445524 15.667946666479123
leaf_count=169 59 22 26 12 33 24 22 32 18 371 390 29 96 31 20 27 464 137 22 60 24 21 19 93 31 26 643 60 77 142
internal_value=-0.000504779 0.0583445 -0.0337077 -0.0368983 0.0635993 0.0503269 -0.0376492 -0.0365256 0.00433384 -0.0373227 -0.0380453 -0.0353135 -0.0236261 -0.010874 0.0184664 -0.0287969 -0.0379276 -0.0338182 -0.0305494 -0.000335992 -0.0195231 0.0367464 0.0401454 -0.0462241 -0.0327361 -0.00784691 0.0651326 -0.0427826 -0.036636 -0.0340997
internal_weight=435.561 157.105 278.455 268.27 150.078 10.1854 265.984 247.151 4.729 242.422 238.715 178.945 32.7081 21.9427 8.32097 13.6217 146.237 105.953 91.0872 15.2729 10.0651 5.20786 5.98496 59.7698 17.1986 6.91813 146.652 9.88431 75.8142 67.4926
internal_count=3200 757 2443 2393 698 50 2381 2212 40 2172 2140 1600 282 186 68 118 1318 947 810 127 84 43 48 540 150 57 676 87 683 606
is_linear=0
shrinkage=0.05


Tree=19
num_leaves=31
num_cat=0
split_feature=2 7 1 9 2 2 9 7 2 0 0 0 0 1 6 7 2 12 8 7 9 2 6 1 1 6 8 0 7 7
split_gain=359.633 20.6302 6.92495 4.4737 2.22617 2.43151 2.71135 3.6738 4.5363 4.21067 4.66507 2.05613 3.27791 2.2249 2.01128 1.8113 3.78972 2.58574 2.56105 2.18241 3.22702 4.03035 1.67502 1.44358 2.69165 2.06778 2.44123 2.76375 2.90711 3.5863
threshold=1.0000000180025095e-35 -0.64357903728272348 0.90357571935623882 -0.54749016586976029 -0.41162463686833839 -0.60942377085899468 -0.68389673277621854 -0.75277179100025904 -0.6330373796394495 -0.67474622421048835 -0.12245127536630955 -0.44563268767116926 -0.63741586323299426 -0.51494593986672565 -1.1869673590632133 -0.43590381729838895 -0.17749404422749451 -0.74002698477181994 -0.65123352950539393 -0.86679013174991326 -0.73725475595626 -0.33688123024890454 0.30124493405417258 -0.5435585705320255 -0.4685550458876776 0.26690157344377136 -0.74794093139134477 -0.13577276184303741 -0.82189173216867173 -0.54739462153556973
decision_type=2 2 2 2 2 2 2 2 2 2 2 2 2 2 2 2 2 2 2 2 2 2 2 2 2 2 2 2 2 2
left_child=2 -2 4 -3 5 6 7 -1 -9 -10 -11 12 22 -14 -6 19 17 18 -17 20 -16 -22 -8 -7 25 26 -25 28 -28 -30
right_child=1 3 -4 -5 14 23 11 8 9 10 -12 -13 13 -15 15 16 -18 -19 -20 -21 21 -23 -24 24 -26 -27 27 -29 29 -31
leaf_value=-0.049327630417368484 -0.061398875201440106 0.008149162204371457 0.042773091292026152 0.063162548903414772 0.0031133287752882991 -0.048424894264372909 -0.052213610430976179 -0.040003779727633151 -0.028132466285159991 0.081082411784589414 -0.0062031094472445644 -0.056918422548041074 -0.026523373096930987 0.036139709561657081 -0.057027311244327722 0.034860034691639244 0.025002989578083192 -0.042015679996128451 -0.030426121618220277 -0.048047424234238974 -0.044612162478695233 0.022115873793026639 -0.010657368970066848 -0.042656112034584928 -0.044210558300802331 -0.057272756494875926 -0.039527546002931929 -0.044264427849171589 0.060966283579854133 -0.0068911913760823177
leaf_weight=5.8905587568879154 3.4731553867459288 3.7880392745137206 2.7589745372533789 151.22688959538937 4.6100298017263404 62.96468859910965 10.812634095549585 5.2123720720410356 3.2339302971959114 3.4406178072094917 2.7577459141612017 10.878881007432936 3.1025419160723686 2.6066627278924015 4.5877575576305381 2.6157024353742599 3.8545373827219001 12.956900224089622 3.5285561829805419 21.901678182184696 3.8889043256640425 5.4121722653508177 3.1258772462606421 7.0539718270301863 60.357261382043362 4.1185872778296462 2.6269870474934605 3.6512906476855251 3.3108517080545443 4.7271592840552294
leaf_count=53 26 20 12 710 30 634 104 42 26 21 20 104 25 20 43 20 25 118 29 204 35 39 26 68 591 38 22 32 26 37
internal_value=-0.000503911 0.059118 -0.0360295 0.0618182 -0.0368554 -0.0394442 -0.0300296 -0.015982 -0.00256927 0.0181174 0.0422478 -0.0394795 -0.0298236 0.00208683 -0.0286884 -0.031184 -0.0202213 -0.0293474 -0.00263283 -0.0382153 -0.0227107 -0.00578401 -0.0428941 -0.0426747 -0.0384571 -0.024833 -0.018581 -0.00671865 0.0061356 0.0210593
internal_weight=424.476 158.488 265.988 155.015 263.229 199.873 51.0618 20.5352 14.6447 9.43229 6.19836 30.5266 19.6477 5.7092 63.3562 58.7462 22.9557 19.1012 6.14426 35.7905 13.8888 9.30108 13.9385 148.811 85.8461 25.4888 21.3703 14.3163 10.665 8.03801
internal_count=3200 756 2444 730 2432 1889 441 162 109 67 41 279 175 45 543 513 192 167 49 321 117 74 130 1448 814 223 185 117 85 63
is_linear=0
shrinkage=0.05


Tree=20
num_leaves=31
num_cat=0
split_feature=2 1 7 2 7 3 8 3 3 7 3 5 0 0 3 5 5 1 0 0 5 2 0 7 7 2 9 2 6 7
split_gain=333.484 14.3027 13.0465 2.96788 6.77014 2.27022 2.09109 1.47579 3.5023 5.57119 2.24079 3.2249 3.3188 6.55694 4.26566 4.88751 3.94883 3.31791 3.26356 5.28038 2.43761 2.0114 8.34206 2.82516 2.50235 2.49398 6.31532 3.72569 2.67722 2.65873
threshold=0.070065466139794294 1.4244312102128338 -0.62850744354014199 -0.17749404422749451 -0.43590381729838895 -0.36423399321272915 -0.023933338064652712 -0.41690527970286867 -0.43295134401924623 -0.68346780411677344 -0.5673752561669626 -0.36841445402906753 -0.77737289144586874 -0.094685799658464312 -0.45357548477524368 -0.43885655912587801 -0.39295071869155956 -0.28943964655296262 -0.44227187395058193 -0.65172419278868476 -0.52810177895233334 -0.34449425741718026 0.22968832778853629 -0.77558885829974356 -0.86679013174991326 -0.6104437432506814 -0.68389673277621854 -0.6330373796394495 -0.33983113067331688 -0.47269822289942459
decision_type=2 2 2 2 2 2 2 2 2 2 2 2 2 2 2 2 2 2 2 2 2 2 2 2 2 2 2 2 2 2
left_child=1 3 -2 7 -5 -6 -4 8 10 -10 -1 12 20 14 15 17 -17 18 19 -14 -12 23 24 -9 -23 26 27 -25 -27 -29
right_child=2 -3 6 4 5 -7 -8 21 9 -11 11 -13 13 -15 -16 16 -18 -19 -20 -21 -22 22 -24 25 -26 28 -28 29 -30 -31
leaf_value=-0.050985856376930927 -0.04912047881242191 0.076037579427777335 0.030203599959765848 -0.045562550536390474 -0.007718554049646398 0.050016041111591261 0.061971245157595833 -0.0528422040207292 0.051113931783692418 -0.035281690801465863 -0.0086203425465686007 -0.056340449103269435 0.038802177121484122 -0.047210405957035802 -0.057473713282871979 0.088525428427315728 0.0030582562335587688 -0.057330534654844667 0.046841996310128836 -0.05659424858389292 -0.05295265065655104 -0.0060321171947824853 0.039726420286734121 -0.039706911347882068 -0.052816852710387066 -0.051266535563713404 -0.043588012114667035 0.057684789872250175 -0.032853176667772675 -0.0069925316930125533
leaf_weight=16.715691342949867 2.7488045245409003 2.8938923925161353 5.3755678832530966 7.8507310077548027 3.2508386746048927 3.5753341615200025 142.50417101383209 41.394710049033165 3.1901631057262421 4.4953753799200049 4.072852015495303 9.7510584443807584 2.5581299439072627 10.266854815185075 2.6166445985436466 3.0083279311656952 2.4538710340857497 2.569681614637374 3.2901782095432281 3.3504216521978378 12.991021744906897 3.7871853038668641 3.9946336001157752 2.7367591187357903 11.650601074099541 37.809012949466705 14.682936482131479 3.694077342748642 41.307691499590874 2.7882881164550799
leaf_count=162 20 13 25 68 21 21 685 417 28 43 37 99 22 99 24 23 22 24 28 33 126 31 31 24 111 381 138 23 400 21
internal_value=-0.000502794 -0.034506 0.0588102 -0.0357371 -0.0138971 0.022521 0.0608165 -0.0370445 -0.0315385 0.000579964 -0.0348903 -0.0301643 -0.0247541 -0.0147714 0.00200902 0.0110421 0.0501296 -0.00710005 0.00693193 -0.015292 -0.0423713 -0.0397775 -0.0246753 -0.0418097 -0.0413397 -0.0373767 -0.0232228 0.00921201 -0.0416527 0.0298649
internal_weight=413.376 262.747 150.629 259.853 14.6769 6.82617 147.88 245.176 81.3303 7.68554 73.6447 56.929 47.178 30.1141 19.8473 17.2306 5.4622 11.7684 9.19873 5.90855 17.0639 163.846 19.4324 144.413 15.4378 103.019 23.9021 9.21912 79.1167 6.48237
internal_count=3200 2470 730 2457 110 42 710 2347 770 71 699 537 438 275 176 152 45 107 83 55 163 1577 173 1404 142 987 206 68 781 44
is_linear=0
shrinkage=0.05


Tree=21
num_leaves=31
num_cat=0
split_feature=2 1 7 2 0 0 0 2 9 9 2 0 7 7 3 1 1 11 9 9 7 9 7 10 9 7 9 9 12 1
split_gain=309.456 13.2833 12.0858 2.87203 3.86454 2.36812 3.39612 3.20108 2.60576 5.32675 4.43298 5.07907 4.45853 2.41548 4.7697 2.04348 5.3138 4.73765 2.11795 2.00947 1.94837 4.5739 2.65996 2.43745 2.79724 4.10686 1.70914 3.7556 3.4878 5.09448
threshold=0.070065466139794294 1.4244312102128338 -0.62850744354014199 -0.41162463686833839 0.82834968917500384 0.4359493256153853 0.36497072049860563 -0.60942377085899468 -0.68389673277621854 -0.76541830991751136 -0.6330373796394495 -0.67474622421048835 -0.63945649945877059 -0.81141992247107053 -0.4104713529576543 -0.57051890622880752 -0.64265954965323702 -0.84220323152830712 -0.31355617911888728 -0.41739997224279674 -0.94316671086567228 -0.63496780181757628 -0.42426068045722298 -0.62555272104108373 0.04462185539539628 -0.098905575886151106 -0.030838908580263048 0.35319731513960112 1.0000000180025095e-35 -0.58968995146156022
decision_type=2 2 2 2 2 2 2 2 2 2 2 2 2 2 2 2 2 2 2 2 2 2 2 2 2 2 2 2 2 2
left_child=1 3 -2 5 15 6 7 8 9 10 -1 -12 -13 14 -10 16 -5 -18 -19 -4 21 -17 -22 -24 25 -25 -9 28 29 -28
right_child=2 -3 19 4 -6 -7 -8 26 13 -11 11 12 -14 -15 -16 20 17 18 -20 -21 22 -23 23 24 -26 -27 27 -29 -30 -31
leaf_value=-0.057919678570874079 -0.048025794729990745 0.074153170281868797 0.030167333240653404 -0.045667936828102107 0.03312846350539609 -0.056331767445312632 0.020530100373994574 -0.044820613511860119 0.047954219570731781 0.055410931212442796 -0.046672440895194831 -0.022720701656613065 0.062600260312640751 -0.044315792404658078 -0.043291762249672405 -0.057000069526596545 0.055223446132063793 -0.032275866199217733 0.018868379067707858 0.060473070183028756 -0.05382406010229969 0.030696000789923079 -0.050341219688948835 0.015051746235084104 0.028616450430584875 -0.057523226861648152 -0.055846922207641474 -0.047810770024778543 -0.047390823517540925 0.021469248300490847
leaf_weight=5.5860105156898507 2.6728324219584456 2.8209096342325202 5.6946445703506461 8.6483090221881884 2.6673564016818991 16.19476817548275 2.5862595662474623 91.720709390938282 2.3263254687190056 2.5776756182312957 3.9771029055118561 2.7014339044690132 3.5344891250133514 19.791596457362175 3.7262709289789226 2.6979001760482788 3.44610272347927 5.6444794163107863 3.1560896635055533 138.53546433150768 16.702026374638081 3.3123036399483672 6.4803952276706722 3.3373751267790794 3.0951813012361518 4.686675511300562 2.8748396113514909 17.574921064078808 5.4478905349969855 8.2298299744725227
leaf_count=50 20 13 27 82 17 167 26 957 20 20 34 22 22 191 37 26 27 49 25 683 164 26 57 27 22 43 31 181 55 79
internal_value=-0.00050316 -0.0337458 0.0573242 -0.0349502 -0.0257851 -0.0380501 -0.0363353 -0.0372001 -0.0256279 -0.0112342 -0.0221077 -0.00252028 0.0256388 -0.0358626 -0.00822122 -0.0283525 -0.0156628 0.00552603 -0.0139343 0.0592765 -0.03493 -0.00866959 -0.0395313 -0.0259674 -0.0117622 -0.0273377 -0.0412663 -0.0317138 -0.0146227 0.0014532
internal_weight=402.448 255.545 146.903 252.724 63.8742 188.85 172.655 170.069 44.2209 18.3767 15.799 10.213 6.23592 25.8442 6.0526 61.2068 20.895 12.2467 8.80057 144.23 40.3119 6.0102 34.3017 17.5996 11.1192 8.02405 125.848 34.1275 16.5526 11.1047
internal_count=3200 2470 730 2457 565 1892 1725 1699 396 148 128 78 44 248 57 548 183 101 74 710 365 52 313 149 92 70 1303 346 165 110
is_linear=0
shrinkage=0.05


Tree=22
num_leaves=31
num_cat=0
split_feature=2 1 1 2 0 0 0 2 9 9 2 0 4 7 3 1 1 11 7 7 9 7 7 3 3 8 9 9 8 4
split_gain=287.241 12.342 11 2.79697 3.55461 2.36939 3.19964 3.12815 2.47855 4.74866 4.24917 4.66989 4.12974 2.32822 4.32638 1.96099 5.00373 4.14474 2.05881 1.8724 4.24891 2.63167 2.26694 1.87143 3.68235 1.85203 1.69192 3.64928 3.84095 4.92358
threshold=0.070065466139794294 1.4244312102128338 -0.38189703659713015 -0.41162463686833839 0.82834968917500384 0.4359493256153853 0.36497072049860563 -0.60942377085899468 -0.68389673277621854 -0.76541830991751136 -0.6330373796394495 -0.67474622421048835 -0.32253685190918596 -0.81141992247107053 -0.4104713529576543 -0.57051890622880752 -0.64265954965323702 -0.84220323152830712 -0.23883834249510347 -0.94316671086567228 -0.63496780181757628 -0.42426068045722298 -0.30622062996928706 -0.33068769449154395 -0.38912192078864066 -0.078643949034813684 -0.030838908580263048 0.35319731513960112 -0.79660606172531767 -0.20502727244929961
decision_type=2 2 2 2 2 2 2 2 2 2 2 2 2 2 2 2 2 2 2 2 2 2 2 2 2 2 2 2 2 2
left_child=1 3 -2 5 15 6 7 8 9 10 -1 -12 -13 14 -10 16 -5 -18 -19 20 -17 -21 -23 24 -24 -4 -9 28 -28 -30
right_child=2 -3 25 4 -6 -7 -8 26 13 -11 11 12 -14 -15 -16 19 17 18 -20 21 -22 22 23 -25 -26 -27 27 -29 29 -31
leaf_value=-0.057481996757170667 -0.043967973143668793 0.072446418909834776 0.026672275705241413 -0.044944860925771511 0.031052344501921954 -0.05598797274202541 0.019193398779143993 -0.044140897195726649 0.044046942135481937 0.050747509890876487 -0.045859400423884936 0.058781021954605529 -0.022992951709906437 -0.043584008263665763 -0.042556410863469313 -0.056616754474656764 0.050571916777232787 -0.027513648590182595 0.028431130974284752 -0.053344936847164029 0.028550253516618575 0.01800019504851896 -0.040320640038433365 -0.052330796434886862 0.031862749292024609 0.058894796870845735 -0.055767527274568712 -0.04719300916503081 0.027279760086306289 -0.036884539771673656
leaf_weight=5.3530104160308847 2.7044186517596236 2.7449240982532492 4.6106587201356879 8.3555353879928607 2.7024705037474623 15.497137896716593 2.626970797777175 88.557075753808022 2.4039456993341446 2.6712728962302199 3.848513625562191 3.6309919208288193 2.6861239671707153 19.134470738470554 3.6042407900095013 2.5832565650343895 3.5715008527040473 6.5121334344148627 2.2001032456755629 16.026551000773903 3.3813308775424948 2.5817670598626163 5.3474765196442613 6.6829850673675546 2.6386127918958664 135.85843960940838 4.1308536306023624 16.931104995310307 7.0310187265276918 5.2015600949525806
leaf_count=50 21 13 21 82 17 167 26 957 20 20 34 23 21 191 37 26 27 57 17 164 26 21 45 63 20 688 45 181 65 55
internal_value=-0.000502469 -0.0329891 0.0559141 -0.034166 -0.0250396 -0.0372819 -0.0355544 -0.0364251 -0.0248869 -0.010828 -0.0214272 -0.00244147 0.0240096 -0.0350581 -0.0079054 -0.027571 -0.0150946 0.00520986 -0.0133859 -0.034133 -0.00833549 -0.0387569 -0.0252042 -0.0328082 -0.0164712 0.0578371 -0.0405283 -0.0309195 -0.0140814 -4.30377e-06
internal_weight=391.81 248.637 143.174 245.892 62.5837 183.308 167.811 165.184 43.3326 18.1899 15.5186 10.1656 6.31712 25.1427 6.00819 59.8813 20.6393 12.2837 8.71224 39.242 5.96459 33.2774 17.2508 14.6691 7.98609 140.469 121.852 33.2945 16.3634 12.2326
internal_count=3200 2470 730 2457 565 1892 1725 1699 396 148 128 78 44 248 57 548 183 101 74 365 52 313 149 128 65 709 1303 346 165 120
is_linear=0
shrinkage=0.05


Tree=23
num_leaves=31
num_cat=0
split_feature=2 1 7 6 8 4 5 7 8 2 4 9 4 9 1 4 9 9 8 1 12 8 1 4 5 6 6 11 5 1
split_gain=266.851 19.401 2.94173 2.24444 2.01608 1.65259 2.2435 2.23563 1.74742 2.20707 2.69473 4.73112 5.46867 2.65247 2.58942 2.45382 3.62673 5.15447 2.14832 2.7146 5.61231 7.78957 6.42988 2.33277 3.83922 2.07904 2.06504 1.89492 4.17824 4.04261
threshold=0.26103676950788751 0.64593486761137875 1.4458957296013795 0.42717058962564364 -0.023933338064652712 0.099369598729839012 0.22119224682757102 -0.63945649945877059 -0.11841017158873383 -0.43141555683671956 -0.23726377203574714 -0.63496780181757628 -0.10537862144319797 -0.18173953516809854 -0.45787841992707229 -0.58698813852144871 -0.71083958261883573 -0.56700975125511521 -0.45097457947957148 -0.54841222683799962 -1.0000000180025095e-35 -0.38663747336437987 -0.42243855641353761 -0.54971359904393469 -0.32000528418464486 0.2554537865736376 0.095184770391765192 -1.2993788618744622 -0.39951790527015779 -0.49778068822168114
decision_type=2 2 2 2 2 2 2 2 2 2 2 2 2 2 2 2 2 2 2 2 2 2 2 2 2 2 2 2 2 2
left_child=1 2 5 -3 -2 6 8 -8 9 18 15 12 -12 -13 -15 -11 -17 -18 23 -20 21 -21 -23 24 25 -1 -19 28 29 -25
right_child=4 3 -4 -5 -6 -7 7 -9 -10 10 11 13 -14 14 -16 16 17 26 19 20 -22 22 -24 27 -26 -27 -28 -29 -30 -31
leaf_value=-0.043274284888672777 0.024902498799132731 0.018625463153435072 0.026156765879222183 0.072217318277738515 0.057867633896027365 -0.046203889508726753 -0.037078321967327639 0.024299541662970856 -0.042598914867163669 0.0084876888495957186 0.080890791805887902 -0.056700135286071165 -0.019677687493875478 0.030795699746232919 -0.038544293980894852 -0.05672342934839697 0.038449863231999677 -0.044239604071110453 -0.043244033284778577 0.071126356367391785 -0.049532196624347963 0.025318626244815057 -0.055740091075112255 -0.031592889031369739 0.046300023206354846 0.012731080202419288 -0.0035992214520285826 -0.045713395479828001 -0.047974733572557215 0.068681583833669152
leaf_weight=7.6166656687855703 4.8122669160366049 3.7713267505168906 2.0411819592118254 4.0535020530223846 128.13087095320225 25.310092471539974 2.6422540694475174 3.3832721561193457 42.542170517146587 3.6736199930310205 2.8217819705605507 4.0170474275946608 2.5947525277733794 2.7606278881430617 2.6282316222786903 11.591947533190249 3.0412399619817743 11.075502313673502 11.460011564195158 3.4293853268027332 6.8335020095109931 4.7496906220912951 5.045190736651417 2.0649915337562561 1.9183844029903401 2.1178376898169518 4.3547486662864694 62.646299883723266 6.317257694900027 1.9583474770188329
leaf_count=79 23 20 12 20 668 275 29 31 444 33 23 40 24 23 25 117 26 102 122 30 68 41 56 23 18 20 37 684 69 18
internal_value=-0.000500854 -0.0310934 -0.0336129 0.0463877 0.0566744 -0.0341242 -0.0326907 -0.00261527 -0.0335651 -0.0312319 -0.0222804 -0.00451056 0.0327142 -0.025947 -0.00302251 -0.0300876 -0.0348014 -0.021044 -0.0349741 -0.023831 -0.0127393 0.00627301 -0.0164335 -0.0391235 -0.0183493 -0.0310898 -0.03277 -0.0424402 -0.0226104 0.0172154
internal_weight=381.404 248.461 240.636 7.82483 132.943 238.595 213.285 6.02553 207.259 164.717 48.5595 14.8224 5.41653 9.40591 5.38886 33.7371 30.0634 18.4715 116.158 31.5178 20.0578 13.2243 9.79488 84.6398 11.6529 9.7345 15.4303 72.9869 10.3406 4.02334
internal_count=3200 2509 2469 40 691 2457 2182 60 2122 1678 450 135 47 88 48 315 282 165 1228 317 195 127 97 911 117 99 139 794 110 41
is_linear=0
shrinkage=0.05


Tree=24
num_leaves=31
num_cat=0
split_feature=2 1 7 6 8 3 5 5 10 8 2 2 8 8 1 9 11 10 5 7 5 2 9 11 6 8 7 2 6 10
split_gain=247.86 17.9761 2.74223 2.16671 1.99028 1.96054 2.67832 4.59201 1.98223 1.90466 2.35622 2.92532 2.78734 3.14626 4.01524 2.77555 4.41956 3.03948 2.89135 3.20418 2.09777 3.0141 2.09052 3.17568 2.42855 1.9834 1.88211 2.52246 2.89317 4.23459
threshold=0.26103676950788751 0.64593486761137875 1.4458957296013795 0.42717058962564364 -0.023933338064652712 -0.5673752561669626 -0.54006500472546171 -0.55038700907684313 -0.10193570952309841 -0.2286921259656465 -0.43141555683671956 -0.60942377085899468 -0.92225782652029376 -0.89020044576809931 -0.45787841992707229 -0.68389673277621854 0.98649928985631286 0.13831198567925551 -0.33883139949198232 -0.68346780411677344 -0.48000511944065 -0.5163232542232592 -0.35760655612334546 -0.84220323152830712 -1.0000000180025095e-35 -0.45097457947957148 -0.64357903728272348 -0.55419094122981816 -0.33983113067331688 -0.18749060022893418
decision_type=2 2 2 2 2 2 2 2 2 2 2 2 2 2 2 2 2 2 2 2 2 2 2 2 2 2 2 2 2 2
left_child=1 2 5 -3 -2 -1 7 8 -7 10 11 15 -12 -14 22 17 25 18 -8 -20 21 -11 23 -15 -24 -17 -13 -28 -29 -30
right_child=4 3 -4 -5 -6 6 9 -9 -10 20 12 26 13 14 -16 16 -18 -19 19 -21 -22 -23 24 -25 -26 -27 27 28 29 -31
leaf_value=-0.050111347039404786 0.023755764044178701 0.017707651895275702 0.024710234035157458 0.070760176905521791 0.05659016549596018 -0.056173456810745405 0.047137109354958379 0.047824519733016858 0.0032413401167416182 0.018183180456886255 -0.056251150276373209 -0.048206066433195693 0.025812503598198477 0.01856066737812035 -0.040662127757426961 -0.055785517252865971 0.019276964800218746 -0.042904840893297269 -0.056512579807678147 0.022880917671763566 -0.044949547387824446 -0.055894339486287685 -0.0092918253027033538 -0.035658600728243832 0.045967662002848818 -0.01150597431938874 -0.047154268336705968 -0.042281668771374077 -0.03289135939050112 0.018829276029551409
leaf_weight=16.210057333111763 4.7928410395979872 3.7685319706797591 2.0523425191640845 3.9331772923469543 124.56309309601784 3.2259936258196831 3.6147389709949485 2.8025036901235563 2.4852606952190399 3.2949806675314903 4.9588298425078383 34.384633332490921 3.9573849514126769 3.8335375860333398 15.296486258506777 11.035173974931242 3.2098866999149314 3.391570731997489 2.2220467403531066 2.9686644002795255 46.635352618992329 2.3543278798460952 5.0504709705710411 9.1387296840548533 3.2792142033576948 3.2808506414294234 18.192983284592625 11.486887872219084 8.7041147872805542 7.2571448385715582
leaf_count=174 23 20 12 20 668 34 26 25 25 33 52 398 31 34 152 122 29 32 23 23 506 26 45 90 26 34 212 135 95 75
internal_value=-0.000499183 -0.0303616 -0.032832 0.044801 0.0553736 -0.0333405 -0.0320822 -0.00459624 -0.030319 -0.0332097 -0.0304302 -0.0343968 -0.0208656 -0.0165389 -0.0211184 -0.0210023 -0.0337486 -0.00268707 0.0128035 -0.011106 -0.0414638 -0.0126883 -0.0070844 -0.0196358 0.0124626 -0.0456378 -0.0393717 -0.0327162 -0.0231465 -0.00937541
internal_weight=371.382 242.026 234.324 7.70171 129.356 232.272 216.062 8.51376 5.71125 207.548 155.263 109.749 45.5147 40.5558 36.5984 29.7229 17.5259 12.197 8.80545 5.19071 52.2847 5.64931 21.302 12.9723 8.32969 14.316 80.0258 45.6411 27.4481 15.9613
internal_count=3200 2509 2469 40 691 2457 2283 84 59 2199 1634 1204 430 378 347 289 185 104 72 46 565 59 195 124 71 156 915 517 305 170
is_linear=0
shrinkage=0.05


Tree=25
num_leaves=31
num_cat=0
split_feature=1 6 8 5 7 0 4 0 1 1 11 7 8 6 4 4 4 4 4 6 0 4 6 6 6 7 5 7 7 9
split_gain=204.625 22.6672 22.3331 7.61917 4.80803 2.17644 1.61971 3.33009 2.30235 4.28837 2.67165 2.07001 1.83763 2.50219 2.9521 2.25773 6.4607 3.09459 9.75218 4.68013 5.2516 5.02823 5.39714 6.27185 5.90133 4.02812 4.01308 1.92002 3.36252 1.73311
threshold=0.19103045683483741 0.7934997694699234 -0.45854361067295429 1.0689182628952916 1.4458957296013795 -0.32752119637511035 -0.042052330150773802 0.82834968917500384 -0.64448539392447113 -0.63184954001899396 -0.38502760118215218 -0.46831456608076721 -0.086219841523367466 0.36993165527497501 -0.33230815092605098 -0.60269612713128373 -0.62050816202769388 -0.38173003263391186 -0.3583857906035775 -0.8320859660890676 -0.69444847158782974 -0.30719131028632812 0.3584838684048412 0.095184770391765192 -0.17956211449144452 -0.19868611276367645 -0.21854582686762539 -0.63313771490590842 -0.66566082349714006 -0.63949889489947598
decision_type=2 2 2 2 2 2 2 2 2 2 2 2 2 2 2 2 2 2 2 2 2 2 2 2 2 2 2 2 2 2
left_child=1 3 -2 4 6 -4 8 -8 -1 10 -10 -12 15 -14 -15 16 -11 27 25 -20 21 -21 23 24 26 -19 -23 28 -17 -22
right_child=2 -3 5 -5 -6 -7 7 -9 9 12 11 -13 13 14 -16 17 -18 18 19 20 29 22 -24 -25 -26 -27 -28 -29 -30 -31
leaf_value=-0.045077225423259482 -0.051524829684102672 0.055966228824409395 0.013476342132888317 0.054720518503092258 0.025028341570720931 0.056403744389075416 -0.044579118737344894 0.024721261172420708 0.04021739182685366 -0.055709963232695142 -0.05578041280545909 0.016866270859109769 -0.048492308476486147 0.033129663229388061 -0.046604113215702993 -0.033517079413698289 0.042930377264433585 0.0083257767380262773 -0.056008266022471498 -0.055775117705472665 -0.051354955845583874 -0.00079473691888924691 -0.055744165244997305 0.090123707803048417 -0.055827020981501996 0.094208795546445845 0.082090846590306479 -0.04648852781579145 0.030578432567569216 -0.024371913889112334
leaf_weight=24.056840166449547 5.0966991633176795 7.7784574776887885 3.0286764502525321 2.5731395855545989 3.6606178060173979 117.68179269134998 40.169252663850784 1.8116876333951939 3.5183334425091743 2.9170178398489952 1.9793862476944926 1.9432517662644375 23.409904524683956 2.231999583542347 2.4190253913402548 21.6964555233717 3.8522260189056388 3.7548881620168686 11.784073397517195 3.1868709027767208 9.8356296047568268 3.5207659453153601 2.3252798691391936 2.9903575703501692 2.6619842797517697 2.1453662216663281 2.4954273477196693 29.767822548747056 2.2592805474996558 15.066978275775943
leaf_count=283 49 41 20 17 21 649 461 15 33 33 22 18 258 23 23 234 32 38 131 35 106 37 26 25 30 17 24 321 22 156
internal_value=-0.000495806 -0.027968 0.0509979 -0.0308311 -0.0318074 0.0553267 -0.0327455 -0.0415885 -0.030681 -0.0284575 0.00858257 -0.0197917 -0.0303158 -0.0418372 -0.00834034 -0.0276274 0.000424059 -0.0293005 -0.0214727 -0.0281571 -0.0203583 0.000906613 0.013815 0.0276766 0.00615832 0.0395533 0.033585 -0.038009 -0.0274722 -0.0350292
internal_weight=361.619 235.812 125.807 228.034 225.461 120.71 221.8 41.9809 179.819 155.762 7.44097 3.92264 148.321 28.0609 4.65102 120.26 6.76924 113.491 59.7676 53.8674 42.0833 17.1807 13.9938 11.6685 8.67818 5.90025 6.01619 53.7236 23.9557 24.9026
internal_count=3200 2482 718 2441 2424 669 2403 476 1927 1644 73 40 1571 304 46 1267 65 1202 625 570 439 177 142 116 91 55 61 577 256 262
is_linear=0
shrinkage=0.05


Tree=26
num_leaves=31
num_cat=0
split_feature=1 6 8 5 7 0 4 0 1 1 11 7 1 8 1 4 4 4 10 4 6 6 7 4 4 0 4 6 6 5
split_gain=190.213 21.0345 20.7726 7.03172 4.47361 2.1274 1.59161 3.15458 2.26128 4.02647 2.36483 1.96127 1.8427 2.0132 2.55377 2.57145 4.41456 3.66157 4.60904 4.39324 3.0685 10.9332 6.21947 3.23195 8.26524 5.24863 3.56659 3.54844 6.23271 5.11644
threshold=0.19103045683483741 0.7934997694699234 -0.45854361067295429 1.0689182628952916 1.4458957296013795 -0.32752119637511035 -0.042052330150773802 0.82834968917500384 -0.64448539392447113 -0.63184954001899396 -0.38502760118215218 -0.46831456608076721 -0.62054438135280299 -0.086219841523367466 -0.18355496182223469 -0.5738186933181606 -0.44397878153729137 -0.62050816202769388 0.0097951678780547873 -0.60612493922096289 0.083736983521631461 0.3584838684048412 -0.77558885829974356 -0.3583857906035775 -0.38173003263391186 -0.7845669280825639 -0.42432366527682197 -0.8320859660890676 -0.17956211449144452 -0.21854582686762539
decision_type=2 2 2 2 2 2 2 2 2 2 2 2 2 2 2 2 2 2 2 2 2 2 2 2 2 2 2 2 2 2
left_child=1 3 -2 4 6 -4 8 -8 -1 10 -10 -12 -11 14 15 17 -17 -14 19 -19 23 22 -22 24 26 27 -18 -25 29 -29
right_child=2 -3 5 -5 -6 -7 7 -9 9 12 11 -13 13 -15 -16 16 20 18 -20 -21 21 -23 -24 25 -26 -27 -28 28 -30 -31
leaf_value=-0.044453790234730145 -0.050737044468292462 0.054647640839382811 0.012785169712675707 0.052437422657263193 0.023872478002355653 0.055214680518916259 -0.043926982707101637 0.023221465317593323 0.0371191043975478 -0.055813377177219452 -0.055469268263840049 0.015835542323619112 -0.055380006496025459 -0.040721744279204081 -0.046097456590703856 -0.042709640541743615 0.013365639754714534 0.095249777836525454 -0.03903333979441978 0.0068035510253126917 -0.02467251129682076 -0.040336705809795786 0.061043929427262937 -0.055739961434094133 0.056735346091755949 -0.050459576269309428 -0.056141375718500433 0.00040769225821391176 -0.055515274015518867 0.097592607013200328
leaf_weight=23.19642049819231 4.9215060472488394 7.5730807185173026 3.032682240009307 2.5514794811606398 3.6463388204574576 114.29175746440887 38.763150185346603 1.8317306786775578 3.6186928302049637 6.3811512142419806 1.893144488334656 1.9656543880701054 2.355112873017787 26.508675880730152 13.148927807807921 26.183245196938508 2.8124986812472335 2.2145059034228316 2.7355715036392212 3.8360644802451125 3.0504781380295753 9.4243458583950979 6.9099661260843295 2.7971988990902892 3.8322988152503887 19.012926168739821 5.3683798834681502 3.4448642879724494 2.547967441380016 2.2315972894430161
leaf_count=283 49 41 20 17 21 649 461 15 33 71 22 18 28 296 148 297 29 17 27 37 31 104 57 32 34 219 58 36 30 20
internal_value=-0.00049518 -0.0272978 0.0498966 -0.0300899 -0.0310483 0.0541179 -0.0319751 -0.0408971 -0.029911 -0.0276956 0.00808272 -0.0191469 -0.0295433 -0.0283322 -0.0253973 -0.0226412 -0.0255183 -1.56717e-05 0.0148247 0.0391748 -0.0181912 -0.00173324 0.0347925 -0.0257786 -0.00385998 -0.0345455 -0.0322456 -0.00709287 0.00945242 0.0386142
internal_weight=352.081 229.835 122.246 222.262 219.711 117.324 216.065 40.5949 175.47 152.273 7.47749 3.8588 144.796 138.415 111.906 98.757 87.6158 11.1413 8.78614 6.05057 61.4325 19.3848 9.96044 42.0477 12.0132 30.0346 8.18088 11.0216 8.22443 5.67646
internal_count=3200 2482 718 2441 2424 669 2403 476 1927 1644 73 40 1571 1500 1204 1056 947 109 81 54 650 192 88 458 121 337 87 118 86 56
is_linear=0
shrinkage=0.05


Tree=27
num_leaves=31
num_cat=0
split_feature=2 0 6 3 3 3 0 0 2 0 4 10 3 2 0 11 9 8 10 0 6 10 3 10 3 6 2 10 3 7
split_gain=199.387 13.3016 3.86243 3.79121 2.01852 3.48112 5.02992 6.6875 5.39955 4.9708 3.63073 2.75659 2.64608 2.31621 2.12896 3.87748 2.52732 1.9546 2.16535 4.65764 3.8968 3.66791 3.50381 6.15933 4.74536 2.19186 1.9406 2.46756 3.43107 3.67899
threshold=0.26103676950788751 1.283343102848481 1.7093227190806226 -0.047108634477242554 -0.5673752561669626 -0.47497121617871546 -0.7333070494712266 -0.63095583996529825 -0.51418418224812157 -0.094685799658464312 -0.5289144792164896 0.028478266248665996 -0.48381697949935337 -0.43141555683671956 0.22968832778853629 0.52932365951015792 -0.35760655612334546 -0.26158706778672614 -0.66223135849169101 -0.31972500761071804 0.3584838684048412 0.67184367909794185 -0.23757923042423915 0.16513032046852624 -0.35979401400654704 0.20966263909310259 -0.60942377085899468 -0.40053135100456505 -0.27469183225809307 -0.68346780411677344
decision_type=2 2 2 2 2 2 2 2 2 2 2 2 2 2 2 2 2 2 2 2 2 2 2 2 2 2 2 2 2 2
left_child=1 2 4 -3 -1 6 12 -8 9 10 -9 -12 -6 26 17 16 -16 18 25 20 21 22 24 -24 -20 -15 27 28 -7 -30
right_child=-2 3 -4 -5 5 13 7 8 -10 -11 11 -13 -14 14 15 -17 -18 -19 19 -21 -22 -23 23 -25 -26 -27 -28 -29 29 -31
leaf_value=-0.04884746393124418 0.051895701814955057 -0.0027766583422071571 0.043511090089596249 0.074967099303141035 -0.051029791157727079 -0.040541815762855531 0.065538411827117268 0.081796681209230504 -0.041643872200540132 -0.031471893928027454 -0.032783208515932291 0.05192655624859438 0.0079467751158044594 -0.056374479969972129 -0.004544196679660952 -0.048030498271667249 0.067086829715828897 -0.04668453163675812 0.0062854328729517643 -0.05621065589193211 -0.055562522544982444 -0.039810984542356709 -0.056052761884935534 0.057796119660163472 0.096469126898133598 -0.0036206538585709111 -0.040450960331641965 -0.038905946567078027 -0.029048872859793181 0.036138551091076131
leaf_weight=14.681038901209829 118.71174892783165 2.6915481984615326 1.7557813078165043 3.7571078091859809 10.56476656347513 5.9098977074027053 3.2128066644072524 2.7753130719065675 8.695423975586893 4.1724745631217965 2.0548528656363492 1.8031174167990682 2.3194314688444129 6.870123937726019 2.8359974026679993 2.6707926616072655 2.1763883009552947 10.475446276366709 2.9739925563335436 4.729738198220736 2.621068872511386 2.8057876899838439 2.7575240433216095 2.0872144773602486 2.8627537339925766 2.7600339949131012 85.044600419700146 17.134591206908226 3.7444422319531432 5.1293684169650104
leaf_count=173 691 21 9 20 122 60 31 23 92 50 23 17 25 74 29 26 16 119 27 51 30 29 30 17 24 28 1065 192 43 43
internal_value=-0.000495158 -0.0282513 -0.0303483 0.0425183 -0.0309491 -0.029643 -0.0154579 -0.00130264 -0.0123147 0.0112866 0.0381827 0.00680799 -0.0404127 -0.0326925 -0.0235212 0.000629968 0.0265581 -0.0280533 -0.0216475 -0.0125861 0.000222982 0.0110641 0.0244279 -0.00700429 0.0505179 -0.0412551 -0.0365054 -0.0259926 -0.0110258 0.00863171
internal_weight=342.785 224.073 217.625 6.44866 215.869 201.188 35.5982 22.714 19.5012 10.8058 6.63328 3.85797 12.8842 165.59 48.6269 7.68318 5.01239 40.9437 30.4682 20.8381 16.1083 13.4873 10.6815 4.84474 5.83675 9.63016 116.963 31.9183 14.7837 8.87381
internal_count=3200 2509 2468 41 2459 2286 383 236 205 113 63 40 147 1903 500 71 45 429 310 208 157 127 98 47 51 102 1403 338 146 86
is_linear=0
shrinkage=0.05


Tree=28
num_leaves=31
num_cat=0
split_feature=2 1 3 3 0 0 10 2 4 3 2 0 0 10 0 1 1 5 7 9 5 5 2 10 5 2 9 9 3 2
split_gain=185.291 13.7083 2.09058 3.1367 4.75457 4.46616 5.45964 4.11425 4.14204 3.14599 2.67555 2.48726 2.27091 3.03123 2.22078 2.17664 4.25042 2.65568 3.45597 2.04378 1.94543 11.2145 1.91733 2.55952 3.15311 2.99986 2.98755 1.89818 1.92228 1.89796
threshold=0.26103676950788751 0.64593486761137875 -0.5673752561669626 -0.47497121617871546 -0.77737289144586874 -0.094685799658464312 0.38811606483161354 -0.36738017938588113 -0.36261441544348011 -0.48381697949935337 -0.43141555683671956 -0.38947785330471313 0.40475501321943291 0.17423742220486654 -0.66359182837190367 -0.57051890622880752 -0.64054642533203887 -0.10222466254423247 -0.74274614806194927 -0.14941179649343753 -0.17059703145682895 -0.14621684216621916 -0.60942377085899468 -0.40053135100456505 -0.12270695266526256 -0.62805951233906898 -0.75076311700519882 -0.41739997224279674 4.9662738841152505 -0.55069853381578837
decision_type=2 2 2 2 2 2 2 2 2 2 2 2 2 2 2 2 2 2 2 2 2 2 2 2 2 2 2 2 2 2
left_child=1 2 -1 4 9 6 7 8 11 -4 22 14 15 -14 -6 16 -12 18 -18 -7 -17 -22 23 24 26 -26 -5 -2 -29 -24
right_child=27 -3 3 10 5 19 -8 -9 -10 -11 12 -13 13 -15 -16 20 17 -19 -20 -21 21 -23 29 -25 25 -27 -28 28 -30 -31
leaf_value=-0.048364782010749841 0.020273863086498683 0.040998845894027997 -0.055120484871291113 0.01073350214512144 0.041520958985158771 -0.055413551765679005 0.073332794541785068 -0.056328191332547253 -0.054991115660845004 0.011848189488701581 -0.04596623321218421 0.062770599166204546 0.029892557659782971 -0.043815945889227333 -0.023241459711951826 -0.044541882862739711 -0.012128368925847411 -0.036454561321938819 0.058669557832180468 -0.0045412689281197514 0.074020921324922079 -0.045951654090719184 -0.047988299667565494 -0.038362573864500621 -0.015964836232150368 0.062334913233384505 -0.04750538610504218 0.053433228264519177 0.01900063399688029 -0.032729138720805531
leaf_weight=14.214058510959147 4.8861328661441794 7.0562591776251784 8.9504371434450132 3.4529558420181266 2.4737342149019228 4.4763117805123329 3.0183529555797568 2.6940872222185144 1.8390381857752807 2.1810328513383856 5.261150434613227 3.1777140796184531 4.3302456736564627 2.0576372966170311 2.8474414870142941 17.027018241584301 3.2202910408377639 2.2787829190492621 3.7091081216931343 3.5321725234389323 2.5573246181011191 8.1731638610363024 37.345798149704933 16.822656504809856 2.4601126089692116 2.4330859929323223 6.0785128846764556 106.25996105372906 4.2141349315643302 44.85247278213501
leaf_count=174 27 40 110 27 23 54 28 29 23 23 63 26 37 18 30 189 31 23 30 38 20 94 494 194 26 22 70 640 24 573
internal_value=-0.00049397 -0.0275574 -0.029845 -0.0285105 -0.0149797 -0.00247844 0.0127387 -0.00129555 0.0130461 -0.041999 -0.0314486 0.0277683 -0.0216346 0.00614989 0.00686561 -0.0258377 -0.0101147 0.0103693 0.0257677 -0.0329761 -0.0340337 -0.0173594 -0.0356542 -0.0251116 -0.00965768 0.0229688 -0.0264072 0.0507709 0.0521198 -0.039662
internal_weight=333.881 218.521 211.465 197.251 35.1903 24.0589 16.0504 13.032 10.3379 11.1315 162.06 8.49889 48.6147 6.38788 5.32118 42.2268 14.4693 9.20818 6.9294 8.00848 27.7575 10.7305 113.446 31.2473 14.4247 4.8932 9.53147 115.36 110.474 82.1983
internal_count=3200 2509 2469 2295 384 251 159 131 102 133 1911 79 505 55 53 450 147 84 61 92 303 114 1406 339 145 48 97 691 664 1067
is_linear=0
shrinkage=0.05


Tree=29
num_leaves=31
num_cat=0
split_feature=2 1 6 8 7 3 4 4 5 0 5 8 0 3 7 5 2 8 6 6 2 2 9 2 10 4 2 7 1 10
split_gain=172.222 12.9347 5.29456 2.14702 2.11193 1.90067 2.75333 8.56515 3.38313 4.01376 3.9101 2.40974 2.72286 2.62965 3.71516 4.09038 4.00262 2.03658 3.68566 5.19245 6.29673 7.91052 3.24841 2.69262 3.14725 3.41504 2.38571 7.08963 2.3299 2.03705
threshold=0.26103676950788751 1.2799681179653957 0.90797763817126076 -0.023933338064652712 1.3838853872389729 -0.5673752561669626 -0.61026752394455841 -0.62050816202769388 -0.54006500472546171 -0.35219342830129935 -0.55038700907684313 -0.2286921259656465 -0.60528862996593402 -0.33068769449154395 -0.72661373152985054 -0.28333982658816942 -0.50608007607752181 -0.45097457947957148 0.41572280275550993 0.095184770391765192 -0.46422294399099523 -0.36738017938588113 -1.0000000180025095e-35 -0.58173737654744118 -0.74828322514555712 -0.42175415170415292 -0.33688123024890454 -0.85443477093681619 -0.59926777812536425 0.37716066179429231
decision_type=2 2 2 2 2 2 2 2 2 2 2 2 2 2 2 2 2 2 2 2 2 2 2 2 2 2 2 2 2 2
left_child=1 2 4 -2 5 -1 7 -7 9 10 -8 17 -13 14 16 -16 -14 18 19 26 22 -22 -21 24 -19 -26 28 -28 -10 -29
right_child=3 -3 -4 -5 -6 6 8 -9 11 -11 -12 12 13 -15 15 -17 -18 23 -20 20 21 -23 -24 -25 25 -27 27 29 -30 -31
leaf_value=-0.047833396175683919 0.015781796516611223 0.06477097418494436 0.050995138581448413 0.051115114854803148 0.02061454623682113 -0.05612164805170769 -0.008475880198924703 0.08704906625169978 -0.054645549697290241 -0.055396301889542122 0.079613107613674239 -0.054868544752214414 0.067029802009565029 -0.045485041618902322 -0.055022623444278662 0.035502306165363741 -0.029979593110563241 0.04543905512478915 -0.054926739371602779 -0.040476037735235872 0.09904435040782758 -0.010464122328896239 0.016952898552557372 -0.025965488119296845 0.036100309174469346 -0.043027768829467322 0.052258374589477866 -0.048896534298496309 -0.03180861665659309 0.0059577955385176707
leaf_weight=13.667255189269779 4.4784028455615035 3.7830483168363562 2.0730693191289893 107.55721928179264 2.0969950258731833 2.2102303802967072 3.10637067258358 1.9808801934123028 14.753783382475367 2.0437762588262549 2.1191412657499313 19.555026590824127 2.4106058031320572 12.624575600028036 5.5174248218536377 1.6125764250755326 1.9024658799171446 3.3093664720654488 13.759385600686072 9.2299525588750839 2.7987340465188026 4.0147240534424773 3.3582588136196145 21.198605213314295 2.0986273810267448 3.8929811120033282 3.0941971987485877 6.8542080596089416 45.962130691856146 2.2474007643759251
leaf_count=174 23 22 10 668 15 25 35 16 199 24 17 255 26 161 70 17 21 30 176 108 24 38 36 243 21 47 26 77 574 22
internal_value=-0.000491912 -0.0268596 -0.0285143 0.0497027 -0.0293089 -0.0298188 -0.0285342 0.0115463 -0.0294302 0.00401202 0.0272475 -0.0307793 -0.0410101 -0.0297501 -0.0123905 -0.0345488 0.0242396 -0.0275115 -0.0307856 -0.0271873 -0.0041992 0.0345182 -0.0251553 -0.0161249 0.00630356 -0.0153123 -0.0333044 -0.0131242 -0.0373579 -0.0353517
internal_weight=325.311 213.276 209.493 112.036 207.42 205.323 191.655 4.19111 187.464 7.26929 5.22551 180.195 43.6227 24.0676 11.4431 7.13 4.31307 136.572 106.073 92.3134 19.4017 6.81346 12.5882 30.4996 9.30097 5.99161 72.9117 12.1958 60.7159 9.10161
internal_count=3200 2509 2487 691 2477 2462 2288 41 2247 76 52 2171 550 295 134 87 47 1621 1280 1104 206 62 144 341 98 68 898 125 773 99
is_linear=0
shrinkage=0.05


Tree=30
num_leaves=31
num_cat=0
split_feature=2 1 6 8 7 3 4 4 3 8 5 8 9 9 3 8 9 11 7 2 2 8 1 5 2 2 9 6 9 9
split_gain=160.131 12.0456 4.89669 2.10357 1.96776 1.86889 2.56787 7.57325 3.32274 2.49864 2.35826 2.99795 1.9632 2.81055 3.2008 7.3013 4.04453 3.47523 3.36783 2.67951 4.4487 3.63748 3.76895 3.40947 8.02032 3.09657 4.06035 4.29596 3.18604 2.98009
threshold=0.26103676950788751 1.2799681179653957 0.90797763817126076 -0.023933338064652712 1.3838853872389729 -0.5673752561669626 -0.61026752394455841 -0.62050816202769388 -0.55428211222392354 -0.21147731353466273 -0.54006500472546171 -0.74794093139134477 0.75425081044723874 0.031421552908504229 -0.41386777615773901 -0.45097457947957148 0.20447663039014422 0.98649928985631286 -0.090903338118074689 -0.61332728268376158 -0.52934258735173034 -0.45097457947957148 -0.52299735883038256 -0.30155381090757954 -0.51418418224812157 -0.34449425741718026 -0.35760655612334546 -0.47720457311492176 -1.1865168070275354 -0.68389673277621854
decision_type=2 2 2 2 2 2 2 2 2 2 2 2 2 2 2 2 2 2 2 2 2 2 2 2 2 2 2 2 2 2
left_child=1 2 4 -2 5 -1 7 -7 -8 10 11 -10 13 19 15 16 -15 18 -16 21 -21 29 -23 -22 -25 28 27 -27 -26 -12
right_child=3 -3 -4 -5 -6 6 8 -9 9 -11 12 -13 -14 14 17 -17 -18 -19 -20 20 23 22 -24 24 25 26 -28 -29 -30 -31
leaf_value=-0.047305140369142198 0.015049952853286218 0.063857697768738245 0.04937796292908004 0.050108053130048791 0.019460771028172445 -0.055798780898985025 0.022475690863537425 0.078525390008178514 -0.032988947443324347 -0.040267223903190374 -0.0052294065885358553 0.049587643324885522 -0.049883345709732414 0.03964223941018985 -0.043323288324845083 0.10306095078767603 -0.055047738655215395 0.02841643922909325 0.011943316687517233 -0.048432985116460964 -0.038770920450432761 0.072037989873889374 -0.018282428104099219 0.077954476834022041 0.027543019986006879 0.017882823141867264 0.046688110691315857 -0.056077687945963184 -0.043701846656979362 -0.054658265398019268
leaf_weight=13.142221767455338 4.4618023857474318 3.6486999690532675 2.034895807504653 104.31566348671913 2.1099120602011672 2.1142934560775757 3.1193932220339766 2.0832718983292571 2.1269156560301781 41.900306474417448 7.3841319158673295 2.274569332599639 9.1361484155058843 1.9770373329520223 12.141351792961361 1.8580891788005853 2.6250801682472229 2.944510541856288 3.5661973319947711 30.790870323777185 22.855416398495429 2.2774600088596344 2.343556486070141 2.2408475205302159 1.7784547731280262 3.8410205990076065 3.2275307774544277 4.0163358561694622 13.338154762983322 5.1944734007120141
leaf_count=174 23 22 10 668 15 25 32 16 25 546 73 21 114 19 150 18 33 33 39 422 278 21 22 27 22 35 27 46 175 69
internal_value=-0.00049152 -0.0261902 -0.0277973 0.0486701 -0.0285732 -0.0290792 -0.0277993 0.010867 -0.0286864 -0.0295739 -0.0263256 0.00968442 -0.0275126 -0.0258696 -0.0109258 0.0194059 -0.0143696 -0.0214313 -0.0307757 -0.0296492 -0.0334091 -0.0117048 0.0262318 -0.0243911 -0.012836 -0.0206007 -0.000527856 -0.0199225 -0.03532 -0.0256416
internal_weight=316.869 208.091 204.442 108.777 202.408 200.298 187.155 4.19757 182.958 179.838 137.938 4.40148 133.537 124.401 25.1123 6.46021 4.60212 18.6521 15.7075 99.2883 82.0886 17.1996 4.62102 51.2978 28.4423 26.2015 11.0849 7.85736 15.1166 12.5786
internal_count=3200 2509 2487 691 2477 2462 2288 41 2247 2215 1669 46 1623 1509 292 70 52 222 189 1217 1032 185 43 610 332 305 108 81 197 142
is_linear=0
shrinkage=0.05


Tree=31
num_leaves=31
num_cat=0
split_feature=2 1 6 7 8 1 4 5 7 1 4 4 6 1 2 4 1 1 2 4 5 8 8 6 2 2 4 5 6 6
split_gain=148.877 11.2188 4.52745 2.13672 2.06051 1.6761 1.72474 2.52497 2.48371 2.17773 2.52485 5.7908 2.32052 4.6307 3.81856 1.48358 1.43804 3.19232 3.94379 2.33002 5.24117 5.03344 5.06557 4.91228 5.22563 4.21322 4.20666 7.63945 3.20226 4.12341
threshold=0.26103676950788751 1.2799681179653957 0.90797763817126076 1.4458957296013795 -0.023933338064652712 -0.67432179673042392 0.099369598729839012 0.22119224682757102 -0.63945649945877059 -0.18355496182223469 -0.50234953060337284 -0.54179494364878866 -1.1869673590632133 -0.43921187833385439 -0.39804270866968167 0.032540542191864204 -0.64448539392447113 -0.63184954001899396 -0.50922135702251492 -0.4297320142749303 -0.47167620417172978 -0.31529459020250356 -0.41111387236349112 -0.55733908120585784 -0.52213598435015651 -0.57028594651450781 -0.56250666843031716 -0.28706670737934864 0.3584838684048412 0.20966263909310259
decision_type=2 2 2 2 2 2 2 2 2 2 2 2 2 2 2 2 2 2 2 2 2 2 2 2 2 2 2 2 2 2
left_child=1 2 3 5 -2 -1 7 9 -9 12 11 -11 13 14 -7 16 -14 18 -18 26 23 22 28 -21 25 -25 27 -19 29 -22
right_child=4 -3 -4 -5 -6 6 -8 8 -10 10 -12 -13 15 -15 -16 -17 17 19 -20 20 21 -23 -24 24 -26 -27 -28 -29 -30 -31
leaf_value=-0.04908547001290299 0.014350379605794911 0.063012203601549299 0.047830269339652523 0.03030984670488257 0.049129973538469728 -0.0065515069884629941 -0.041256094796584868 -0.031009531548762088 0.041177526695560948 -0.054633889405218752 -0.052249026343090546 0.067046168943350137 -0.04169530888041894 -0.056045357386879761 0.081872024250757791 -0.054823467813428423 -0.027186808487487769 -0.030125940923552877 0.051088707432420347 -0.040913565006277561 -0.023109579288763307 -0.048790639809852036 0.035995575099274618 0.020191164319273373 -0.015144871457946039 0.11323606551295447 -0.046090814845094585 0.059953872493046317 -0.054804775904708863 0.029648698234479909
leaf_weight=9.2457099035382253 4.4457667842507353 3.5161343812942496 1.9966851472854603 1.5672331303358067 101.15346468985081 2.9915502853691578 19.732531115412712 2.1019820012152195 2.7511685043573371 2.5558572225272655 14.827005475759504 1.5836050249636198 11.89151296764612 2.2996901236474505 2.0629297122359276 4.3401231057941905 3.3183624930679798 13.08769630640745 3.1241704374551622 3.3026849180459967 25.852929968386878 16.951546467840728 4.1491319984197608 2.5480176061391822 3.54677920415996 2.3284981474280357 28.004855379462228 2.8697769790887824 6.276499316096305 4.3227766118943682
leaf_count=130 23 22 10 10 668 38 267 29 28 34 188 17 172 27 14 59 38 151 30 42 323 231 40 26 39 23 373 25 83 40
internal_value=-0.000491038 -0.0255237 -0.0270831 -0.0278399 0.0476657 -0.0283047 -0.0272763 -0.0256254 0.00991208 -0.0266884 -0.0426099 -0.0080836 -0.0245807 0.00277531 0.0295376 -0.0260609 -0.0251121 -0.0234645 0.0107713 -0.0254122 -0.0196989 -0.0259065 -0.0163521 0.010769 0.0310332 0.0646194 -0.0344156 -0.0139261 -0.0223105 -0.0155518
internal_weight=308.747 203.147 199.631 197.635 105.599 196.067 186.822 167.089 4.85315 162.236 18.9665 4.13946 143.27 7.35417 5.05448 135.915 131.575 119.684 6.44253 113.241 69.2789 57.5529 40.6013 11.726 8.42329 4.87652 43.9623 15.9575 36.4522 30.1757
internal_count=3200 2509 2487 2477 691 2467 2337 2070 57 2013 239 51 1774 79 52 1695 1636 1464 68 1396 847 717 486 130 88 49 549 176 446 363
is_linear=0
shrinkage=0.05


Tree=32
num_leaves=31
num_cat=0
split_feature=2 1 6 8 7 3 3 4 5 0 7 8 0 8 0 8 12 6 6 11 2 2 2 1 8 1 1 2 5 2
split_gain=138.411 10.4517 4.18573 2.0176 1.97511 1.8804 2.43024 2.81799 2.94398 3.22073 3.38419 2.27562 2.6329 2.16222 2.92124 2.04329 3.73813 3.52845 3.40786 4.37551 6.04813 5.35914 3.24465 5.23045 4.95196 7.48712 3.11709 2.30294 6.78817 9.99234
threshold=0.26103676950788751 1.2799681179653957 0.90797763817126076 -0.023933338064652712 1.4458957296013795 -0.5673752561669626 -0.55862915082987807 -0.61026752394455841 -0.54006500472546171 -0.35219342830129935 -0.42426068045722298 -0.2286921259656465 -0.60528862996593402 1.0000000180025095e-35 -0.50659442413980482 -0.45097457947957148 1.0000000180025095e-35 0.41572280275550993 0.095184770391765192 0.98649928985631286 -0.46182579806084384 -0.37020275483716397 -0.518091410734559 -0.54841222683799962 -0.38663747336437987 -0.42031090848451907 -0.60861183984327571 -0.52934258735173034 -0.30155381090757954 -0.51418418224812157
decision_type=2 2 2 2 2 2 2 2 2 2 2 2 2 2 2 2 2 2 2 2 2 2 2 2 2 2 2 2 2 2
left_child=1 2 4 -2 5 -1 -7 -8 9 10 -9 15 -13 -14 -15 17 22 18 27 20 -20 -22 23 -17 -25 -26 -24 -10 -29 -30
right_child=3 -3 -4 -5 -6 6 7 8 11 -11 -12 12 13 14 -16 16 -18 -19 19 -21 21 -23 26 24 25 -27 -28 28 29 -31
leaf_value=-0.046468392207576842 0.013681718422557908 0.062228123049273658 0.046345004657271267 0.048177419234467583 0.028549698982260022 0.022934879313631418 0.014989044055776904 0.059734182064252184 -0.040848328273469348 -0.054789529438921042 -0.028750825134078672 -0.054273052836119454 -0.048462673881672802 0.03821493318521009 -0.025859131211785048 -0.030647602386326911 -0.040211624842487553 -0.054324192374335611 -0.040774800946262311 0.052557091288779847 0.080162691832706384 -0.016683768541091184 0.020869666023411646 0.097041308726270203 0.066881346543852416 -0.05470064488869595 -0.046796075452305644 -0.045764463141515957 0.12969664588677385 -0.011908685771631964
leaf_weight=12.325792428106068 4.4302957057952872 3.385720267891883 1.9586190730333317 98.074384585022926 1.5803160965442646 2.4739230796694747 3.91335305571556 2.919406913220882 31.494602754712091 1.6267865896224964 1.7155673205852511 17.322130210697651 8.2784592024981993 2.0960024408996096 11.756755020469425 4.102054242044689 9.4384276978671569 12.392536360770462 9.8200799338519573 2.6637274883687487 2.4329129979014397 3.4598998427391061 2.4387754201889038 2.5009264424443263 2.7623681947588938 2.3379179872572387 5.6333792209625226 16.490568626672019 1.3400847390293993 17.70653653517369
leaf_count=174 23 22 10 668 10 26 38 28 442 21 19 253 116 24 154 56 112 177 124 25 20 35 24 22 25 31 71 222 15 213
internal_value=-0.000490217 -0.0248684 -0.0263807 0.0466865 -0.0271187 -0.0275782 -0.0262783 -0.0269675 -0.0279181 0.00573857 0.0269828 -0.0291841 -0.0396732 -0.0282459 -0.0161644 -0.025926 -0.0143226 -0.029392 -0.0257744 -0.00669924 -0.0167447 0.0233004 -0.00196624 0.014854 0.0394093 0.0111494 -0.0263528 -0.0310038 -0.0222792 -0.0019456
internal_weight=300.872 198.368 194.982 102.505 193.023 191.443 179.117 176.643 172.73 6.26176 4.63497 166.468 39.4533 22.1312 13.8528 127.015 29.2138 97.8009 85.4084 18.3766 15.7129 5.89281 19.7754 11.7033 7.60121 5.10029 8.07215 67.0318 35.5372 19.0466
internal_count=3200 2509 2487 691 2477 2467 2293 2267 2229 68 47 2161 547 294 178 1614 341 1273 1096 204 179 55 229 134 78 56 95 892 450 228
is_linear=0
shrinkage=0.05


Tree=33
num_leaves=31
num_cat=0
split_feature=2 1 6 9 3 1 6 1 2 7 1 1 8 0 6 6 6 4 9 0 2 9 6 2 0 4 4 6 0 1
split_gain=128.675 9.73924 3.86911 2.20097 2.09946 1.84626 2.97485 2.60504 4.62604 2.67064 2.13935 2.74724 1.96785 2.93048 2.99712 5.33636 7.72626 5.11339 3.68872 3.12749 2.83259 5.2921 2.03044 2.49922 3.17289 5.25229 4.49053 5.72173 3.40497 2.25292
threshold=0.26103676950788751 1.2799681179653957 0.90797763817126076 -0.41739997224279674 4.9662738841152505 -0.64448539392447113 -1.1755195721930798 -0.63184954001899396 -0.50922135702251492 1.3838853872389729 -0.62054438135280299 -0.61692712644205228 -0.086219841523367466 -0.13038631918653584 0.38137944214510872 0.083736983521631461 0.14097591787230015 -0.60612493922096289 -0.093571867854554167 -0.55968212710101473 -0.61428788614928975 -0.68389673277621854 -0.8320859660890676 -0.56295463213889219 -0.49872557221912678 -0.2856482198693906 0.081919371092023283 -0.19100990136157828 -0.75288375657835027 -0.48004022525100992
decision_type=2 2 2 2 2 2 2 2 2 2 2 2 2 2 2 2 2 2 2 2 2 2 2 2 2 2 2 2 2 2
left_child=1 2 5 -2 -5 6 -1 8 -7 10 -9 -12 13 14 15 17 -17 -13 -18 -20 21 -19 -22 -24 25 29 27 28 -27 -25
right_child=3 -3 -4 4 -6 7 -8 9 -10 -11 11 12 -14 -15 -16 16 18 20 19 -21 22 -23 23 24 -26 26 -28 -29 -30 -31
leaf_value=0.019554668782844523 0.011492735843179275 0.061499844175999421 0.044916084803973577 0.048850998824415834 0.010671653581383583 -0.032835995965229819 -0.044866081027281082 -0.054625910820150295 0.042809540676704692 0.036532682341989572 0.029551826511423757 0.036741919052954312 -0.038688102258125447 -0.037212307593950132 -0.042162524913321245 0.079804103803080909 -0.026971256807355477 0.039454205020487708 -0.01259154817108272 0.071185219242370243 -0.045305786590186081 -0.035553991168795582 -0.048001112826692158 -0.0075240471599200684 -0.046960050597482886 0.086787556731198534 -0.053887256632114411 -0.032436323023733248 0.0025259370207507781 -0.054481647411754999
leaf_weight=1.9544746167957807 4.4828080236911765 3.2577642500400534 1.9208531230688084 91.265226259827614 3.7486209720373145 4.253953255712986 21.565632153302431 6.5443304218351832 3.8504360616207105 1.6908396184444416 2.2388786338269702 3.4888063222169725 26.149741131812334 29.614034410566092 12.192564807832239 3.1990426667034617 8.2356199286878091 4.420491561293602 2.2171723805367947 2.2389726266264907 15.535128932446225 5.0242207571863968 7.9824816323816625 5.0526134781539307 6.3038993217051766 4.0767616145312777 1.6916415914893148 2.2202362865209571 1.6984154656529424 5.1658901758492002
leaf_count=24 27 22 10 640 24 54 327 90 37 11 26 33 363 392 173 27 97 39 25 19 217 66 120 62 88 38 26 30 21 72
internal_value=-0.000490747 -0.024222 -0.0256877 0.0457294 0.0473447 -0.0264067 -0.0395128 -0.0245395 0.00310358 -0.0259666 -0.0266471 -0.0254161 -0.0262561 -0.0235551 -0.0190981 -0.0155181 0.0103604 -0.0220809 -0.00714329 0.0295018 -0.0255492 -0.000447247 -0.0303168 -0.0235065 -0.0160463 -0.00625626 0.0201225 0.0357813 0.0620071 -0.0312631
internal_weight=293.282 193.785 190.527 99.4967 95.0138 188.606 23.5201 165.086 8.10439 156.982 155.291 148.747 146.508 120.358 90.744 78.5514 15.8908 62.6606 12.6918 4.45615 59.1718 9.44471 49.7271 34.1919 26.2095 19.9056 9.68705 7.99541 5.77518 10.2185
internal_count=3200 2509 2487 691 664 2477 351 2126 91 2035 2024 1934 1908 1545 1153 980 168 812 141 44 779 105 674 457 337 249 115 89 59 134
is_linear=0
shrinkage=0.05


Tree=34
num_leaves=31
num_cat=0
split_feature=1 8 0 8 3 3 0 0 0 0 0 7 5 10 7 10 3 4 8 7 9 7 7 9 0 9 7 10 7 3
split_gain=109.4 13.9778 11.3366 4.33732 1.83534 2.64689 4.01259 5.13959 4.97489 4.3819 5.04492 3.67925 2.17155 2.16255 2.43725 2.07156 2.04153 2.7847 3.11051 1.68506 1.72162 1.73613 4.36487 2.27095 1.83703 1.69742 4.77368 5.23348 2.59116 2.25693
threshold=0.19103045683483741 -0.45854361067295429 1.5573656483092535 1.5178545624048658 -0.5673752561669626 -0.41690527970286867 0.094711955673159751 -0.95540487144814212 -0.92540951807127958 -0.7333070494712266 -0.6579082292988222 -0.94316671086567228 -0.60710728456739205 -1.3096694806325151 0.32654253101180114 -0.03140796935762389 -0.39577796915671082 -0.56250666843031716 -0.62033203353056876 -0.7582426102791241 -0.76541830991751136 -0.86679013174991326 -0.88546662780060037 -0.52369610919549026 0.22968832778853629 -1.0486088130242492 -0.37409621458701747 -0.59925465563337144 -0.4989425694691581 0.39195460249356923
decision_type=2 2 2 2 2 2 2 2 2 2 2 2 2 2 2 2 2 2 2 2 2 2 2 2 2 2 2 2 2 2
left_child=2 -2 3 4 12 6 7 -6 -9 -10 15 -12 -1 -13 -15 -11 -7 18 -18 20 -19 22 23 -22 -25 26 27 -21 -29 -27
right_child=1 -3 -4 -5 5 16 -8 8 9 10 11 13 -14 14 -16 -17 17 19 -20 25 21 -23 -24 24 -26 29 -28 28 -30 -31
leaf_value=0.0095736988568121111 -0.048053056929911533 0.046798105856719147 0.045482008700227811 0.033151420571502208 -0.043568556845204942 -0.051990795241394244 -0.049405036972550449 0.081267134269999666 -0.037191846073033302 0.023356532796238783 0.04848994358596681 0.026417757602716491 -0.054181893420098284 -0.027404547297267691 0.040987914809003996 0.093252022900994769 0.055213944200317312 -0.053944665964920993 -0.031015570349345146 0.078465001683663299 0.0062038431542609969 -0.047931227701813788 0.055105596235846592 -0.054406594096057637 0.0064330131439463804 -0.029235954723758385 -0.044129865091019835 -0.054422868794075291 0.031146677494769098 0.018975471615799017
leaf_weight=1.549560885876416 4.0543239489197722 92.523915149271488 5.9270248785614958 3.1754134595394126 8.6919350959360582 8.63976928219199 7.234697848558425 1.7625208534300316 7.9858159795403436 2.3611843325197697 2.7938934415578833 2.8875478096306351 9.6722925305366498 13.559147130697975 1.4410856626927842 1.923793639987706 2.1488794349133968 10.969767745584248 2.0373928323388091 2.5211363434791565 3.1962109096348259 8.0257967710495013 1.749895080924033 6.832096666097641 1.5160754807293413 60.037285469472415 4.6088037826120765 1.9516634903848173 1.6182680428028104 2.5297787711024275
leaf_count=22 49 669 40 24 118 122 97 18 107 25 29 32 147 170 15 18 20 171 24 25 42 120 20 99 16 821 64 29 18 29
internal_value=-0.000489183 0.0428163 -0.0225773 -0.0247766 -0.0257971 -0.0244971 -0.0149306 -0.00918465 -0.000575613 -0.00495312 0.00535874 -0.0048718 -0.0453783 -0.0132064 -0.020834 0.054737 -0.0285894 -0.0267471 0.0132474 -0.0283333 -0.0378493 -0.0295678 -0.0184817 -0.029636 -0.0433578 -0.0241394 -0.00573618 0.0233144 -0.0156338 -0.0272866
internal_weight=285.927 96.5782 189.349 183.422 180.246 169.024 50.6416 43.4069 34.715 32.9525 24.9667 20.6817 11.2219 17.8878 15.0002 4.28498 118.383 109.743 4.18627 105.557 32.2898 21.3201 13.2943 11.5444 8.34817 73.2669 10.6999 6.09107 3.56993 62.5671
internal_count=3200 718 2482 2442 2418 2249 629 532 414 396 289 246 169 217 185 43 1620 1498 44 1454 468 297 177 157 115 986 136 72 47 850
is_linear=0
shrinkage=0.05


Tree=35
num_leaves=31
num_cat=0
split_feature=2 1 0 4 1 1 2 1 1 9 3 5 1 0 0 3 3 2 3 5 12 3 7 7 5 5 10 9 10 4
split_gain=111.422 8.57248 2.80417 2.59647 2.29751 2.82297 3.52849 2.21039 2.90301 2.13676 2.08589 1.82649 1.92067 3.58417 3.24009 4.28269 6.67259 4.27448 3.42794 4.64453 3.21151 3.09424 6.32226 2.91806 1.99729 1.97109 2.38676 2.91606 4.14412 1.70678
threshold=0.26103676950788751 1.2799681179653957 1.283343102848481 0.099369598729839012 -0.64448539392447113 -0.63184954001899396 -0.50922135702251492 -0.62054438135280299 -0.61692712644205228 -0.41739997224279674 4.9662738841152505 0.22119224682757102 -0.42243855641353761 -0.03711587465352504 -0.96958034440728824 -0.41690527970286867 -0.43295134401924623 -0.61815844571620027 -0.53403861243848316 -0.39951790527015779 1.0000000180025095e-35 -0.16485053153286366 -0.34175866102363645 -0.90384931230399512 -0.46970016784797036 -0.58021129192019882 0.26140899017783498 0.27086052614417755 -0.55994841720712485 -0.10537862144319797
decision_type=2 2 2 2 2 2 2 2 2 2 2 2 2 2 2 2 2 2 2 2 2 2 2 2 2 2 2 2 2 2
left_child=1 2 3 4 -1 6 -6 -7 -9 -2 -11 12 13 14 29 16 17 -16 -19 20 24 -17 -23 -15 -20 -14 27 -27 -29 -10
right_child=9 -3 -4 -5 5 7 -8 8 11 10 -12 -13 25 23 15 21 -18 18 19 -21 -22 22 -24 -25 -26 26 -28 28 -30 -31
leaf_value=-0.039039797414134839 0.0097267755823501664 0.060333587229654755 0.022799184983342054 -0.04279820983193737 -0.027377071139773213 -0.054363430822890094 0.042337562275911206 0.038284851181672679 -0.044749614475487365 0.0471617807690057 0.0084399614708966491 0.013079215934774633 0.017783717246541292 0.0086983768445448358 0.054113899492747156 -0.030737468834714676 0.08451674925268253 -0.045611227554689091 0.022381014467016496 -0.054379052064232006 -0.018173170526237997 -0.030976617734070455 0.066910785838045467 -0.054356373341704449 0.090229672648614534 -0.032037467874417906 -0.050388166780274746 -0.038425166231518176 0.043091541162511383 0.00095217833281242576
leaf_weight=19.839664861559868 4.3551596254110327 3.0382415205240241 3.0998078361153594 18.700418587774038 3.4360994882881641 5.2356241308152667 3.8471748270094386 2.0175000466406336 9.7655053883790952 85.78772746026516 3.6248759329318991 3.5708213225007048 2.0454007498919955 2.2588272243738166 2.9765198118984744 18.262962393462651 2.676640529185522 4.9029006399214312 2.4354540966451195 2.3671950697898785 2.524581141769886 4.0716145746409893 2.7729042395949568 9.7753404676914268 1.9556615874171255 31.450558748096228 13.411703351885079 2.9062573499977589 3.3635635673999777 2.5833486653864304
leaf_count=314 27 22 25 280 45 76 36 23 137 640 24 45 26 27 28 259 23 67 27 34 30 57 29 144 17 441 187 37 39 34
internal_value=-0.000486729 -0.022962 -0.0243506 -0.0251664 -0.0231115 -0.0208641 0.00944763 -0.0225199 -0.0212183 0.0439262 0.045592 -0.0221705 -0.023198 -0.0177149 -0.0125047 -0.00627233 0.0110906 -0.000360968 -0.0117911 0.00607151 0.0267633 -0.0199918 0.00868028 -0.0425209 0.0525986 -0.0303464 -0.0322717 -0.0258303 0.00530601 -0.0351889
internal_weight=279.06 185.292 182.254 179.154 160.454 140.614 7.28327 133.331 128.095 93.7678 89.4126 126.078 122.507 69.3295 57.2953 44.9464 19.839 17.1623 14.1858 9.28289 6.9157 25.1075 6.84452 12.0342 4.39112 53.1775 51.1321 37.7204 6.26982 12.3489
internal_count=3200 2509 2487 2462 2182 1868 81 1787 1711 691 664 1688 1643 913 742 571 226 203 175 108 74 345 86 171 44 730 704 517 76 171
is_linear=0
shrinkage=0.05


Tree=36
num_leaves=31
num_cat=0
split_feature=2 8 10 0 1 10 2 6 1 2 6 1 6 6 4 9 11 6 9 6 8 1 10 4 4 10 10 0 1 1
split_gain=103.547 9.95005 3.35139 2.43386 2.67226 2.1685 3.49807 2.02638 5.23574 5.90911 2.55963 2.39519 2.78889 5.46242 2.87083 2.70894 3.36001 8.03373 3.71132 3.58506 4.25246 2.36702 2.41899 1.80241 3.22381 1.82953 1.59101 1.46117 1.39352 1.50495
threshold=-0.13049713171448926 -0.33258576906534515 0.37716066179429231 0.48497408146685034 1.666174963909911 -0.075723072806809621 1.6418887094453607 -1.1869673590632133 -0.43921187833385439 -0.39804270866968167 -1.2098629328034809 -0.64448539392447113 0.083736983521631461 0.10663255726189894 -0.042052330150773802 -0.53815491610554311 1.0000000180025095e-35 0.40427501588537623 0.20447663039014422 0.48440952397631237 -0.41111387236349112 -0.5754301277465752 -0.33625633791035658 -0.58698813852144871 -0.62050816202769388 -0.10193570952309841 -1.37065914427896 2.229636751043357 -0.059821534223506855 -0.54841222683799962
decision_type=2 2 2 2 2 2 2 2 2 2 2 2 2 2 2 2 2 2 2 2 2 2 2 2 2 2 2 2 2 2
left_child=7 2 -2 4 5 -3 -7 8 9 10 -1 26 23 -14 15 21 19 18 -18 -17 -21 22 -15 24 -13 -26 -9 -5 29 -25
right_child=1 3 -4 27 -6 6 -8 11 -10 -11 -12 12 13 14 -16 16 17 -19 -20 20 -22 -23 -24 28 25 -27 -28 -29 -30 -31
leaf_value=-0.035543123624614613 -0.04654625016225928 -0.02775788557112719 0.02141398844456115 0.042711115328639929 0.060024247983132245 0.050317443680830382 -0.015855744407298211 0.0020224364408964485 -0.049478098775856072 0.10382432034975791 0.04831277367955969 -0.054627378069450817 0.067610174399422712 0.038534028546770072 -0.045687175734936913 -0.036087341653712544 0.030404067888613225 -0.042217027731842348 0.12130644618894604 -0.027924794178692793 0.079898945719019426 -0.036497725195677629 -0.032486960800423924 -0.038939250385501514 0.045066480390427183 -0.015382193654324595 -0.047692401852885619 0.059656885979273988 -0.051728053974493426 -0.024210276710724597
leaf_weight=2.6058095581829543 4.2447227574884883 2.6734560616314402 3.1679800376296043 67.386510379612446 3.8067122325301161 5.020165950059889 3.3164831399917603 1.7765685841441179 3.6214608401060087 1.7526417151093481 1.3983609080314638 2.2677992098033428 1.967881929129361 2.5044498294591904 7.5048769675195208 7.2059560939669627 2.7333445101976386 2.5873573757708073 1.9056859165430067 1.8743048682808878 1.7855737805366514 13.093184873461725 2.3000479936599723 25.810171540826559 2.7118079699575901 2.3247910477221003 17.093873266130686 15.681114524602888 7.4066746383905402 52.86308566853404
leaf_count=39 46 24 24 512 28 38 25 27 49 11 17 33 21 26 114 89 29 35 16 27 18 183 34 396 25 26 293 119 111 765
internal_value=-0.000483626 0.0383506 -0.017502 0.0425802 0.0239122 0.0114265 0.0239924 -0.0249554 -0.00237529 0.0272559 -0.00625845 -0.0262981 -0.0240265 -0.0138704 -0.0175569 -0.011691 0.00195268 0.0283747 0.0677462 -0.0156194 0.02468 -0.025483 0.00453429 -0.0289709 -0.00512468 0.0171646 -0.043012 0.0459101 -0.0309943 -0.0290424
internal_weight=272.393 105.297 7.4127 97.8844 14.8168 11.0101 8.33665 167.096 9.37827 5.75681 4.00417 157.717 138.847 45.4627 43.4948 35.9899 18.0922 7.22639 4.63903 10.8658 3.65988 17.8977 4.8045 93.3843 7.3044 5.0366 18.8704 83.0676 86.0799 78.6733
internal_count=3200 816 70 746 115 87 63 2384 116 67 56 2268 1948 592 571 457 214 80 45 134 45 243 60 1356 84 51 320 631 1272 1161
is_linear=0
shrinkage=0.05


Tree=37
num_leaves=31
num_cat=0
split_feature=2 1 9 0 9 3 3 3 0 0 10 1 4 3 2 12 10 2 7 2 5 5 0 2 2 3 4 5 2 2
split_gain=96.1458 7.78762 6.14165 2.90132 2.10791 2.0796 1.87623 3.07211 4.67083 4.41019 4.25203 5.43843 3.58818 3.24404 2.79402 3.02346 3.25968 2.57583 4.03222 4.62843 3.9811 3.37357 2.56275 2.42956 2.68403 3.16588 7.8324 3.05226 2.35754 3.62251
threshold=0.26103676950788751 0.27839597170200692 0.29461558979727226 -0.044846890234217167 -0.41739997224279674 4.9662738841152505 -0.5673752561669626 -0.47497121617871546 -0.77737289144586874 -0.078484201535312423 0.047850054853569968 -0.41239590979717583 -0.61026752394455841 -0.48381697949935337 -0.36738017938588113 -0.74002698477181994 -0.76207503649445896 -0.34449425741718026 -0.86679013174991326 -0.28745189650929653 -0.19638726556517552 -0.10222466254423247 -0.13038631918653584 -0.60942377085899468 -0.63735761389618728 -0.29291066560903417 -0.24794612620347398 -0.39951790527015779 -0.55069853381578837 -0.51418418224812157
decision_type=2 2 2 2 2 2 2 2 2 2 2 2 2 2 2 2 2 2 2 2 2 2 2 2 2 2 2 2 2 2
left_child=1 6 3 -3 -2 -6 -1 8 13 10 14 -12 -9 -8 15 -10 -17 22 19 -19 -20 -22 23 24 -14 27 -27 -26 -25 -30
right_child=4 2 -4 -5 5 -7 7 12 9 -11 11 -13 17 -15 -16 16 -18 18 20 -21 21 -23 -24 28 25 26 -28 -29 29 -31
leaf_value=-0.044498578891770071 0.0076916277447793713 -0.058287993088771417 0.062442555705928708 0.028120891404907523 0.045516619659488645 0.0062456532029015873 -0.053928218763176217 0.06403128477116439 0.052601457091052843 -0.030803740649322633 0.098714319259883193 -0.0075838849653252771 -0.043620764685825181 0.018494507827410037 -0.054873480503166643 0.031974941033118674 -0.054963415323091118 0.073545081693007941 -0.049660426656839021 -0.011538109767486907 0.035015918573721654 -0.02642353560392087 -0.044068967835116192 -0.044198712543240357 0.014819453615913976 0.08466691504611619 -0.016811842847506853 -0.055015154466179716 0.0015949604985376583 -0.03295439361025225
leaf_weight=10.538955874741076 4.2275193110108367 2.2903605923056607 4.784502562135458 1.6869616359472255 80.607370398938656 3.5182797014713278 7.0264504924416542 1.0967415831983078 2.9942958205938357 5.9565218165516844 3.0843137726187706 1.9729719124734391 4.5995130985975292 1.9825111478567139 1.8442655615508554 2.0941635817289366 2.2223759964108454 2.5615316219627857 8.449918400496248 4.2511110976338413 3.6750929616391659 5.6989304088056052 25.348217129707336 21.087438061833375 2.6766918115317822 3.0263238772749901 5.1155934892594708 3.7661860659718522 10.518079522997132 27.225544381886742
leaf_count=172 27 27 36 16 640 24 110 8 30 87 25 23 68 23 25 21 30 23 117 44 38 68 409 362 29 28 68 52 154 416
internal_value=-0.000478941 -0.0216856 0.0242752 -0.0216381 0.042143 0.0438742 -0.0240711 -0.0227109 -0.0080583 0.00531186 0.0204482 0.0572448 -0.0260226 -0.0379909 0.000121728 0.0139951 -0.0127854 -0.0267942 -0.0122658 0.0204529 -0.0247715 -0.00233615 -0.030257 -0.0257693 -0.0103177 0.000184902 0.0209075 -0.0260024 -0.0308079 -0.0233265
internal_weight=265.929 177.576 8.76182 3.97732 88.3532 84.1257 168.814 158.275 29.1779 20.1689 14.2124 5.05729 129.097 9.00896 9.1551 7.31084 4.31654 128 24.6366 6.81264 17.8239 9.37402 103.364 78.0154 19.1843 14.5848 8.14192 6.44288 58.8311 37.7436
internal_count=3200 2509 79 43 691 664 2430 2258 374 241 154 48 1884 133 106 81 51 1876 290 67 223 106 1586 1177 245 177 96 81 932 570
is_linear=0
shrinkage=0.05


Tree=38
num_leaves=31
num_cat=0
split_feature=2 7 8 6 1 2 0 1 6 6 4 9 11 6 6 8 9 1 0 2 9 7 9 2 3 3 8 8 2 3
split_gain=89.3999 10.7655 3.60169 1.86926 4.84449 4.75321 2.48057 2.38462 2.69323 4.85908 2.80228 2.49097 3.02617 7.04235 3.29498 3.56595 2.97017 2.25742 1.82176 1.76104 4.00871 3.53051 3.38161 1.67754 1.94842 2.83118 2.85855 4.14454 5.16812 1.92149
threshold=-0.13049713171448926 -0.64357903728272348 -0.33258576906534515 -1.1869673590632133 -0.43921187833385439 -0.39804270866968167 -0.39674024381204592 -0.64448539392447113 0.083736983521631461 0.10663255726189894 -0.042052330150773802 -0.53815491610554311 1.0000000180025095e-35 0.40427501588537623 0.48440952397631237 -0.41111387236349112 0.20447663039014422 -0.5754301277465752 2.229636751043357 -0.61428788614928975 -0.68389673277621854 -0.85179668387755403 -1.0814296099177512 -0.54295881379775024 -0.50893208280548985 -0.48676529919091976 -0.89020044576809931 -0.92225782652029376 -0.51081815130204067 -0.384636150706053
decision_type=2 2 2 2 2 2 2 2 2 2 2 2 2 2 2 2 2 2 2 2 2 2 2 2 2 2 2 2 2 2
left_child=3 -2 -3 4 5 6 -1 -5 19 -10 11 17 14 16 -13 -16 -14 -11 -4 20 22 -22 -9 29 -25 -26 27 28 -27 -21
right_child=1 2 18 7 -6 -7 -8 8 9 10 -12 12 13 -15 15 -17 -18 -19 -20 23 21 -23 -24 24 25 26 -28 -29 -30 -31
leaf_value=0.027237711788233449 -0.036899633732060101 -0.0035084786118353391 0.039442086504556939 -0.042158586090982393 -0.048866586298945115 0.092342497791246217 -0.054457549456271265 -0.034536735690787794 0.063008418698233412 0.005462480486564187 -0.044915084156145015 -0.034808902512780314 0.02913797960672004 -0.041212216998360252 -0.026530529686577282 0.072085613590095812 0.10890929775016067 -0.035195125194441797 0.058733989040526693 -0.024786974748212533 0.024720042828053464 -0.053984177587909979 0.038209865815654609 -0.048185871838017674 0.034475759093378314 0.066058699250309591 -0.030286075411627818 0.066375284849817584 -0.053684755962619284 -0.053518125945236784
leaf_weight=2.3535125404596329 4.7295372635126105 4.4521998837590209 75.783633172512054 17.768369376659393 3.4114620462059957 1.850076802074909 1.5353302098810675 2.3632590882480145 2.0307201668620101 4.7130752056837073 7.0586929582059375 6.8598776720464247 2.7465057745575896 2.4522163793444633 1.7927237600088122 1.8758945018053053 2.0288747772574425 12.386554416269066 14.593683108687399 9.8781558088958281 1.8369029685854901 6.3526910841464987 4.9300724267959586 8.0205876268446428 2.1593176461756149 1.2468587830662721 32.977710824459805 1.9776681065559305 3.2494062110781674 14.162725090980528
leaf_count=32 53 37 607 320 49 11 24 31 21 60 114 89 29 35 27 18 16 183 119 155 24 99 46 122 29 20 500 23 53 254
internal_value=-0.000477978 0.0367226 0.0403945 -0.0236231 -0.00167991 0.0263699 -0.00501589 -0.0249539 -0.0226572 -0.0125266 -0.0161862 -0.0103683 0.0027488 0.027662 -0.0143536 0.0238954 0.0630297 -0.0239889 0.0425572 -0.0276506 -0.0123219 -0.036331 0.0146378 -0.0308721 -0.025621 -0.0212716 -0.0243228 0.0060536 -0.0204787 -0.0417128
internal_weight=259.578 99.5591 94.8295 160.019 9.15038 5.73892 3.88884 150.869 133.1 43.9451 41.9144 34.8557 17.7561 7.2276 10.5285 3.66862 4.77538 17.0996 90.3773 89.1554 15.4829 8.18959 7.29333 73.6724 49.6315 41.611 39.4516 6.47393 4.49626 24.0409
internal_count=3200 816 763 2384 116 67 56 2268 1948 592 571 457 214 80 134 45 45 243 726 1356 200 123 77 1156 747 625 596 96 73 409
is_linear=0
shrinkage=0.05


Tree=39
num_leaves=31
num_cat=0
split_feature=2 7 9 10 3 4 5 6 1 2 0 6 9 1 7 0 4 6 6 2 1 4 7 1 5 3 0 2 0 0
split_gain=82.9183 10.0046 3.25716 2.16003 2.05359 1.80632 2.20377 1.98858 4.09517 3.72502 2.31647 2.03557 3.49224 2.76968 3.4492 7.7907 2.77864 4.70661 6.15198 6.94653 4.70341 4.18729 3.9528 3.60103 3.21304 2.65858 2.65536 5.90658 3.64917 3.46668
threshold=-0.13049713171448926 -0.64357903728272348 -0.41739997224279674 0.37716066179429231 4.9662738841152505 0.099369598729839012 0.22119224682757102 -1.1869673590632133 -0.43921187833385439 -0.39804270866968167 0.66825594350383422 -0.40851785189411932 -0.80354214332994855 -0.62054438135280299 -0.93572584240645329 -0.50659442413980482 -0.41309623706573156 0.38137944214510872 0.30124493405417258 -0.54295881379775024 -0.4685550458876776 -0.20075113918448245 -0.32759101262509632 0.030464740271564518 -0.43265526388013531 -0.50893208280548985 -0.67474622421048835 -0.6115726644886349 0.38141519288804054 -0.51871396013762172
decision_type=2 2 2 2 2 2 2 2 2 2 2 2 2 2 2 2 2 2 2 2 2 2 2 2 2 2 2 2 2 2
left_child=5 -2 3 -3 -4 6 7 8 9 -1 11 26 -13 25 15 -15 23 18 19 24 21 -21 -22 -16 -18 -14 -9 29 -29 -28
right_child=1 2 4 -5 -6 -7 -8 10 -10 -11 -12 12 13 14 16 -17 17 -19 -20 20 22 -23 -24 -25 -26 -27 27 28 -30 -31
leaf_value=-0.0054763612225554384 -0.036058076187887547 -0.028630124130808024 0.043748767064417771 0.028701548426601345 0.0041919130034172424 -0.03901629037595522 0.014603396143901375 -0.044166704338143507 -0.046892371184686241 0.084072337942839012 -0.054590771576159526 -0.033993744326062385 0.016100892766051113 -0.021826958226763449 -0.035695885925916007 0.099076658415277838 0.023890253633875199 -0.039311410474690778 0.10065278216375195 0.096193259281163512 -0.053965951986459683 0.0010370450439146602 0.056067241550639427 0.048351902793942247 -0.053836359325958365 -0.047273889168949659 0.070977745464245942 -0.03962184384131473 0.02421115962093668 -0.0050277656347865315
leaf_weight=2.9196788854897022 4.6012166552245608 2.6806420870125285 81.888606280088425 4.243826687335968 3.4179714620113364 15.749687086790798 4.1792638301849356 19.99656843021512 2.67832276970148 1.9283071160316465 5.8003936894237986 21.425074201077223 2.1001571863889694 2.9408180080354214 12.756579041481009 2.4361825212836186 1.7931563556194303 5.5262419059872618 1.8197042308747757 3.3948448486626082 2.1231491900980477 1.7531390450894835 1.3259271122515581 1.4158734455704678 5.1430570967495379 7.8044020161032588 2.2692133039236069 20.461202461272482 2.5140420049428931 4.4272516667842892
leaf_count=42 53 24 686 29 24 271 56 331 40 11 86 335 33 38 194 23 20 85 15 29 34 25 17 18 84 134 20 350 40 53
internal_value=-0.000477096 0.0358971 0.0394868 0.00650697 0.0421638 -0.022957 -0.0211623 -0.0222553 0.00272845 0.030142 -0.0237104 -0.0222592 -0.01699 -0.0100287 -0.00447116 0.0329514 -0.00990199 0.00087468 0.0136724 0.00348272 0.0335164 0.0637879 -0.0116659 -0.0272992 -0.0337424 -0.0338359 -0.030084 -0.0205933 -0.032637 0.020728
internal_weight=253.515 96.8323 92.231 6.92447 85.3066 156.682 140.933 136.753 7.52631 4.84799 129.227 123.427 73.7583 52.3332 42.4287 5.377 37.0517 22.8792 17.353 15.5333 8.59706 5.14798 3.44908 14.1725 6.93621 9.90456 49.6683 29.6717 22.9752 6.69646
internal_count=3200 816 763 53 710 2384 2113 2057 93 53 1964 1878 1084 749 582 61 521 309 224 209 105 54 51 212 104 167 794 463 390 73
is_linear=0
shrinkage=0.05


Tree=40
num_leaves=31
num_cat=0
split_feature=2 1 9 0 8 1 3 3 0 0 10 2 4 3 4 10 2 0 10 6 2 0 6 1 6 8 1 8 11 11
split_gain=77.0511 6.62566 5.21947 2.76914 2.20754 2.82758 1.86496 2.83041 4.35627 3.9984 3.81988 3.42033 3.23932 3.19189 2.36102 3.77045 2.32167 3.02169 3.73186 4.20834 3.63047 2.57409 2.83515 3.878 6.36618 5.21824 3.63898 4.53393 3.95662 4.18302
threshold=0.26103676950788751 0.27839597170200692 0.29461558979727226 -0.044846890234217167 0.19848317328570522 1.3647751302091884 -0.5673752561669626 -0.47497121617871546 -0.77737289144586874 -0.078484201535312423 0.38811606483161354 -0.36738017938588113 -0.61026752394455841 -0.48381697949935337 -0.49973692191336977 -0.44882964495216293 -0.34449425741718026 0.22968832778853629 -0.11405958839267211 -0.36272670441358429 -0.23323661230895307 -0.13038631918653584 -0.40851785189411932 -0.58968995146156022 0.38137944214510872 -0.34618249813127316 -0.53320943847044078 -0.65825336148056179 0.98649928985631286 -0.84220323152830712
decision_type=2 2 2 2 2 2 2 2 2 2 2 2 2 2 2 2 2 2 2 2 2 2 2 2 2 2 2 2 2 2
left_child=1 6 3 -3 5 -2 -1 8 13 10 11 14 -9 -8 15 -10 21 18 -18 -20 -19 22 -14 -24 25 26 27 -25 29 -28
right_child=4 2 -4 -5 -6 -7 7 12 9 -11 -12 -13 16 -15 -16 -17 17 20 19 -21 -22 -23 23 24 -26 -27 28 -29 -30 -31
leaf_value=-0.043410137647254925 -0.02446532830134774 -0.057560550373220387 0.059934883966719657 0.029209582708949539 0.041890441562478335 0.044937414212581919 -0.053585661873244463 0.06108350142980732 0.00090259960099096969 -0.029199904359685221 0.070498356105722665 -0.054625750467353684 -0.035159854703960131 0.019425534829706399 -0.0056139325448620906 0.092413165795806343 -0.043550181343355032 0.062014624829918645 0.036428488330118934 -0.030603057104245268 -0.020879313755018416 -0.042834270300595959 -0.040448659829176385 0.01228824886954687 -0.053249382940857862 -0.02900644690516951 0.035127561173089454 0.117786165477142 0.057985058084417486 -0.03206333395132091
leaf_weight=9.7040529660880548 2.950829252600669 2.1187322624027733 4.5177440121769905 1.6244646795093993 74.984126925468445 2.9196468144655228 6.4359548911452293 1.1057226695120324 2.3154610693454742 5.6076730266213408 3.0264638848602763 1.865779012441634 31.078760109841824 1.9506650231778637 4.5709472000598916 2.1904707141220578 8.9521297365427071 2.7657100968062878 4.5038618594408035 4.8769252598285657 2.5283771678805342 23.235868848860264 11.163620363920918 2.181297343224287 5.7885402292013159 7.766822732985033 3.6424593329429618 1.9103303402662284 2.9857101403176793 6.362578146159648
leaf_count=172 20 27 36 16 651 20 110 8 23 87 28 27 535 23 58 18 136 25 43 62 24 409 195 31 106 123 43 16 32 96
internal_value=-0.00047764 -0.0198972 0.0237582 -0.0199042 0.0395788 0.0100517 -0.0221723 -0.0207874 -0.00645226 0.00646454 0.0207814 0.00703099 -0.0241044 -0.0366038 0.0197047 0.0453887 -0.0248911 -0.0108487 -0.0204576 0.00157983 0.0224257 -0.0283429 -0.0237227 -0.0152194 -0.00602647 0.00497395 0.0204238 0.0615439 0.00747238 -0.00760165
internal_weight=247.632 166.777 8.26094 3.7432 80.8546 5.87048 158.516 148.812 27.9634 19.5768 13.9691 10.9427 120.849 8.38662 9.07688 4.50593 119.743 23.627 18.3329 9.38079 5.29409 96.116 72.8801 41.8014 30.6377 24.8492 17.0824 4.09163 12.9907 10.005
internal_count=3200 2509 79 43 691 40 2430 2258 374 241 154 126 1884 133 99 41 1876 290 241 105 49 1586 1177 642 447 341 218 47 171 139
is_linear=0
shrinkage=0.05


Tree=41
num_leaves=31
num_cat=0
split_feature=1 8 6 5 4 7 6 3 5 1 3 1 9 5 1 11 8 4 6 6 4 7 3 7 6 10 10 6 6 10
split_gain=67.1574 9.92842 7.20664 3.71785 2.11966 2.83613 2.21183 2.11275 2.46928 2.15073 2.28404 2.75092 2.58001 3.15401 3.05567 3.54078 2.41535 3.4075 2.48077 4.00224 4.01894 3.10556 3.23492 3.00415 4.80989 4.82894 2.99437 2.71 2.6153 2.59352
threshold=0.19103045683483741 -0.45854361067295429 0.7934997694699234 1.0689182628952916 -0.042052330150773802 1.4458957296013795 -1.1869673590632133 -0.5673752561669626 -0.60710728456739205 -0.18355496182223469 -0.55862915082987807 -0.64448539392447113 0.81103858648067917 -0.54006500472546171 -0.63184954001899396 -0.38502760118215218 0.064969812155983311 -0.61026752394455841 0.38137944214510872 0.083736983521631461 -0.40453228912572742 -0.77558885829974356 -0.30503773843473936 -0.90003340957833855 -0.70616031051759642 -0.42676470119664667 0.46340824459147872 0.26690157344377136 -0.19100990136157828 -0.63912186313850183
decision_type=2 2 2 2 2 2 2 2 2 2 2 2 2 2 2 2 2 2 2 2 2 2 2 2 2 2 2 2 2 2
left_child=2 -2 3 4 5 7 -6 8 -1 10 -9 -12 13 -13 15 -15 17 -16 19 23 27 -22 -23 24 -19 -26 -27 -21 29 -25
right_child=1 -3 -4 -5 6 -7 -8 9 -10 -11 11 12 -14 14 16 -17 -18 18 -20 20 21 22 -24 28 25 26 -28 -29 -30 -31
leaf_value=0.020047881917504159 -0.045445657180888575 0.041247510662460712 0.03995180735403199 0.051359583151803639 0.016108700804826837 0.044882518496471686 -0.03780373684717251 0.03641181220655481 -0.053377888128126043 -0.039321327267990626 -0.03817388005724269 0.029961803486506972 -0.046112186627461721 0.061212351185042452 0.051553417442700623 -0.02015579959554762 -0.03913134279908103 -0.053898503438359849 -0.041540105990777787 -0.054706282611369388 -0.016845539709159835 0.080915315898960671 0.0095905400721180475 -0.03953176319579018 0.090545892554406926 -0.053759044542849459 0.047540061679209093 0.024851505343795523 -0.05353934990941165 -0.0078435245159988697
leaf_weight=1.3402175456285474 3.4540727548301211 75.288727998733521 5.0609669163823119 1.7718484960496415 2.0516425520181683 1.7277667671442021 26.162668813019991 2.0643121376633635 7.8617822229862195 10.56474808603525 13.050605144351719 4.3609800226986257 5.7321029976010314 2.8312054760754108 1.9957170933484878 2.5333199463784544 10.019857335835693 2.0686664506793022 7.6341642700135699 2.8944445811212054 2.35189339891076 3.694455422461032 2.7904697395861149 9.6200245544314189 2.2922391667962074 1.5584347285330147 1.3715477138757703 1.6985244490206239 6.4037289805711088 19.638765543699265
leaf_count=22 49 669 41 17 29 13 455 23 148 169 248 48 89 27 15 33 167 34 132 40 30 29 29 146 24 26 14 20 111 303
internal_value=-0.000477403 0.0374447 -0.0187805 -0.0206607 -0.0214771 -0.0187446 -0.0338834 -0.0196145 -0.0426839 -0.0178027 -0.0156702 -0.0166986 -0.0136353 -0.0114645 -0.013684 0.0227874 -0.0162573 -0.0127853 -0.014791 -0.0111693 0.0126545 0.0323738 0.0502242 -0.018618 0.0106267 0.036187 -0.00634014 -0.025285 -0.0245968 -0.0182623
internal_weight=241.89 78.7428 163.147 158.086 156.314 128.1 28.2143 126.372 9.202 117.17 106.605 104.541 91.4905 85.7584 81.3975 5.36453 76.0329 66.0131 64.0174 56.3832 13.4298 8.83682 6.48493 42.9534 7.29089 5.22222 2.92998 4.59297 35.6625 29.2588
internal_count=3200 718 2482 2441 2424 1940 484 1927 170 1757 1588 1565 1317 1228 1180 60 1120 953 938 806 148 88 58 658 98 64 40 60 560 449
is_linear=0
shrinkage=0.05


Tree=42
num_leaves=31
num_cat=0
split_feature=2 8 10 5 3 9 6 1 2 0 1 0 0 6 5 10 8 6 8 8 8 9 2 5 3 2 10 10 0 1
split_gain=66.4846 7.45599 5.16537 2.49754 2.32598 1.83812 1.62394 4.22418 3.24866 2.42194 2.23576 2.85376 2.21266 4.01908 3.52609 3.43139 2.87677 1.95698 3.58529 4.49016 4.47751 3.36335 3.06055 4.23075 3.68592 4.7443 3.02383 4.80681 5.31951 3.67089
threshold=-0.13049713171448926 0.19848317328570522 0.18400310009189699 0.59292863636327431 -0.17996902320679545 -0.40800200812596354 -1.1869673590632133 -0.43921187833385439 -0.39804270866968167 -0.39674024381204592 -0.59316825847168986 -0.7333070494712266 -0.5519096122240178 0.40427501588537623 -0.36494604617113618 0.047850054853569968 -0.32473839999149695 -0.40851785189411932 -0.34618249813127316 -0.60183177879942662 0.330566487964228 -0.80354214332994855 -0.34449425741718026 -0.19638726556517552 -0.47497121617871546 -0.58240805072356128 0.2772647221596572 -0.5500091215934656 -0.8857889604241167 -0.32698662658882333
decision_type=2 2 2 2 2 2 2 2 2 2 2 2 2 2 2 2 2 2 2 2 2 2 2 2 2 2 2 2 2 2
left_child=6 2 -2 4 -4 -3 7 8 9 -1 11 -8 14 -14 15 -13 -15 22 19 26 -20 -21 24 -24 25 -12 27 -19 -29 -30
right_child=1 5 3 -5 -6 -7 10 -9 -10 -11 17 12 13 16 -16 -17 -18 18 20 21 -22 -23 23 -25 -26 -27 -28 28 29 -31
leaf_value=0.029196440914065303 -0.039488839564055814 0.0055396776171302321 0.0093531294522807857 -0.016635483855200181 0.072925195915249569 0.041542143447739967 -0.053162198205354297 -0.047679607246397034 0.077049475654049515 -0.054184893606799567 0.035396625215630528 -0.0022176084050836669 -0.041968335443745119 -0.02464888909990438 -0.036177768843533763 0.10605318700587169 0.070679876817081475 -0.029968051492037157 -0.044067768511802746 -0.020229523284780341 0.01189664208331704 0.033574122060704086 -0.036426257059929898 0.053136674048552539 -0.042171432046265174 -0.03617370516590443 -0.046020936713568161 0.074193228733527711 -0.03291952548905263 0.043498615783303191
leaf_weight=2.3036362640559673 5.2213872373104087 3.7295331284403792 2.7792692855000487 2.6171846762299538 2.9833173975348464 71.754685126245022 11.855303447693585 3.0460304357111436 1.9771551042795179 1.4002654030919077 4.0312717817723751 1.8478050194680693 15.899219684302812 1.7053082436323168 2.9161416813731185 1.2116420082747934 1.4767187163233746 10.912160042673349 14.839220233261587 4.0697826147079459 4.707862675189971 10.145482104271652 2.6323935613036156 2.6418748870491973 25.856706064194441 5.4404050670564157 6.5765228457748881 2.9657929316163063 4.4474615752696991 2.4302449002861977
leaf_count=32 61 27 24 18 22 664 231 49 11 24 48 26 284 32 55 15 16 172 250 61 65 123 42 29 477 92 115 33 70 32
internal_value=-0.000475579 0.0336232 -0.000453696 0.0238689 0.0422647 0.0397633 -0.021093 -0.000173027 0.0252987 -0.00232599 -0.0224102 -0.0329506 -0.0233877 -0.0317025 0.00316308 0.0406612 0.0195914 -0.0185844 -0.0129301 -0.004622 -0.0305889 0.0181703 -0.0270925 0.00843571 -0.0323966 -0.00571242 -0.0164761 -0.00711471 0.0182197 -0.00591709
internal_weight=236.422 89.0854 13.6012 8.37977 5.76259 75.4842 147.336 8.72709 5.68106 3.7039 138.609 36.9121 25.0568 19.0812 5.97559 3.05945 3.18203 101.697 61.0945 41.5474 19.5471 14.2153 40.6027 5.27427 35.3284 9.47168 27.3322 20.7557 9.8435 6.87771
internal_count=3200 816 125 64 46 691 2384 116 67 56 2268 659 428 332 96 41 48 1609 921 606 315 184 688 71 617 140 422 307 135 102
is_linear=0
shrinkage=0.05


Tree=43
num_leaves=31
num_cat=0
split_feature=2 1 0 8 0 4 3 1 1 2 1 1 3 1 4 0 7 8 3 10 10 0 2 4 8 4 9 9 10 1
split_gain=61.728 5.52906 2.25887 2.38589 2.00912 2.51892 2.24035 1.80813 2.451 2.59624 2.34974 2.45161 1.80661 3.92007 4.2696 4.07963 3.58726 3.03039 3.86674 3.65353 7.06034 3.56034 3.5168 3.13871 5.18823 2.81264 2.55215 4.649 2.54637 2.46538
threshold=0.26103676950788751 1.2799681179653957 2.229636751043357 0.19848317328570522 1.283343102848481 0.099369598729839012 -0.5673752561669626 -0.64448539392447113 -0.63184954001899396 -0.50922135702251492 -0.62054438135280299 -0.61692712644205228 -0.41690527970286867 -0.42645607738533481 -0.23726377203574714 -0.95540487144814212 -0.7582426102791241 -0.31529459020250356 -0.16485053153286366 0.26140899017783498 -0.62555272104108373 -0.44227187395058193 -0.24313270829991371 0.018200078826350885 -0.41111387236349112 -0.56250666843031716 0.27086052614417755 -0.59886516246735966 -0.62555272104108373 -0.37815479250684786
decision_type=2 2 2 2 2 2 2 2 2 2 2 2 2 2 2 2 2 2 2 2 2 2 2 2 2 2 2 2 2 2
left_child=1 4 3 -2 5 6 -1 -8 9 -9 -10 -12 13 14 15 -13 25 18 19 20 -18 26 -19 24 28 -14 27 -22 -20 -23
right_child=2 -3 -4 -5 -6 -7 7 8 10 -11 11 12 16 -15 -16 -17 17 22 23 -21 21 29 -24 -25 -26 -27 -28 -29 -30 -31
leaf_value=-0.042226495277744851 -0.00038800870433830813 0.057626513494479351 0.057110089395608125 0.036166025768598141 0.02368661274000081 -0.039600427827062419 -0.032997213833594073 -0.021000173966296502 -0.053536320869939216 0.042834265101667428 0.042069292384575414 -0.053569691530824221 0.022731552731148491 -0.027672374049706929 0.059545499480379238 0.0078330075715651298 -0.03783504688498418 -0.044162419841833681 0.033627438792881117 -0.053915099218086952 0.074036938156173793 -0.053313384249743294 0.032908688917237992 0.081184906648346281 0.089165721482580854 -0.043447238445525095 0.10721968828105469 -0.029164423201046803 -0.032159689211776331 0.044223585654733236
leaf_weight=8.9252115115523321 4.8404568135738364 2.3667457401752463 11.886542670428751 57.390479758381844 2.6617809794843188 14.977802149951456 14.421642784029244 2.7793480008840561 4.0157975256443015 3.7312014661729327 1.8769438639283027 3.2633058987557915 1.7549321874976183 13.682838156819328 3.2235382050275829 15.814718350768088 8.4627913534641177 10.748092941939829 2.1675513572990877 4.9831212759017935 2.5584886670112605 1.8682233579456808 1.7165360115469059 1.7879167161881913 1.5987447872757901 18.858441814780221 1.4085251726210115 1.9028925560414793 4.5764408260583886 0.99180658161639978
leaf_count=173 35 22 114 542 25 280 284 41 72 35 22 57 19 211 33 196 135 203 30 86 27 34 18 20 14 336 11 33 76 16
internal_value=-0.000475497 -0.018218 0.0371376 0.0333228 -0.0193779 -0.0201315 -0.0180049 -0.0163185 -0.0142043 0.0155834 -0.0160124 -0.0145529 -0.0156013 -0.00660361 0.00632286 -0.00266996 -0.0205532 -0.0126064 -0.00452636 -0.016218 -0.00529193 0.0262553 -0.0335488 0.0210665 0.00818263 -0.0378131 0.0485438 0.0300189 -0.0110154 -0.0194893
internal_weight=231.243 157.125 74.1175 62.2309 154.759 152.097 137.119 128.194 113.772 6.51055 107.262 103.246 101.369 35.9844 22.3016 19.078 65.3845 44.7711 32.3065 22.1758 17.1927 8.72994 12.4646 10.1307 8.34274 20.6134 5.86991 4.46138 6.74399 2.86003
internal_count=3200 2509 691 577 2487 2462 2182 2009 1725 76 1649 1577 1555 497 286 253 1058 703 482 342 256 121 221 140 120 355 71 60 106 50
is_linear=0
shrinkage=0.05


Tree=44
num_leaves=31
num_cat=0
split_feature=2 1 5 9 0 9 3 3 12 2 2 10 10 5 3 3 0 0 10 5 6 1 1 5 5 2 0 5 0 12
split_gain=57.2534 5.21025 4.69566 3.38373 2.25157 2.3955 2.17583 1.80194 2.41239 2.23258 2.69139 4.01499 4.92992 3.03299 1.75071 2.4265 3.9798 3.49474 3.30221 3.09775 2.87015 2.6131 3.1344 2.60667 2.35169 2.20826 2.75711 2.45384 3.55385 2.59184
threshold=0.26103676950788751 0.27839597170200692 -0.04097481372781861 0.04462185539539628 2.229636751043357 -0.41739997224279674 4.9662738841152505 -0.50400761637634617 -1.0000000180025095e-35 1.2733310512700731 1.9622995548891227 0.61276048349846202 1.4925986480528464 0.54496448164353184 -0.5673752561669626 -0.47497121617871546 -0.77737289144586874 0.094711955673159751 -0.10193570952309841 -0.52810177895233334 -0.019293098309572206 -0.52299735883038256 -0.42859469845312409 -0.46970016784797036 -0.60710728456739205 -0.34449425741718026 -0.13038631918653584 -0.29571449879646855 -0.51871396013762172 -0.74002698477181994
decision_type=2 2 2 2 2 2 2 2 2 2 2 2 2 2 2 2 2 2 2 2 2 2 2 2 2 2 2 2 2 2
left_child=1 14 3 -3 5 -2 7 -7 -9 -10 11 -11 13 -13 24 16 19 18 21 -16 23 -18 -23 -20 -1 26 -17 29 -29 -27
right_child=4 2 -4 -5 -6 6 -8 8 9 10 -12 12 -14 -15 15 25 17 -19 20 -21 -22 22 -24 -25 -26 27 -28 28 -30 -31
leaf_value=0.018276637970557928 -0.0095917432202120012 -0.055906573498603833 0.067199701070475751 0.032904186792092491 0.056722756020241197 0.00044180994965588403 -0.0077262930794236261 0.05432529633415574 0.051488932513486102 0.043769997296447968 0.038021046135916323 -0.012771087232164047 0.036712779972651592 -0.099091933668587331 0.019314487169406723 -0.020340933311208138 -0.032866048938807867 -0.038990638093345353 -0.018395071925941375 -0.053410731839313032 0.094111524530113844 0.065666493935248302 -0.016937847417645896 0.053857184446684275 -0.053084473812026273 0.0055918132883575567 -0.041168598851141873 -0.02211512505441288 0.026457163185759327 -0.054399389766097442
leaf_weight=1.3743948824703691 3.2035218030214301 2.1662077195942402 3.3290811330080023 2.1242675222456455 11.38208122551441 3.1653647124767295 2.8539274781942359 17.600001782178872 9.8921814039349609 3.9820913076400775 13.490172855556009 2.1585538908839226 2.4099723473191261 1.92520385235548 1.9581254310905931 67.689644444733858 4.0256979092955616 3.3449286147952071 2.1838466525077815 5.8055167049169567 1.9589764997363079 2.1865367256104946 2.4187241382896891 2.9139684550464158 7.2162592075765115 2.9518909528851509 20.763754438608885 7.0386865884065637 8.0989568941295111 4.6154893562197712
leaf_count=23 23 31 30 18 114 29 22 169 98 40 133 21 23 19 27 1182 58 59 25 106 20 18 35 26 149 37 410 96 86 73
internal_value=-0.000474229 -0.0176716 0.0226398 -0.0119353 0.0363161 0.0324884 0.0348337 0.0370574 0.0393097 0.0315044 0.0232556 0.00424154 -0.0199981 -0.0534653 -0.0197675 -0.0184038 -0.00489783 0.00740899 0.0173023 -0.0350682 0.0426721 -0.00344047 0.022282 0.0229051 -0.0416676 -0.0216596 -0.0252301 -0.0077498 0.00387207 -0.030998
internal_weight=226.228 154.165 7.61956 4.29048 72.0631 60.681 57.4775 54.6235 51.4582 33.8582 23.966 10.4758 6.49373 4.08376 146.545 137.955 26.7963 19.0327 15.6878 7.76364 7.05679 8.63096 4.60526 5.09782 8.59065 111.158 88.4534 22.705 15.1376 7.56738
internal_count=3200 2509 79 49 691 577 554 532 503 334 236 103 63 40 2430 2258 374 241 182 133 71 111 53 51 172 1884 1592 292 182 110
is_linear=0
shrinkage=0.05


Tree=45
num_leaves=31
num_cat=0
split_feature=1 8 5 0 4 7 7 0 0 4 5 8 8 1 3 1 3 7 7 12 4 7 1 12 4 3 5 0 3 1
split_gain=50.556 8.21856 5.60811 3.6103 2.10589 3.10327 2.83013 3.03194 2.7846 2.22546 5.89041 2.12557 2.59544 4.20264 2.45565 2.80611 4.0323 3.35063 4.34436 5.2103 2.87157 2.75621 2.95112 2.66475 5.47784 2.6228 3.75284 2.60572 2.63141 2.6346
threshold=0.19103045683483741 -0.45854361067295429 1.0689182628952916 1.8467367175742886 -0.042052330150773802 1.4458957296013795 1.7649713676579768 0.77198772032990837 0.66825594350383422 -0.072140712628948056 -0.17059703145682895 -0.94934480707556113 -0.89884376613022876 -0.46186449235587218 -0.5673752561669626 -0.4067129285001933 -0.55862915082987807 -0.37409621458701747 -0.4989425694691581 -1.0000000180025095e-35 -0.59863597106157818 -0.61942228297086366 -0.54841222683799962 -0.74002698477181994 -0.23251925235962498 -0.32200250615052822 -0.30656547708617171 -0.70778991346071596 -0.48676529919091976 -0.47502080842484701
decision_type=2 2 2 2 2 2 2 2 2 2 2 2 2 2 2 2 2 2 2 2 2 2 2 2 2 2 2 2 2 2
left_child=2 -2 3 4 5 8 7 -6 9 11 -11 -1 13 -13 -14 16 -16 18 21 -20 -19 22 23 24 -18 26 27 -24 -29 -30
right_child=1 -3 -4 -5 6 -7 -8 -9 -10 10 -12 12 14 -15 15 -17 17 20 19 -21 -22 -23 25 -25 -26 -27 -28 28 29 -31
leaf_value=-0.045214256508273695 -0.044042195878273883 0.038248774895160001 0.054069079969410794 0.051383257213601811 -0.03312352948361743 0.045458144364225378 -0.10653895387687728 0.030111988718435873 -0.053704570250278277 -0.052854551763417815 0.074463729347313254 -0.013140678467147969 -0.045934184427149513 0.070209339068817031 0.072886499752301048 -0.029151445917532492 -0.02142920769429206 0.041256436777459896 -0.0057284254336314039 0.08181860328314243 -0.032818334735855978 -0.044597906761674709 -0.035271387830974735 -0.032916366342608597 0.08705552598285668 -0.025510438012428711 0.081045694502780513 0.070311315080664738 -0.053586412320420378 0.043278484614648373
leaf_weight=6.2249286994338027 3.1775341778993598 67.220206275582314 2.743278242647647 1.8473416939377774 23.729084335267551 2.0125014632940283 1.2027338668704022 2.060138050466775 4.991163730621337 1.5390168875455859 2.2172773815691462 4.5211867429316044 6.9184753410518161 2.2725000083446494 1.4540403857827104 25.137577060610063 4.1326594576239586 1.4036132805049444 3.8300169408321381 3.0551687851548186 19.274008624255664 5.026970092207196 2.3065152652561656 10.945440422743559 1.6196668334305222 3.2437748201191416 2.3743888288736335 2.1741230823099604 1.3422118537127965 1.4716453924775139
leaf_count=120 49 669 27 16 462 17 10 24 86 32 27 71 144 32 14 426 70 16 57 32 320 87 38 198 19 53 23 19 23 19
internal_value=-0.000461037 0.0345344 -0.0167686 -0.0180787 -0.0189547 -0.0161053 -0.0315684 -0.028072 -0.01716 -0.0155384 0.0222993 -0.0168456 -0.0151228 0.01474 -0.0172425 -0.0150069 -0.00942116 -0.0113452 -0.00315597 0.0331189 -0.0277901 -0.0103666 -0.00455519 -0.0184362 0.00911654 0.0133947 0.0264469 0.00867472 0.028996 -0.00292614
internal_weight=221.469 70.3977 151.071 148.328 146.481 119.489 26.992 25.7892 117.476 112.485 3.75629 108.729 102.504 6.79369 95.7103 88.7918 63.6542 62.2002 41.5226 6.88519 20.6776 34.6374 29.6104 16.6978 5.75233 12.9127 9.66888 7.2945 4.98798 2.81386
internal_count=3200 718 2482 2455 2439 1943 496 486 1926 1840 59 1781 1661 103 1558 1414 988 974 638 89 336 549 462 287 89 175 122 99 61 42
is_linear=0
shrinkage=0.05


Tree=46
num_leaves=31
num_cat=0
split_feature=2 1 0 8 1 2 0 0 0 2 9 9 2 0 7 3 1 10 10 3 5 2 2 3 9 9 8 12 4 3
split_gain=49.28 4.56375 2.28565 2.72829 1.77517 1.76798 3.54183 3.44707 4.63978 2.95452 3.37527 4.51229 4.86984 4.0127 3.12154 3.29786 2.94291 2.1786 4.20761 3.27195 7.31344 3.46372 2.00122 3.18004 1.96456 4.88668 4.86011 4.37667 3.14599 3.05368
threshold=0.26103676950788751 1.2799681179653957 2.229636751043357 -0.023933338064652712 -0.67432179673042392 -0.41162463686833839 1.166743443922724 0.4359493256153853 0.36497072049860563 -0.60942377085899468 -0.68389673277621854 -0.76541830991751136 -0.6330373796394495 -0.67474622421048835 -0.81141992247107053 -0.41690527970286867 -0.57051890622880752 0.48657805286089723 0.35228532531445372 -0.26763235822301684 -0.19638726556517552 -0.394431355599552 -0.37457931010610374 -0.37637043062922276 -0.030838908580263048 0.35319731513960112 -0.79660606172531767 -1.0000000180025095e-35 -0.20502727244929961 -0.50592460394468752
decision_type=2 2 2 2 2 2 2 2 2 2 2 2 2 2 2 2 2 2 2 2 2 2 2 2 2 2 2 2 2 2
left_child=1 4 3 -2 -1 7 16 8 9 10 11 12 -6 -14 15 -12 22 18 19 20 21 -18 -7 -24 -11 26 -26 28 -28 -27
right_child=2 -3 -4 -5 5 6 -8 -9 -10 24 14 -13 13 -15 -16 -17 17 -19 -20 -21 -22 -23 23 -25 25 29 27 -29 -30 -31
leaf_value=-0.044418894958093334 -0.01655087458244258 0.056542789155905882 0.056113037326246756 0.033313344816566379 -0.054065746612456361 0.049715294557003062 0.055996934733447246 -0.052951119589459562 0.06612623507681141 -0.030512754993439025 0.06551038005914743 0.081634638207361443 -0.032491398738435026 0.049279021545143721 -0.035379005235051365 -0.028081105052832084 0.034754397023591128 -0.049431291005558806 0.066697526095347334 -0.048238795994042655 0.071400987396855131 -0.037921237814090646 -0.033367777324665504 0.021517856723515482 -0.053085683527518003 0.016822595113993321 0.080560280013527566 -0.030574128217691829 0.00080416916843355094 -0.053111606329744925
leaf_weight=5.9397995397448531 2.8878560736775389 2.1027601286768904 10.565008141100405 54.749939665198326 2.8767121098935595 2.363819643855094 2.0625254139304152 7.4118464328348628 1.6291498616337765 44.85838395729661 1.8434205092489722 2.083939008414748 2.1977667324244967 4.7277524471282959 10.432802662253371 1.923225600272416 2.0400472357869175 5.3247191160917273 1.5129413120448578 6.6840733774006411 2.5131664089858541 8.3496284522116166 4.4796363934874526 6.4232060983777037 2.1655704863369465 2.0008907914161682 3.7920271456241608 2.0635541193187326 1.8346319757401941 7.0989636294543725
leaf_count=130 18 22 114 559 48 21 15 157 25 898 17 20 33 42 185 35 22 82 14 112 23 138 70 72 44 30 39 36 35 144
internal_value=-0.000458221 -0.0165954 0.0347338 0.030815 -0.0176442 -0.0165138 -0.00788585 -0.0201549 -0.0174991 -0.0190146 -0.00483733 0.0148206 0.000616075 0.0233297 -0.0212927 0.0177232 -0.0112055 -0.0208524 -0.0136402 -0.0198457 -0.00513725 -0.0236511 0.00800926 -0.00103293 -0.0248099 -0.0113142 0.0130796 0.0317118 0.054555 -0.0377344
internal_weight=216.94 148.737 68.2028 57.6378 146.634 140.694 41.7538 98.9406 91.5288 89.8996 26.0856 11.8862 9.80223 6.92552 14.1994 3.76665 39.6912 26.4246 21.0999 19.5869 12.9028 10.3897 13.2667 10.9028 63.814 18.9556 9.85578 7.69021 5.62666 9.09985
internal_count=3200 2509 691 577 2487 2357 569 1788 1631 1606 380 143 123 75 237 52 554 391 309 295 183 160 163 142 1226 328 154 110 74 174
is_linear=0
shrinkage=0.05


Tree=47
num_leaves=31
num_cat=0
split_feature=2 1 7 0 9 7 3 2 0 0 10 0 7 10 10 0 2 10 3 0 4 4 4 4 12 9 11 0 9 1
split_gain=45.6878 4.28173 4.03031 2.2763 2.29706 2.38231 3.57636 2.18473 2.61623 4.27092 4.05378 5.80988 4.8298 2.09454 7.84019 1.69103 3.77118 3.47794 2.97124 2.95316 4.56883 4.1353 6.73521 3.98289 4.38536 5.9676 6.21964 3.07416 2.52641 2.07722
threshold=0.26103676950788751 0.27839597170200692 -0.34175866102363645 2.229636751043357 -0.41739997224279674 2.27405855790072 4.9662738841152505 1.1364962722902126 1.4305827725244109 1.5805432220787325 0.98806738966228058 1.7996030111991581 1.5209921970515621 1.1668540686626026 1.4925986480528464 -0.13038631918653584 -0.34449425741718026 0.31531536633300022 -0.092860472344838726 -0.77737289144586874 -0.29355422887269261 -0.34718799748660006 -0.37637979680441014 -0.054494291094055118 -0.74002698477181994 -0.61242554813479133 -0.84220323152830712 -0.74657034756074236 -0.011572574667395821 -0.66423068467975754
decision_type=2 2 2 2 2 2 2 2 2 2 2 2 2 2 2 2 2 2 2 2 2 2 2 2 2 2 2 2 2 2
left_child=1 15 -3 4 -2 6 7 -6 13 -10 11 -11 -13 -9 -15 19 -17 18 -18 20 -1 22 29 24 28 26 -26 -23 -22 -21
right_child=3 2 -4 -5 5 -7 -8 8 9 10 -12 12 -14 14 -16 16 17 -19 -20 21 23 27 -24 -25 25 -27 -28 -29 -30 -31
leaf_value=-0.040753973665544889 -0.011794598568638008 -0.033880892210118245 0.047127682714586797 0.055785072938163233 0.049285844468200904 0.056221290826805284 -0.038607332016408535 0.051296756663505805 -0.045802253987159314 0.055755311172666834 0.056397220887522394 -0.09705143010542 0.010766316393291443 -0.065113578197874819 0.055624114711856215 -0.037523780976108874 -0.0025890744353512275 -0.060697781885207885 0.072361832485917252 -0.053265375041542995 0.01704135107747454 0.038648041116238853 0.068280207784851277 -0.038850549357210565 0.11573745732969723 -0.053362592672332523 -0.016067825828858961 -0.025434057591085496 0.089408333889707883 2.0377214336872518e-05
leaf_weight=22.19508090429008 3.104180432856082 2.2379859816282988 4.8906215652823439 10.107333809137343 11.588789403438566 8.7986647114157659 1.9421610161662091 10.280523151159292 2.9049245417118064 2.5794790610671026 4.9328943714499474 1.9528428614139555 2.2189117074012756 2.0511928647756568 3.9029597640037537 25.209417903795838 5.0184075944125643 1.8168540000915525 1.7953230179846276 1.9655083995312512 3.2367309834808111 2.0041249506175545 3.6737575791776171 6.9466095753014079 1.3903355710208418 4.5549527071416378 2.5124093219637871 28.284344173967838 1.9223213642835624 26.322837902233005
leaf_count=429 23 32 47 114 123 92 15 108 29 28 52 20 24 20 43 525 61 25 15 41 45 29 36 141 13 90 44 523 21 392
internal_value=-0.000459137 -0.016097 0.0216955 0.0339383 0.0300132 0.0324548 0.0277402 0.0307784 0.0238202 0.00845376 0.021943 -0.00323156 -0.0397043 0.0376291 0.0140302 -0.0180373 -0.0277574 0.000769452 0.0171594 -0.0149049 -0.0250221 -0.00795563 0.00458943 -0.00804192 0.00767516 -0.0144861 0.0308872 -0.0211939 0.0440061 -0.00368198
internal_weight=212.342 145.978 7.12861 66.3649 56.2575 53.1533 44.3547 42.4125 30.8237 14.5891 11.6841 6.75123 4.17175 16.2347 5.95415 138.849 33.84 8.63058 6.81373 105.009 42.7584 62.2506 31.9621 20.5634 13.6167 8.4577 3.90274 30.2885 5.15905 28.2883
internal_count=3200 2509 79 691 577 554 462 447 324 153 124 72 44 171 63 2430 626 101 76 1804 783 1021 469 354 213 147 57 552 66 433
is_linear=0
shrinkage=0.05


Tree=48
num_leaves=31
num_cat=0
split_feature=1 8 0 9 7 3 0 10 0 7 7 3 3 10 4 8 8 10 6 1 1 1 8 6 6 4 6 3 6 4
split_gain=40.5771 7.10411 4.6526 2.32323 1.92514 2.13058 5.12629 8.08302 1.8875 1.82605 2.66111 1.57464 1.75619 2.22342 1.57013 1.92256 3.31602 3.30656 2.84045 6.0818 2.25473 2.47626 5.70741 2.41501 4.54359 2.75324 4.42894 3.71128 2.5473 2.28069
threshold=0.19103045683483741 -0.45854361067295429 1.8467367175742886 2.1478198428077238 2.27405855790072 1.483426971368867 1.5805432220787325 1.182757133119076 -0.10457276949816396 1.7649713676579768 1.4458957296013795 -0.5673752561669626 -0.55862915082987807 1.4324024751185578 -0.61026752394455841 -0.2286921259656465 0.330566487964228 1.1060751577111321 -0.17956211449144452 -0.49278018968412085 -0.059821534223506855 -0.59926777812536425 -0.35928791432462764 0.38137944214510872 0.083736983521631461 -0.40453228912572742 0.16387149161256767 -0.33068769449154395 0.26690157344377136 0.099369598729839012
decision_type=2 2 2 2 2 2 2 2 2 2 2 2 2 2 2 2 2 2 2 2 2 2 2 2 2 2 2 2 2 2
left_child=2 -2 3 9 5 8 7 -7 -3 10 11 -1 -13 14 -14 20 17 -17 -18 -20 21 22 -16 24 29 28 -27 -28 -26 -23
right_child=1 4 -4 -5 -6 6 -8 -9 -10 -11 -12 12 13 -15 15 16 18 -19 19 -21 -22 23 -24 -25 25 26 27 -29 -30 -31
leaf_value=-0.039688682071794858 -0.042811887022223646 -0.0083795244589877048 0.053111199893700028 0.047515946945937859 0.056604752905613176 0.028630162719772041 0.047527805613701679 -0.090109648855609625 0.040138786715377517 -0.071616599257597224 0.036783059457804419 0.027969914191992653 0.016696336713168419 -0.065178368178114385 -0.035849113341375076 -0.043738031304997149 -0.02914012121747003 0.055337198530498011 -0.053125016608726441 0.074562790822784122 -0.052845478618295888 -0.0067987391427855029 0.031785160220567397 -0.033541105009489695 -0.053844940109353347 0.088886434586925911 0.05099324519505806 -0.025255031205416729 0.033795715737901799 -0.043512262041535042
leaf_weight=7.5109154395759097 2.9975886121392241 2.1144257448613564 2.44272556900978 1.4035990424454201 9.5837446972727758 3.5754425749182683 5.6354902237653732 2.3921695947647095 38.574467942118652 1.5211692303419102 2.3012961596250525 2.2181126214563838 3.5667265430092803 2.3414748609066001 20.393259372562174 19.204251531511552 4.6206752248108387 0.88076694868504901 1.4628380872309206 2.5725250132381898 3.4866694658994808 38.853246320039027 3.682459032163016 7.394233386963605 1.8927619941532605 2.8737586215138418 3.3027921579778186 3.0879922211170205 1.4753711335361002 4.7469654642045489
leaf_count=169 49 21 23 15 104 37 60 25 422 13 21 25 38 46 397 394 91 16 31 31 73 650 49 151 31 25 30 44 17 102
internal_value=-0.000444543 0.0323618 -0.0153029 -0.0164898 0.0360036 0.032228 0.0133284 -0.0189677 0.0376175 -0.0171343 -0.0165332 -0.0174383 -0.0161332 -0.0169106 -0.0159955 -0.0169677 -0.028244 -0.0393934 -0.00237357 0.0282754 -0.0134137 -0.011846 -0.0255042 -0.00667795 -0.00314563 0.0232585 0.0373328 0.0141505 -0.015455 -0.0107959
internal_weight=208.11 64.8733 143.237 140.794 61.8757 52.292 11.6031 5.96761 40.6889 139.39 137.869 135.568 128.057 125.839 123.497 119.931 28.7411 20.085 8.65604 4.03536 91.1895 87.7028 24.0757 63.6271 56.2329 12.6327 9.26454 6.39078 3.36813 43.6002
internal_count=3200 718 2482 2459 669 565 122 62 443 2444 2431 2410 2241 2216 2170 2132 563 410 153 62 1569 1496 446 1050 899 147 99 74 48 752
is_linear=0
shrinkage=0.05


Tree=49
num_leaves=31
num_cat=0
split_feature=2 8 10 5 3 0 9 9 4 3 8 4 4 0 0 5 2 2 8 11 10 5 0 9 8 9 9 8 11 5
split_gain=39.1956 5.3063 4.105 2.76962 1.94531 1.79338 1.86832 1.90066 3.72325 2.78987 1.68458 1.6821 2.09897 2.40484 2.84411 5.03019 2.20252 2.70576 2.30643 3.57791 3.9993 3.45201 2.69428 2.67604 2.10529 2.57043 4.30722 3.43113 3.18394 5.03277
threshold=-0.13049713171448926 0.19848317328570522 0.18400310009189699 0.59292863636327431 -0.17996902320679545 2.229636751043357 -0.31355617911888728 1.9551775253224879 1.3852663352234089 -0.19313674589259733 2.6950201312696116 0.099369598729839012 0.071106762154513989 0.54335610264837564 0.36497072049860563 -0.24542870081337956 -0.60942377085899468 -0.639735105464044 -0.8149864838064137 -0.84220323152830712 -1.2762687166533417 -0.3360229971028556 -0.63741586323299426 -0.53158145684734681 -0.76006856424646785 -0.030838908580263048 0.35319731513960112 -0.27746803814188586 -0.84220323152830712 -0.30656547708617171
decision_type=2 2 2 2 2 2 2 2 2 2 2 2 2 2 2 2 2 2 2 2 2 2 2 2 2 2 2 2 2 2
left_child=11 2 -2 4 -4 6 -3 10 9 -9 -8 12 13 14 16 -16 17 -1 22 -20 -21 23 -19 -22 -18 -26 27 28 -27 -30
right_child=1 5 3 -5 -6 -7 7 8 -10 -11 -12 -13 -14 -15 15 -17 24 18 19 20 21 -23 -24 -25 25 26 -28 -29 29 -31
leaf_value=-0.042652258458154541 -0.038188687912756092 -0.0011360383023657525 0.010143814690511239 -0.023553072710630535 0.070842061365863823 0.054974899423153617 0.04278290509793585 -0.017547670181167079 -0.025534349864868796 0.048937309902551046 0.0024957367010192718 -0.034758683023013777 0.044122823328700267 -0.045122234832344392 -0.029274194085146556 0.080362897431136449 -0.032463756108668099 -0.010248566952267939 -0.043386819590694237 0.071179887045075482 0.053098695042681991 -0.041198056210409228 0.062251981089029768 -0.025926066367818836 -0.021872377796364903 0.078179646268765002 -0.023954813433160131 -0.017337144380911055 -0.053656237520713503 0.077323076181691708
leaf_weight=3.5425906945019987 4.697516240179537 4.1761352345347396 2.5673606395721436 2.3856964111328125 2.7168915793299675 9.1139299497008306 33.031741350889206 2.0270968601107588 3.648604340851306 7.1204681620001784 2.8159620538353911 12.121126623824237 1.4726188462227572 6.6586038619279853 2.0658689476549625 2.1195671148598185 23.083504874259226 2.1499050743877888 4.3717051502317235 2.1544226855039623 2.880345219746232 3.7025152891874171 3.172282258048658 1.7056873738765732 39.591496596112847 3.4153822027146816 9.2031655907630903 3.3273005615919917 1.5771166719496252 1.3709119856357572
leaf_count=64 61 37 24 18 22 114 369 22 38 80 31 271 25 131 46 27 469 36 71 24 29 66 35 29 763 34 165 58 28 13
internal_value=-0.000434559 0.0285212 -0.00138019 0.0211634 0.0413517 0.0344922 0.0309579 0.0337132 0.0171708 0.0342043 0.0396182 -0.0170243 -0.0151958 -0.0159483 -0.0141732 0.0262477 -0.0157806 -0.00235607 0.00473306 -0.0054094 0.010489 -0.00528628 0.0329653 0.0237069 -0.0196777 -0.0146312 0.000542417 0.0238072 0.0453207 0.00725264
internal_weight=203.988 74.3014 12.3675 7.66995 5.28425 61.9339 52.82 48.6439 12.7962 9.14757 35.8477 129.686 117.565 116.092 109.434 4.18544 105.248 23.6795 20.1369 14.8147 10.443 8.28855 5.32219 4.58603 81.5689 58.4854 18.8939 9.69071 6.36341 2.94803
internal_count=3200 816 125 64 46 691 577 540 140 102 400 2384 2113 2088 1957 73 1884 354 290 219 148 124 71 58 1530 1061 298 133 75 41
is_linear=0
shrinkage=0.05


Tree=50
num_leaves=31
num_cat=0
split_feature=1 8 0 9 7 0 9 10 1 10 10 3 0 0 4 3 1 3 8 9 6 1 1 1 11 1 1 1 8 3
split_gain=35.142 6.26797 4.10508 2.0565 1.9536 2.08713 2.93052 7.09122 1.74584 1.69575 8.67099 3.532 2.22656 1.67747 1.93144 1.83927 1.58756 1.73479 1.52078 1.50907 1.55031 4.30067 2.50404 2.49478 2.88885 2.18259 2.56395 2.32319 2.21665 3.32654
threshold=0.19103045683483741 -0.45854361067295429 1.8467367175742886 2.1478198428077238 2.27405855790072 2.229636751043357 2.1478198428077238 0.82617883554844385 0.080838178188090429 1.1668540686626026 1.3275775920470716 1.9458569951648856 1.8467367175742886 1.3418983098219688 0.14728197415228403 -0.5673752561669626 -0.67432179673042392 -0.55862915082987807 2.1585523881427231 0.81103858648067917 -1.1869673590632133 -0.48421267813725072 -0.64448539392447113 -0.63184954001899396 -0.38502760118215218 -0.62054438135280299 -0.61692712644205228 -0.59316825847168986 -0.34618249813127316 -0.3398415475563642
decision_type=2 2 2 2 2 2 2 2 2 2 2 2 2 2 2 2 2 2 2 2 2 2 2 2 2 2 2 2 2 2
left_child=2 -2 3 8 5 6 9 -8 13 12 -11 18 -3 14 15 -1 -17 -18 -12 20 21 -19 -22 24 -24 -25 -27 -28 -29 -30
right_child=1 4 -4 -5 -6 -7 7 -9 -10 10 11 -13 -14 -15 -16 16 17 19 -20 -21 22 -23 23 25 -26 26 27 28 29 -31
leaf_value=-0.038825161509565033 -0.041471441600410074 0.049011786544508808 0.051915264781283221 0.046465703662303563 0.056071230902342145 0.055028120327990461 -0.061930927095251158 0.041936365529011102 -0.056951701727817529 -0.065192936908604629 0.059264057221953437 -0.028362298574761052 0.0083396092629110258 0.030037744592982786 -0.035969422028236143 -0.041579736055632317 0.034115357319182159 0.051019897561623562 0.013547000885669559 -0.036134064831784121 -0.043973975564771207 -0.036404805064103339 0.057384462909784696 -0.052969191264425411 -0.017581272283557516 0.050069745742238915 -0.040018843956176275 -0.0032102085263108178 -0.0071180837035858691 -0.046130191445872333
leaf_weight=7.1066247876733533 2.8431607224047175 17.100663639605049 2.2963659763336173 1.3260761275887478 8.9349469020962697 7.4764697402715674 2.9500133097171775 3.7096294313669205 2.5662522390484801 2.5318392962217322 7.6052347049117071 1.7666191533207882 4.1892970055341712 2.0080621838569632 11.092185884714125 4.5336374267935744 2.055719342082738 3.3556822426617146 2.3909555599093437 6.2292950935661784 5.8556468673050253 2.4220613501965991 2.837570495903492 3.1747682727873174 2.3489065263420192 1.6990390457212772 6.7639806866645662 47.860232936218367 14.262920286506416 8.8578491117806077
leaf_count=168 49 191 23 15 104 95 31 43 40 28 85 18 46 22 238 110 22 37 28 121 146 43 27 69 37 20 131 788 225 200
internal_value=-0.000427007 0.0310313 -0.0143802 -0.0154966 0.0345456 0.0306774 0.0263678 -0.00407359 -0.0161052 0.0320648 0.0187444 0.0368111 0.0410086 -0.0153138 -0.0160119 -0.0141573 -0.0125957 -0.0113758 0.0483291 -0.0122609 -0.0107653 0.014371 -0.0123159 -0.0102047 0.0234332 -0.0123163 -0.0106918 -0.0120196 -0.00935152 -0.0220641
internal_weight=200.152 61.4988 138.653 136.357 58.6557 49.7207 42.2443 6.65964 135.03 35.5846 14.2946 11.7628 21.29 132.464 130.456 119.364 112.257 107.724 9.99619 105.668 99.4387 5.77774 93.6609 87.8053 5.18648 82.6188 79.444 77.745 70.981 23.1208
internal_count=3200 718 2482 2459 669 565 470 74 2444 396 159 131 237 2404 2382 2144 1976 1866 113 1844 1723 80 1643 1497 64 1433 1364 1344 1213 425
is_linear=0
shrinkage=0.05


Tree=51
num_leaves=31
num_cat=0
split_feature=2 0 0 8 2 12 9 2 8 7 8 4 3 5 8 5 5 8 4 6 5 5 7 4 6 4 0 0 6 9
split_gain=33.7688 3.37282 2.26247 2.43605 1.89535 2.95356 2.3658 3.72343 3.79285 2.29522 2.25148 1.72639 1.90125 2.57146 1.65342 1.63936 1.45758 2.9714 2.89583 6.23479 2.81886 2.76427 3.95835 2.74498 4.86159 3.04464 2.5973 4.54786 2.40595 2.28838
threshold=0.26103676950788751 1.283343102848481 2.229636751043357 -0.023933338064652712 1.2733310512700731 -1.0000000180025095e-35 2.1478198428077238 1.6891274532491829 1.3999036360568073 0.45074665414405063 1.8473808696127203 0.099369598729839012 -0.5673752561669626 -0.60710728456739205 0.330566487964228 0.22119224682757102 -0.45996984035351712 -0.27315520311424452 -0.449698846770969 -0.55733908120585784 -0.48327790573307827 0.04442926017459687 -0.63945649945877059 -0.38745931765595804 -0.1337709670109096 -0.21250473194175704 -0.67474622421048835 -0.59070947984302158 0.58743960580751609 -0.89970011742278055
decision_type=2 2 2 2 2 2 2 2 2 2 2 2 2 2 2 2 2 2 2 2 2 2 2 2 2 2 2 2 2 2
left_child=1 11 3 -2 9 -6 7 8 -7 -5 -8 12 13 -1 -13 -3 18 21 20 -20 29 -18 -23 -21 -25 -26 -19 -28 -29 -14
right_child=2 15 -4 4 5 6 10 -9 -10 -11 -12 14 16 -15 -16 -17 17 26 19 23 -22 22 -24 24 25 -27 27 28 -30 -31
leaf_value=0.02711467605331205 -0.018959997661661499 0.0014950396365887666 0.054759497801454074 -0.0087554759217543972 0.045747082258533189 -0.070618354391425095 -0.044743070121173137 0.034233250966223171 0.020202851786314632 0.05146468298740197 0.026780346413042784 -0.039117369406798136 0.0098520071305706215 -0.052467996627353158 0.020568724388382007 0.069027517434207805 -0.0128578150068797 -0.05269605522771599 -0.034465557095023511 0.078441389871312675 0.029557696439018111 -0.032213879242698369 0.048491311487584454 0.074517289123068917 -0.053677095464025493 0.040325140155619631 0.058257146042529268 -0.034151840380728216 0.042514436059864477 -0.053870299243650825
leaf_weight=1.227780148386955 2.7320363670587531 1.8881196826696389 8.5519542768597585 1.7964203804731358 9.9507458284497208 1.9472697228193379 2.9840559363365164 13.959448426961897 2.8061474934220314 13.27302675694227 1.7429921105504034 11.31350623257458 1.9228681307286022 5.8579823579639188 1.2929216120392073 1.7147963456809519 60.946515027433634 8.2711896151304263 4.384342946112155 2.8880128227174273 2.0552491042763013 2.3100064024329185 4.4387875609099856 2.3905593417584887 2.2261872347444291 1.4050542507320649 1.7376007772982109 12.231287294998763 1.116768293082713 5.2712206523865461
leaf_count=23 18 25 114 21 116 20 33 159 31 159 20 269 32 150 16 16 1073 196 84 34 28 47 57 26 41 17 30 242 13 90
internal_value=-0.000410689 -0.0140992 0.0309537 0.0269768 0.0295666 0.0229237 0.0132346 0.0212184 -0.0170027 0.0442859 -0.0183704 -0.0153896 -0.0135504 -0.0386784 -0.0329959 0.0336369 -0.011983 -0.0148012 -0.000600485 0.0143471 -0.0220848 -0.00949565 0.0208672 0.0383669 0.0191474 -0.0173043 -0.0301785 -0.0178325 -0.0277375 -0.0368383
internal_weight=196.635 136.891 59.7441 51.1921 48.4601 33.3907 23.4399 18.7129 4.75342 15.0694 4.72705 133.288 120.681 7.08576 12.6064 3.60292 113.596 91.0522 22.5435 13.2942 9.24934 67.6953 6.74879 8.90981 6.0218 3.63124 23.3568 15.0857 13.3481 7.19409
internal_count=3200 2509 691 577 559 379 263 210 51 180 53 2468 2183 173 285 41 2010 1658 352 202 150 1177 104 118 84 58 481 285 255 122
is_linear=0
shrinkage=0.05


Tree=52
num_leaves=31
num_cat=0
split_feature=2 1 0 12 8 2 4 4 2 7 1 1 0 3 2 5 8 8 4 6 6 2 5 5 4 4 5 2 2 11
split_gain=31.2745 3.91325 2.11125 2.0587 2.56278 2.01399 1.71582 6.00425 1.71159 1.83416 1.84322 2.2159 2.67303 6.88256 3.01727 2.98233 4.24382 3.43443 1.95951 1.60906 5.97864 3.00753 3.43094 2.7942 4.96523 3.14858 3.35407 2.76725 6.93774 7.76764
threshold=0.32453745143199936 0.90357571935623882 2.229636751043357 -0.74002698477181994 0.15993331911688347 0.81301158420182296 -0.62050816202769388 -0.61026752394455841 3.005692153639917 2.27405855790072 0.080838178188090429 2.5289177641824563 1.530513257050377 0.55848596876919809 1.5715216972039561 1.353298103190377 1.9206963504004431 1.7870833896375522 1.3852663352234089 0.083736983521631461 0.10663255726189894 -0.62405837872654368 -0.073140735916695523 -0.49097255210125434 -0.449698846770969 -0.53827752723584432 -0.23564188496286539 -0.52934258735173034 -0.52213598435015651 -1.0000000180025095e-35
decision_type=2 2 2 2 2 2 2 2 2 2 2 2 2 2 2 2 2 2 2 2 2 2 2 2 2 2 2 2 2 2
left_child=1 6 3 -2 -5 -6 -1 -8 9 10 -7 12 15 14 -14 17 -17 -12 -15 21 -21 22 -9 24 -22 26 -25 -23 29 -29
right_child=2 -3 -4 4 5 8 7 19 -10 -11 11 -13 13 18 -16 16 -18 -19 -20 20 23 27 -24 25 -26 -27 -28 28 -30 -31
leaf_value=-0.053512098968259703 0.055760149629899239 0.041955477726600764 0.054526147980355703 -0.023764635863406547 0.055033718364310216 0.057547790758624276 0.061064613166427285 -0.0087887880799152555 0.054843333693491182 0.045931710601258807 0.055380280028305563 0.043158657685704628 -0.027666455606384324 0.055328574010798062 -0.12055382475242221 -0.072202514167639106 0.030958369634447494 -0.0099833082361060772 -0.011471386941425455 0.072880285367520281 -0.033042819998916402 -0.035158105925879909 0.062708335860637385 -0.0068625436574748511 0.060950492994206774 -0.022831424460050379 0.089876605971164869 -0.016271400402506814 -0.01990745240533421 0.16240471674169485
leaf_weight=2.7926306016743174 5.4499706774950019 3.1155624203383914 7.9713188558816901 2.7270258888602248 5.3059965670108786 2.1532744243741062 2.6172382682561866 8.0605638287961465 3.5725046992301932 5.0760948136448851 5.8345367312431389 4.0498986542224875 1.8123391270637506 2.1680382937192917 1.6890429705381391 1.9386149346828454 2.0523701310157776 3.0655698403716087 2.2239959686994553 2.1945015955716363 2.4681828413158655 28.43163559585809 2.1190536376088849 2.8472168240696192 3.2618726678192607 30.337205996736888 1.3074404615908815 1.3113215845078232 44.040958361700191 1.13453456759452
leaf_count=57 64 36 111 22 66 21 26 135 45 62 69 47 22 26 18 20 24 37 24 26 53 648 35 45 41 542 15 27 819 17
internal_value=-0.000401225 -0.0134356 0.030658 0.0267846 0.0231684 0.0262944 -0.0147339 -0.0139017 0.0220154 0.0183577 0.0131713 0.00932366 0.00273085 -0.0201838 -0.0724747 0.0167619 -0.0191519 0.0328663 0.0215031 -0.0154404 -0.00748483 -0.0194057 0.00609451 -0.0118695 0.0204635 -0.0172409 0.0235806 -0.0228706 -0.0153555 0.0666093
internal_weight=193.131 136.04 57.0906 49.1193 43.6693 40.9423 132.924 130.132 35.6363 32.0638 26.9877 24.8344 20.7845 7.89342 3.50138 12.8911 3.99099 8.90011 4.39203 127.514 42.4164 85.0981 10.1796 40.2219 5.73006 34.4919 4.15466 74.9185 46.4868 2.44586
internal_count=3200 2522 678 567 503 481 2486 2429 415 370 308 287 240 90 40 150 44 106 50 2403 722 1681 170 696 94 602 60 1511 863 44
is_linear=0
shrinkage=0.05


Tree=53
num_leaves=31
num_cat=0
split_feature=2 7 0 7 3 3 3 10 3 6 8 0 10 7 10 10 0 6 6 2 11 2 7 9 9 0 5 10 9 7
split_gain=29.0924 5.01971 2.35763 1.93091 2.49924 1.61202 2.43152 7.84611 2.02347 4.12882 2.99603 2.60602 6.17359 2.75021 4.95826 2.39753 1.82589 1.56489 2.3523 1.98666 2.53978 1.77011 2.92211 2.88781 5.16429 4.68366 3.40038 3.91683 2.87979 2.40557
threshold=-0.13049713171448926 -0.64357903728272348 2.229636751043357 2.3040973512739593 4.9662738841152505 2.5549216383180724 1.483426971368867 1.182757133119076 -0.22555757652120087 1.2743068180155406 1.4417288763494363 1.7996030111991581 0.98806738966228058 1.7412113822502675 1.1668540686626026 0.34455010954433246 0.077046697253584678 -1.1869673590632133 -1.0610417034917423 -0.39804270866968167 0.52932365951015792 -0.60942377085899468 0.12179853671858829 -1.1333149585006315 -1.0486088130242492 -0.094685799658464312 -0.38097406555319907 -1.1595101845301128 -0.68389673277621854 -0.80281367414365101
decision_type=2 2 2 2 2 2 2 2 2 2 2 2 2 2 2 2 2 2 2 2 2 2 2 2 2 2 2 2 2 2
left_child=17 -2 3 4 5 6 8 -8 9 10 16 13 15 -10 -15 -13 -3 19 -19 20 -1 22 23 -20 -25 26 28 -28 -26 -30
right_child=1 2 -4 -5 -6 -7 7 -9 11 -11 -12 12 -14 14 -16 -17 -18 18 21 -21 -22 -23 -24 24 25 -27 27 -29 29 -31
leaf_value=-0.037934911286283429 -0.030481895629316327 -0.021443619949557104 0.05428793416854806 0.049460766460977967 -0.032163983749876605 0.056129507313875997 0.039777172477650509 -0.08408916955056045 0.052204289512844129 0.055552149159239922 -0.067648504505550627 0.0017371799144104442 0.055600440546556655 0.054536750770375092 -0.039118498229047852 -0.078775863380893416 0.045653289968633104 -0.045766625865854373 -0.053961358046033026 0.040042315516827659 0.041853436520158355 -0.018028453114304583 -0.053422387015570519 0.084686626732392578 0.078702277103306725 -0.053024273411792958 0.050922746232620546 -0.034897809436604005 0.054642198190088212 -0.018507688238997459
leaf_weight=3.1886432003229856 3.7246303129941216 2.4164780899882228 8.1852783411741239 7.3309843987226477 2.0454324781894675 3.6658165678381911 3.1776472702622405 2.1390743926167488 15.608256105333579 2.8188808932900429 2.0079944729804993 1.8629238046705716 3.3332319781184196 3.0828173048794261 2.6093829050660133 1.8358206674456594 1.7469374164938924 6.4256265237927428 1.9904991518706143 2.8531651236116877 1.451331930235028 84.541235137730837 2.5310802627354851 2.0325025487691226 2.6310335360467434 3.313326377421606 1.8074162937700835 5.0281652696430594 1.9775113649666307 2.6037222929298967
leaf_count=67 53 26 119 89 16 42 38 23 184 33 22 22 41 41 30 18 19 147 37 25 24 1729 49 22 22 73 25 100 20 44
internal_value=-0.000386665 0.0259415 0.0292321 0.0255488 0.0219233 0.0243125 0.0215771 -0.0100579 0.0260836 0.00541612 -0.0174842 0.0326416 0.0062496 0.0413545 0.0116039 -0.0382244 0.00670973 -0.0149285 -0.0163725 0.00721055 -0.012978 -0.0146311 -0.00262116 0.00339179 0.00927832 0.000450139 0.0130626 -0.0122057 0.0370112 0.0130678
internal_weight=189.967 67.5916 63.867 55.6817 48.3507 46.3053 42.6394 5.31672 37.3227 8.99029 6.17141 28.3324 7.03198 21.3005 5.6922 3.69874 4.16342 122.375 114.882 7.49314 4.63998 108.456 23.9153 21.3842 19.3937 17.3612 14.0478 6.83558 7.21227 4.58123
internal_count=3200 816 763 644 555 539 497 61 436 100 67 336 81 255 71 40 45 2384 2268 116 91 2121 392 343 306 284 211 125 86 64
is_linear=0
shrinkage=0.05


Tree=54
num_leaves=31
num_cat=0
split_feature=8 7 3 9 3 5 6 7 8 9 4 11 6 8 8 12 4 4 3 3 8 10 8 6 7 9 8 12 10 7
split_gain=26.5992 6.75751 4.74948 3.68568 2.89998 4.77111 2.42646 1.84977 2.03896 1.74834 3.69487 2.67242 2.10202 1.71818 1.71274 1.62393 1.54254 5.72915 1.54204 2.50192 2.08159 3.17412 2.06252 3.09244 2.01315 2.32728 2.24136 3.82234 3.58677 3.43874
threshold=0.55929766776893797 1.5968661491991905 1.573122256837953 -0.21562724742404768 0.24875188318419497 -0.40767023778265582 1.4574714079376803 -0.44799575568830735 0.9512386387651296 2.0681800393882024 1.3852663352234089 0.98649928985631286 -0.99235498227093999 2.6950201312696116 1.0795081217124203 -1.0000000180025095e-35 -0.62050816202769388 -0.61026752394455841 -0.5673752561669626 -0.55428211222392354 -0.2286921259656465 1.1060751577111321 0.330566487964228 -0.17956211449144452 0.61349777342636969 0.9652176858437056 -0.45097457947957148 1.0000000180025095e-35 0.88862031730748281 -0.19868611276367645
decision_type=2 2 2 2 2 2 2 2 2 2 2 2 2 2 2 2 2 2 2 2 2 2 2 2 2 2 2 2 2 2
left_child=1 2 6 4 5 -2 16 -5 -9 12 11 -11 -10 14 -14 -7 -1 -18 -19 -20 24 22 -22 -24 25 26 28 29 -21 -28
right_child=3 -3 -4 7 -6 15 -8 8 9 10 -12 -13 13 -15 -16 -17 17 18 19 20 21 -23 23 -25 -26 -27 27 -29 -30 -31
leaf_value=-0.053229883142112258 0.036406515645398672 0.051615704357176065 -0.10495996712478957 -0.022376096463975037 0.031748404452110607 -0.041734321217754278 0.056283426547612196 0.060684159920554398 -0.0084428325259381654 0.054676592779172598 -0.038113145853021911 -0.012906812331412497 0.001599719126033663 0.003420974061718378 0.048485273242751703 -0.12486256016823834 0.060012527551567753 -0.042454498525356987 0.034677951626041419 -0.0094062735471211675 -0.040275123811956498 0.036222383280649542 -0.048027436204996311 0.050737453950511803 -0.047934772397334152 -0.052933880692380544 0.0063244582289009674 -0.028881054849794103 -0.05273937090780198 0.064286741688251325
leaf_weight=2.4860235024243584 1.4849674608558419 3.9755744934082022 1.4371924996376026 1.429053148254751 2.9545621015131474 1.3587582465261225 1.2317671850323666 6.8004223965108386 2.3724036961793891 4.3611528500914556 2.6320696696639061 2.2009237110614777 2.1235194429755309 2.8095381110906592 23.543792616575956 1.0350300390273319 2.5979269165545693 4.9185319356620303 2.5943974554538718 58.050164192914956 18.064695332199342 1.755028910934924 1.521577859297395 1.654226766899227 3.6436413805931798 3.0426156390458337 10.56882188655436 5.494269333779811 5.2033824976533642 3.3763370774686416
leaf_count=55 23 45 12 27 31 29 14 92 30 58 29 28 27 33 307 17 25 130 30 1091 405 32 34 28 71 70 170 95 121 41
internal_value=-0.000368556 -0.0125796 -0.014579 0.0287964 -0.00557244 -0.0340008 -0.0135498 0.0336615 0.035371 0.0310722 0.0119347 0.0320091 0.0367758 0.040543 0.0446063 -0.0776774 -0.0142381 -0.0134467 -0.0150385 -0.0138657 -0.0149864 -0.0284026 -0.0337423 0.00341764 -0.0115346 -0.00998769 -0.00840753 0.00644132 -0.012971 0.020358
internal_weight=186.722 131.616 127.641 55.1062 6.83332 3.87876 126.203 48.2729 46.8438 40.0434 9.19415 6.56208 30.8493 28.4769 25.6673 2.39379 124.972 122.486 119.888 114.969 112.375 22.9955 21.2405 3.1758 89.3792 85.7356 82.693 19.4394 63.2535 13.9452
internal_count=3200 2469 2424 731 100 69 2412 631 604 512 115 86 397 367 334 46 2398 2343 2318 2188 2158 499 467 62 1659 1588 1518 306 1212 211
is_linear=0
shrinkage=0.05


Tree=55
num_leaves=31
num_cat=0
split_feature=8 7 3 9 0 7 6 0 3 4 4 8 0 8 12 4 6 6 0 1 6 7 7 8 4 6 1 0 1 7
split_gain=24.59 6.28338 3.93564 3.46108 4.09286 3.7408 2.1278 1.77959 1.736 1.49602 5.10815 1.52397 3.84445 2.41472 3.44147 2.73396 3.23306 3.3925 2.52774 5.62282 2.62244 2.34396 2.48386 4.43293 4.67693 4.46575 4.53847 5.84629 7.37258 2.82452
threshold=0.55929766776893797 1.5642953938776112 1.573122256837953 -0.21562724742404768 1.3754348968422161 1.3678203214721592 1.4574714079376803 -0.60528862996593402 -0.50033097130084458 -0.62050816202769388 -0.61026752394455841 -0.26158706778672614 -0.68395150822035389 -0.45097457947957148 1.0000000180025095e-35 -0.36585794864338966 0.12952813100216642 -0.55733908120585784 -0.6900849784761256 -0.44942550845499801 0.33558829466457379 -0.072412693130621195 -0.64357903728272348 -0.73179666590299031 -0.37182686069070831 0.36993165527497501 -0.57761775085570533 -0.74657034756074236 -0.41494257657078276 -0.86679013174991326
decision_type=2 2 2 2 2 2 2 2 2 2 2 2 2 2 2 2 2 2 2 2 2 2 2 2 2 2 2 2 2 2
left_child=1 2 6 4 5 7 9 -2 -5 -1 -11 13 -13 21 15 16 17 -15 19 -17 -20 22 29 24 -24 26 -26 -28 -29 -12
right_child=3 -3 -4 8 -6 -7 -8 -9 -10 10 11 12 -14 14 -16 18 -18 -19 20 -21 -22 -23 23 -25 25 -27 27 28 -30 -31
leaf_value=-0.053069290099894507 -0.053045636349917581 0.049071318755153935 -0.094023102866829467 -0.0044515732665854364 0.053501180560272345 -0.10793697994271 0.056046742651990333 0.021181287969377599 0.035381126091192698 0.055397712584323647 -0.005469850498862807 -0.052389734895562229 -0.011749413773699816 0.026019161257977659 -0.027451712380182972 0.072370138060849853 -0.009734707047643695 0.11719029336792508 -0.05322751303807325 -0.053333498650310611 0.043979151721560292 -0.03401672193690216 -0.017523946912063149 -0.02624377223665908 -0.015461750729511392 -0.052542601517668944 0.12144504125419518 -0.052813940989774467 0.086120843891026297 -0.035699197191729259
leaf_weight=2.3717540204524985 1.253117363899946 4.0631122179329386 1.5217976793646801 2.9164288211613885 2.0564161911606789 1.1841196268796919 1.1019304729998101 2.2706811279058452 44.051066141575575 2.671632567420601 15.099467633292074 8.6695828810334223 17.698959682136774 2.2097783908247943 6.0592989549040785 2.4493226837366824 1.9752275757491586 1.8956194445490848 2.9684415198862557 1.3970094043761498 0.90547289140522469 14.096647029742604 6.499348700046542 10.142155509442089 2.098668461665512 1.2327428553253401 2.9707428589463252 1.6310665775090472 2.3031747341155984 15.826807953417299
leaf_count=55 29 48 12 37 22 10 13 39 594 25 284 228 344 33 110 28 30 18 61 27 12 290 132 204 39 29 33 37 33 344
internal_value=-0.000355638 -0.0121263 -0.0141029 0.0280919 -0.00534658 -0.0310513 -0.0131243 -0.00521496 0.0329077 -0.0137431 -0.012971 -0.0145172 -0.0251113 -0.0114729 0.00396009 0.0177515 0.0428273 0.0681164 -0.00199869 0.0267139 -0.0305068 -0.0157357 -0.0112775 -0.000159722 0.0156477 0.0367092 0.0489292 0.0684998 0.0285209 -0.02094
internal_weight=183.592 129.86 125.797 53.7318 6.76433 4.70792 124.275 3.5238 46.9675 123.173 120.801 118.13 26.3685 91.761 19.8602 13.8009 6.08063 4.1054 7.72025 3.84633 3.87391 71.9008 57.8042 26.8779 16.7357 10.2364 9.00365 6.90498 3.93424 30.9263
internal_count=3200 2469 2421 731 100 78 2409 68 631 2396 2341 2316 572 1744 319 209 81 51 128 55 73 1425 1135 507 303 171 142 103 70 628
is_linear=0
shrinkage=0.05


Tree=56
num_leaves=31
num_cat=0
split_feature=2 7 0 7 3 1 1 12 10 10 12 0 3 1 3 10 1 3 5 3 0 0 3 10 10 2 5 5 9 7
split_gain=23.1572 4.21301 2.38343 1.91914 2.05873 1.84982 2.09003 2.95426 2.63128 5.86706 7.19738 4.2868 2.2748 1.9376 2.81761 1.61875 1.41647 1.26427 2.50527 1.70338 3.24941 3.74333 3.56055 2.71198 3.14596 2.78696 4.72681 5.24567 3.86088 4.03169
threshold=-0.13049713171448926 -0.64357903728272348 2.229636751043357 2.3040973512739593 4.9662738841152505 2.5289177641824563 2.2315286051655776 -1.0000000180025095e-35 1.5677608893892445 1.1668540686626026 1.251635211418108 1.8467367175742886 -0.22555757652120087 0.86024861378846029 0.19160854741304575 0.41359454263427609 -0.67432179673042392 -0.5673752561669626 -0.60710728456739205 -0.47497121617871546 -0.77737289144586874 -0.094685799658464312 -0.48381697949935337 0.019128297546128926 1.0000000180025095e-35 -0.43141555683671956 -0.11835955839892533 -0.26547673432301416 -1.0739376465845245 -0.36363081514157253
decision_type=2 2 2 2 2 2 2 2 2 2 2 2 2 2 2 2 2 2 2 2 2 2 2 2 2 2 2 2 2 2
left_child=16 15 3 4 5 6 7 12 9 11 -11 13 -3 14 -9 -2 -1 18 -18 20 22 -22 -19 24 25 28 27 -27 29 -21
right_child=1 2 -4 -5 -6 -7 -8 8 -10 10 -12 -13 -14 -15 -16 -17 17 19 -20 23 21 -23 -24 -25 -26 26 -28 -29 -30 -31
leaf_value=-0.041083988951133799 -0.055352350341646317 0.0036351718567522841 0.053837853491847699 0.048484778132120744 -0.029049963365629445 0.047015089938755972 -0.026859664811054076 -0.032776933009717339 0.044222421943094309 -0.11696461107896811 0.011730104820224612 -0.040158227935444268 0.052395706373652255 0.05452055735134366 0.040146243168614273 0.014375904957629585 0.029657123857140668 -0.052726347905178328 -0.052170936189390116 0.040638361368507875 0.027301617843802913 -0.028925644723928286 0.034595105786112822 -0.026867082417291788 0.077405722615960904 -0.0067161849197675157 -0.039120665664613315 0.059846957753330626 -0.023560030502218089 -0.052625273221630811
leaf_weight=4.4700794871896496 2.1973811537027355 3.193773988634347 7.3715290315449229 6.6831351928412905 2.0599322989583007 6.362261500209569 2.4434949308633795 2.1760174147784834 4.4427355974912635 2.0611704885959616 2.2972492538392544 2.5644754618406287 9.5269650742411525 4.9938505925238132 3.3854431621730328 1.3398757353425024 1.1783175896853206 4.4615975897759199 4.5370055548846713 4.9299444295465946 11.835092399269342 3.9473653454333517 1.5810844674706483 28.726526465266943 1.0578591283410776 6.4542621579021207 3.9802694283425799 5.4669882152229539 33.323698671534665 1.5148490630090155
leaf_count=127 37 35 119 89 16 84 32 26 55 20 29 27 118 69 44 16 22 103 133 81 144 82 20 626 15 107 81 66 740 37
internal_value=-0.000355101 0.0240758 0.0272243 0.0234653 0.019791 0.0221066 0.0178334 0.0209859 0.00986289 0.00112914 -0.0491318 0.0178259 0.0401535 0.0319135 0.0116138 -0.02894 -0.0134788 -0.0123867 -0.0353006 -0.011166 0.00130084 0.0132386 -0.0298784 -0.01435 -0.00801147 -0.0096346 0.00805733 0.0238091 -0.0167088 0.0187167
internal_weight=180.564 63.0993 59.562 52.1905 45.5074 43.4474 37.0852 34.6417 21.9209 17.4782 4.35842 13.1198 12.7207 10.5553 5.56146 3.53726 117.465 112.995 5.71532 107.28 21.8251 15.7825 6.04268 85.4544 56.7279 55.67 15.9015 11.9213 39.7685 6.44479
internal_count=3200 816 763 644 555 539 455 423 270 215 49 166 153 139 70 53 2384 2257 155 2102 349 226 123 1753 1127 1112 254 173 858 118
is_linear=0
shrinkage=0.05


Tree=57
num_leaves=31
num_cat=0
split_feature=2 7 0 12 8 2 2 7 9 4 4 5 8 0 2 2 7 9 7 3 9 8 9 12 11 2 5 2 2 3
split_gain=21.4081 6.09275 2.17501 2.27481 2.29261 2.79159 2.02191 2.10162 2.84734 2.96766 1.55252 2.03075 2.03664 1.85841 4.48959 2.22534 4.44537 3.26465 3.19372 5.52818 3.07671 4.81132 4.08881 3.19608 3.12043 2.70754 2.57105 2.46768 5.36582 2.95267
threshold=-0.17749404422749451 -0.43590381729838895 2.229636751043357 -0.74002698477181994 -0.38663747336437987 0.81301158420182296 3.005692153639917 2.27405855790072 2.1478198428077238 0.61344965428003506 0.099369598729839012 0.22119224682757102 -0.55945159566791514 -0.13038631918653584 -0.31422935319190165 -0.61332728268376158 -0.177173457837035 -0.030838908580263048 -0.68346780411677344 -0.29291066560903417 0.32264384520759054 -0.81093604403492547 0.18153066974588863 -0.74002698477181994 1.0000000180025095e-35 -0.54477013305046895 -0.54342980462193946 -0.51418418224812157 -0.51952253974935225 -0.26763235822301684
decision_type=2 2 2 2 2 2 2 2 2 2 2 2 2 2 2 2 2 2 2 2 2 2 2 2 2 2 2 2 2 2
left_child=10 -2 3 -3 -5 -6 7 8 -7 -10 11 13 -13 15 -15 16 18 25 -1 -20 21 -19 23 -23 -22 26 -17 28 -27 -29
right_child=1 2 -4 4 5 6 -8 -9 9 -11 -12 12 -14 14 -16 17 -18 20 19 -21 24 22 -24 -25 -26 27 -28 29 -30 -31
leaf_value=-0.0039918620517125141 -0.025364857873536831 0.051713568067497044 0.053731344213878665 -0.03613003751468586 0.047132036530225047 0.014190180282264583 0.054062425578175581 0.043879599723605757 0.011638349540657645 -0.067939595727671373 -0.032089128286668066 0.069678517140646157 -0.0076076159605310088 -0.034931735975615275 0.029359166104588913 0.0330549135143485 -0.042015554028168922 -0.052755722174476008 0.0057119901431786409 0.10090957826789496 -0.044269312962894519 0.051429097249204338 0.086675891809416983 -0.031850023189083969 0.012969438185876956 -0.0063359099781474214 -0.045430373860533849 -0.010111572764193118 0.11375059981160918 -0.052649246708862132
leaf_weight=6.1293046697974196 5.9665472581982604 6.5080372281372538 7.0465689226984969 1.7437702119350422 8.98513640090823 21.647692516446121 3.1305599585175505 4.397573009133338 2.306010913103818 2.3814890757203102 10.112558061257003 1.510231224820018 1.9569941591471423 18.875548981130127 3.1717861704528323 1.1350269056856621 3.5296503603458396 1.6599845904856918 3.5267033074051142 2.6868253853172055 4.8352999649941903 2.4134695213288064 2.9963550455868244 2.2043456770479701 4.6912116892635822 5.1482416018843651 12.933776125311843 17.51051158644259 1.1353709530085279 5.3185930904001166
leaf_count=100 94 80 118 19 111 268 46 63 29 24 268 22 34 452 40 23 70 39 52 29 109 27 36 46 86 105 327 339 16 128
internal_value=-0.000342995 0.0227527 0.0276902 0.0240992 0.020069 0.0223561 0.0157821 0.0118827 0.00653974 -0.0287913 -0.0133913 -0.0115621 0.0260562 -0.0128677 -0.0256827 -0.00923867 0.00746596 -0.0135164 0.0216161 0.0468769 0.00387428 0.0243744 0.0411898 0.0116752 -0.0160828 -0.0210881 -0.0390984 -0.0123846 0.0153622 -0.0200218
internal_weight=177.595 64.1134 58.1468 51.1003 44.5922 42.8485 33.8633 30.7328 26.3352 4.6875 113.482 103.369 3.46723 99.902 22.0473 77.8547 15.8725 61.9822 12.3428 6.21353 18.8007 9.27415 7.61417 4.61782 9.52651 43.1815 14.0688 29.1127 6.28361 22.8291
internal_count=3200 852 758 640 560 541 430 384 321 53 2348 2080 56 2024 492 1532 251 1281 181 81 343 148 109 73 195 938 350 588 121 467
is_linear=0
shrinkage=0.05


Tree=58
num_leaves=31
num_cat=0
split_feature=1 8 0 7 0 9 10 10 10 3 0 7 8 1 1 0 0 9 0 10 1 1 3 10 9 1 6 6 10 3
split_gain=19.7829 4.40152 2.76971 1.96076 1.97802 2.84216 6.10027 1.76141 7.56549 3.59392 2.33114 1.72832 1.70224 1.57111 1.51381 1.41263 2.19035 2.22015 1.60413 3.7432 3.59184 7.55081 3.12244 2.94871 3.34164 2.90299 3.03557 2.39605 2.36165 4.67333
threshold=0.19103045683483741 -0.45854361067295429 1.8467367175742886 2.27405855790072 2.229636751043357 2.1478198428077238 0.82617883554844385 1.1668540686626026 1.3275775920470716 2.0664172030942498 1.8467367175742886 0.19938435212961628 2.1585523881427231 1.4626685491682803 -0.67432179673042392 -1.047202047036051 -1.0372776958105721 -1.1536718034416982 -0.13038631918653584 -0.18749060022893418 -0.27547996969716942 -0.30714982013974418 -0.052981006652708482 -2.0818439501917854 -1.1254127167365833 -0.42243855641353761 0.49585731084644613 0.2554537865736376 0.019128297546128926 0.19160854741304575
decision_type=2 2 2 2 2 2 2 2 2 2 2 2 2 2 2 2 2 2 2 2 2 2 2 2 2 2 2 2 2 2
left_child=2 -2 14 4 5 7 -7 10 -9 12 11 -3 -10 -12 -1 -16 -17 -18 19 23 21 22 25 -19 -25 26 -21 -27 -20 -30
right_child=1 3 -4 -5 -6 6 -8 8 9 -11 13 -13 -14 -15 15 16 17 18 28 20 -22 -23 -24 24 -26 27 -28 -29 29 -31
leaf_value=-0.040884817845752132 -0.038215832695946868 0.0045513364680227529 0.049567336037998566 0.054443324151405653 0.053512985106963562 -0.062212179983954036 0.038502971907222336 -0.064550201606202395 0.058543899155715722 -0.036024898399915732 -0.03393060952770733 0.054350174070611795 0.0062116463839280286 0.031147548969677332 -0.029127369758845556 0.054562763450914334 -0.038667601386069422 0.057325826330424115 -0.0071373269837939242 0.025608068706949479 -0.032095665770696745 0.13240427324868936 -0.039766752649311669 0.068918449799721143 -0.020990593264855559 -0.053129445162900017 -0.053149470263801624 0.03941066157325699 -0.053927279600042892 0.02549521842860758
leaf_weight=4.3820317927747956 2.5388503521680823 2.0439216904342237 1.8526924401521672 6.6932495757937422 5.3978884108364573 2.9169495776295653 3.1027284488081932 2.5138542503118506 6.3072345629334432 1.6051826253533352 1.65016771107912 11.807108484208582 2.0618770085275173 2.1174837537109852 9.8035103958100063 1.3259661346673954 6.392545696347951 1.3399249166250147 18.112889889627699 20.844846474006783 4.9271018020808759 1.2879858762025858 2.983254261314868 1.0659117717295803 33.943651134148247 2.5625477936118837 1.2997656725347031 0.96210031770169724 8.4995515719056112 2.3682327326387158
leaf_count=129 49 25 23 104 95 31 43 28 87 16 18 166 28 28 219 25 149 24 374 329 98 16 68 13 694 56 30 15 190 30
internal_value=-0.000342111 0.0259509 -0.0111085 0.0293295 0.0252815 0.0210632 -0.0103005 0.0273342 0.0129692 0.0325067 0.0375161 0.0470016 0.0456509 0.00264441 -0.0120291 -0.010955 -0.00930416 -0.0100987 -0.00827598 -0.00424024 0.00746385 0.0139739 0.00865021 -0.0154672 -0.0182532 0.0142772 0.0209854 -0.0278694 -0.0181934 -0.0366201
internal_weight=174.711 50.7565 123.955 48.2176 41.5244 36.1265 6.01968 30.1068 12.4881 9.97429 17.6187 13.851 8.36911 3.76765 122.102 117.72 107.916 106.59 100.198 71.2171 34.8676 29.9405 28.6525 36.3495 35.0096 25.6693 22.1446 3.52465 28.9807 10.8678
internal_count=3200 718 2482 669 565 470 74 396 159 131 237 191 115 46 2459 2330 2111 2086 1937 1343 612 514 498 731 707 430 359 71 594 220
is_linear=0
shrinkage=0.05


Tree=59
num_leaves=31
num_cat=0
split_feature=8 7 3 10 9 7 4 4 3 3 1 6 10 6 1 6 10 7 6 6 0 1 10 8 9 9 1 12 4 3
split_gain=18.4667 5.01328 3.43066 3.38371 1.90179 4.20276 1.53523 4.46078 1.54601 2.23712 1.74751 4.75627 2.66502 1.87439 1.91207 3.94799 4.02896 9.93583 3.34167 4.15295 3.26666 3.68414 3.10877 3.02544 2.66673 3.53756 2.52437 3.63575 3.16287 2.2945
threshold=0.55929766776893797 1.5968661491991905 1.573122256837953 -0.72843533535056448 -0.28432450848734031 1.7412113822502675 -0.62050816202769388 -0.61026752394455841 -0.5673752561669626 -0.55428211222392354 -0.64265954965323702 -1.1984151459333472 -1.37065914427896 -0.58023465494612536 -0.45787841992707229 -0.15666654075117706 -0.15913173577720705 -0.90003340957833855 0.083736983521631461 0.15242370474243391 -0.36435580584953903 -0.61692712644205228 -1.0662844843372465 0.3960965512757279 -0.80354214332994855 -0.75076311700519882 -0.56671364405920677 -0.74002698477181994 -0.29355422887269261 -0.41690527970286867
decision_type=2 2 2 2 2 2 2 2 2 2 2 2 2 2 2 2 2 2 2 2 2 2 2 2 2 2 2 2 2 2
left_child=1 2 6 -2 5 -5 -1 -8 -9 -10 11 -11 -13 -12 15 16 17 -15 -17 -20 29 -22 -23 24 -16 -26 27 -18 -28 -21
right_child=3 -3 -4 4 -6 -7 7 8 9 10 13 12 -14 14 23 18 26 -19 19 20 21 22 -24 -25 25 -27 28 -29 -30 -31
leaf_value=-0.052942197499759661 -0.036795908251645248 0.049618553581683919 -0.085861936841156394 0.029213585800161441 0.031832458770270237 -0.069841314012089692 0.053041221520979155 -0.041200582283639313 0.035271728158592364 0.064748349314058609 -0.019993494707011127 0.025857414226534238 -0.052031970070938106 0.1110106129885885 -0.041992422872237083 -0.043846496686814389 0.068361633116491641 -0.042931119608539375 0.057126626496556636 0.0036962498561261999 0.071996817990701706 0.046201966222286367 -0.052478682692682188 0.062539692546873235 0.063772101741349535 -0.013705197554011528 0.027932448614766382 -0.052512995934474851 0.12019377427153721 -0.052858520865711203
leaf_weight=2.1829948741942635 2.0826951768249264 3.352318111807107 1.5674465969204892 3.5692589487880459 41.978959605097771 1.5298024117946623 2.6879853419959536 4.3959660641849032 2.5556693878024808 1.1634138710796822 30.929732343181968 1.2582097705453623 8.6357997730374318 1.3973483107984064 7.8951813466846934 5.3256582040339664 1.4132093563675883 4.1945678554475307 2.8049210682511321 2.9120781850069744 2.0767800528556108 1.3326363544911148 1.9898037929087875 1.2434710804373015 1.587476067245009 20.486856356263175 1.6540576219558718 1.1113107800483701 2.1189258843660337 4.6688070893287659
leaf_count=55 36 45 12 62 619 14 25 130 30 16 659 28 262 16 179 122 17 92 34 40 24 16 50 21 28 381 27 29 22 109
internal_value=-0.000329817 -0.0106867 -0.0123771 0.025571 0.02833 -0.000504516 -0.0114012 -0.0106184 -0.0121306 -0.0109556 -0.0120681 -0.0308819 -0.0421269 -0.00988152 -0.00501085 0.00338026 0.026425 -0.00446305 -0.00959839 0.00195647 -0.00996546 0.0197565 -0.0128977 -0.0138824 -0.0170532 -0.00813342 0.0538522 0.0151518 0.0797469 -0.0311339
internal_weight=172.103 122.943 119.59 49.1607 47.078 5.09906 118.023 115.84 113.152 108.756 106.2 11.0574 9.89401 95.1428 64.2131 33.0001 11.8894 5.59192 21.1107 15.785 12.9801 5.39922 3.32244 31.213 29.9695 22.0743 6.2975 2.52452 3.77298 7.58089
internal_count=3200 2469 2424 731 695 76 2412 2357 2332 2202 2172 306 290 1866 1207 598 203 108 395 273 239 90 66 609 588 409 95 46 49 149
is_linear=0
shrinkage=0.05


Tree=60
num_leaves=31
num_cat=0
split_feature=1 7 0 7 4 9 8 6 6 6 7 11 2 2 4 12 9 9 1 4 4 4 6 0 0 7 0 9 0 8
split_gain=17.2333 4.16679 2.51402 2.02443 2.15358 3.42885 3.76492 2.38323 4.2588 1.81994 2.94613 1.84956 1.43005 2.71297 3.62952 5.60726 2.86075 2.92911 3.96454 2.68385 4.44821 3.8512 2.38471 3.70529 3.50692 2.55162 2.95571 6.61643 3.36155 4.25486
threshold=0.19103045683483741 -0.64357903728272348 1.8467367175742886 2.27405855790072 1.0800313386245708 2.2417173007326912 0.78319830396187984 1.1884484164895375 0.6103351795477836 -0.15666654075117706 0.61349777342636969 0.98649928985631286 -0.60942377085899468 -0.56295463213889219 -0.57132408761323317 -0.74002698477181994 -0.80354214332994855 -0.98640739684122802 -0.45787841992707229 -0.54179494364878866 -0.23726377203574714 -0.10537862144319797 -0.44286121250452054 0.38141519288804054 0.54335610264837564 1.7649713676579768 -0.79791685066319606 -0.61242554813479133 -0.69444847158782974 -0.72305262565899253
decision_type=2 2 2 2 2 2 2 2 2 2 2 2 2 2 2 2 2 2 2 2 2 2 2 2 2 2 2 2 2 2
left_child=2 -2 12 4 7 6 -6 8 9 10 -3 -12 -1 14 15 -14 17 18 19 -15 -21 -22 23 -18 -25 26 27 -24 -28 -30
right_child=1 3 -4 -5 5 -7 -8 -9 -10 -11 11 -13 13 16 -16 -17 22 -19 -20 20 21 -23 25 24 -26 -27 28 -29 29 -31
leaf_value=-0.00043104238562262733 -0.054105774776120136 -0.038052513979970511 0.048734147571831213 0.05411762624597543 -0.032901412246912114 -0.049266803657924109 0.03933325411791827 0.046700331377568405 -0.040162034750557601 0.051673210591276698 0.054010998120810574 -0.00041746644778930793 0.10342978064589788 0.05925949594581964 -0.040204237309477177 -0.052414436360105669 -0.026166446421208168 -0.05251211141242712 -0.052502278508908144 -0.052686800592595 0.071781436018501218 -0.028808306175678845 0.052553719082675754 0.096612687745935011 -0.01004093135594583 -0.055911221422684336 0.061035858240164012 -0.041593978024187801 -0.025890096747364241 0.023204691537289136
leaf_weight=24.132668878883123 1.6153067257255305 2.0220737885683757 1.769644871354102 6.2276915162801734 2.5118168666958791 2.3199597336351863 6.4001388810575008 12.917421419173477 2.6413393802940837 5.4347164612263503 3.7192967012524605 2.6895009763538837 1.1760400962084534 1.9027259238064287 15.643428079783915 1.1334556583315158 18.291680799797181 6.9432674236595622 4.1671954579651365 3.0723091308027506 2.181107629090548 1.687931904569268 2.5321371667087078 1.2707825675606721 1.9588006921112535 1.7134477496147145 3.5267610028386107 7.0950968842953426 6.3461793065071115 14.489143028855327
leaf_count=432 32 35 23 104 25 26 87 197 39 79 57 37 15 23 445 30 403 179 105 80 29 40 33 20 31 17 51 157 134 235
internal_value=-0.000332606 0.0248507 -0.0104238 0.027571 0.0235046 0.00487886 0.0189741 0.0306145 0.0180265 0.0291112 0.0145673 0.0311697 -0.0113016 -0.0140591 -0.0315661 0.0269445 -0.00998676 -0.0262884 -0.0122944 0.0066509 -0.0077699 0.0278975 -0.00430225 -0.0174489 0.0319253 0.00362243 0.0066236 -0.0168314 0.0158924 0.00825103
internal_weight=169.533 48.4993 121.034 46.884 40.6563 11.2319 8.91196 29.4243 16.5069 13.8656 8.43087 6.4088 119.264 95.1315 17.9529 2.3095 77.1786 19.9545 13.0113 8.84407 6.94135 3.86904 57.224 21.5213 3.22958 35.7028 33.9893 9.62723 24.3621 20.8353
internal_count=3200 718 2482 686 582 138 112 444 247 208 129 94 2459 2027 490 45 1537 456 277 172 149 69 1081 454 51 627 610 190 420 369
is_linear=0
shrinkage=0.05


Tree=61
num_leaves=31
num_cat=0
split_feature=1 7 5 7 0 9 1 0 4 2 6 8 8 3 2 0 0 7 0 4 5 8 8 1 2 1 3 3 7 5
split_gain=15.9208 3.88957 3.19288 2.0046 2.08209 2.60491 4.04793 1.85473 1.63944 2.15164 3.50138 2.61401 4.35123 2.73997 4.16625 2.49134 2.39188 2.10945 2.54688 2.14189 3.64036 2.10052 2.42158 3.48781 2.59984 2.26113 2.27379 1.87131 2.29607 3.20291
threshold=0.19103045683483741 -0.64357903728272348 1.0689182628952916 2.27405855790072 2.229636751043357 2.1478198428077238 0.96135234411773041 1.5573656483092535 -0.042052330150773802 -0.62639762872770943 -0.12232318014077585 -0.71806882046498621 -0.8149864838064137 0.28084589029827173 0.72659702153713213 -0.40513010400760469 1.2640716973515269 1.4458957296013795 0.66825594350383422 -0.072140712628948056 -0.12778224368281629 -0.94934480707556113 -0.89884376613022876 -0.46186449235587218 -0.60942377085899468 -0.18355496182223469 -0.5673752561669626 -0.55862915082987807 -0.37409621458701747 -0.24165748000997522
decision_type=2 2 2 2 2 2 2 2 2 2 2 2 2 2 2 2 2 2 2 2 2 2 2 2 2 2 2 2 2 2
left_child=2 -2 8 4 5 -3 -7 -8 17 10 -10 12 -11 16 -15 -14 -13 18 19 21 -21 -1 23 24 -23 26 -24 -28 -29 -30
right_child=1 3 -4 -5 -6 6 7 -9 9 11 -12 13 15 14 -16 -17 -18 -19 -20 20 -22 22 25 -25 -26 -27 27 28 29 -31
leaf_value=-0.041867113620506442 -0.053898392395712869 0.024623381570337603 0.054454031605586255 0.053913267932373256 0.053224884950642794 -0.070262492477240188 0.054149683609829857 -0.015090333100445639 0.064974078750993911 -0.03978309462459817 -0.052216726105613946 -0.04979479386809034 0.0014183410271187847 -0.061096401811320838 0.055127418325632893 0.095341849610301344 -0.1383909737523657 0.043976701186888428 -0.048555734557779361 -0.010536052911802853 0.098414232380679117 0.051199866956077512 -0.041452456742230831 0.074345087963879369 -0.036434938540226294 -0.038559729299631577 0.045764673170367996 0.00063759504233756989 -0.033035751107765236 0.0070205960434831767
leaf_weight=4.637397449463605 1.5422899387776841 29.114507928490639 1.8885194212198246 5.9458508379757395 4.9264309071004382 1.9721382074058045 1.8380110189318659 2.041361179202795 1.6016420703381302 3.8391991686075926 1.0586633328348423 7.7989222500473208 1.6557454075664284 1.5574721395969402 1.5271173380315302 1.2309063803404612 0.84428775683045376 1.8904838301241387 3.9715448506176463 1.9422868024557831 1.2667415551841248 1.3043731730431321 4.5123291015624991 2.1511750388890496 2.410010302439332 6.2160519417375317 1.7825672067701805 42.442438809201114 14.486518433317544 7.6131377406418386
leaf_count=120 32 413 27 104 95 22 27 25 24 105 29 226 39 36 19 18 8 22 89 41 18 18 136 32 53 150 18 795 310 149
internal_value=-0.000328381 0.0242018 -0.0100438 0.0268296 0.0227928 0.0185052 -0.0119361 0.017715 -0.0110783 -0.0237001 0.0183382 -0.0297604 -0.00491089 -0.0440114 -0.00355636 0.0414686 -0.0584491 -0.00832038 -0.00936397 -0.00764909 0.0324713 -0.00911955 -0.00728807 0.0236814 -0.00566039 -0.00964558 -0.00710832 -0.00477175 -0.0061675 -0.0192367
internal_weight=167.01 47.3806 119.63 45.8383 39.8924 34.966 5.85151 3.87937 117.741 21.114 2.66031 18.4537 6.72585 11.7278 3.08459 2.88665 8.64321 96.6271 94.7366 90.765 3.20903 87.556 82.9186 5.86556 3.71438 77.053 70.837 66.3247 64.5421 22.0997
internal_count=3200 718 2482 686 582 487 74 52 2455 504 53 451 162 289 55 57 234 1951 1929 1840 59 1781 1661 103 71 1558 1408 1272 1254 459
is_linear=0
shrinkage=0.05


Tree=62
num_leaves=31
num_cat=0
split_feature=1 8 5 7 2 0 4 8 3 6 6 6 2 0 5 2 4 6 1 2 4 0 1 0 7 0 1 0 4 5
split_gain=14.6771 3.58429 2.94172 1.89708 1.97652 2.25892 2.20498 3.34377 2.80302 4.49872 2.73171 5.39399 2.19585 4.65511 1.68231 1.97276 1.54492 2.04195 1.9578 2.29737 2.77872 2.51941 2.51645 1.95432 1.93625 2.40356 1.93172 2.1354 1.90641 3.41474
threshold=0.19103045683483741 -0.45854361067295429 1.0689182628952916 2.27405855790072 0.81301158420182296 2.229636751043357 1.0800313386245708 0.78319830396187984 2.3326990877958611 1.9840696039638324 1.1884484164895375 0.6103351795477836 1.4775055533280745 1.4305827725244109 -0.04097481372781861 0.042093243147681168 -0.042052330150773802 -1.1869673590632133 -0.54841222683799962 -0.62639762872770943 0.38993173380268409 0.73389181811104975 -0.51494593986672565 1.283343102848481 1.4458957296013795 0.66825594350383422 -0.18355496182223469 -0.23098955212479719 -0.072140712628948056 -0.12778224368281629
decision_type=2 2 2 2 2 2 2 2 2 2 2 2 2 2 2 2 2 2 2 2 2 2 2 2 2 2 2 2 2 2
left_child=2 -2 16 4 14 6 10 -8 9 -9 11 12 13 -6 15 -3 24 -18 -19 -20 22 -22 -21 -24 25 26 28 -28 -1 -30
right_child=1 3 -4 -5 5 -7 7 8 -10 -11 -12 -13 -14 -15 -16 -17 17 18 19 20 21 -23 23 -25 -26 -27 27 -29 29 -31
leaf_value=-0.0067322654851116066 -0.03646772008059336 -0.028842139270121678 0.052951946897342519 0.053719449392572838 0.053847094730013527 0.053014775540270224 -0.067589287779120974 0.026134443347751803 0.040352315723099205 -0.096264538600767682 0.042204712480287156 -0.069796302315533562 0.043883356494729173 -0.069632719354011205 0.061148874827863624 0.053991476683841459 0.030098907714118613 -0.051984345594760832 0.041361419870868887 0.025846186769839092 -0.024762092867723212 0.061449472959352686 -0.04225803944155998 -0.12478808075475045 0.042594224272146181 -0.047714958242218004 -0.052302575886017423 0.0065378603051579418 -0.009631494019833424 0.096058606247794609
leaf_weight=79.974247839301825 2.36323058605194 1.3995690234005453 1.8460890799760807 5.6757589578628531 1.4616099819541069 3.7713707014918318 1.9214289486408214 1.7471952848136427 3.2204666994512081 1.3162702582776544 8.4258493334054929 2.0033364929258823 4.6609108299016953 1.5975088402628896 5.3256439343094808 1.4777136035263536 1.6604508422315145 5.781978959217672 1.4909628666937393 1.2265465743839747 1.9225047510117286 1.5154397152364252 6.2311052884906433 0.81063674390315998 1.8551680780947197 3.842750944197177 4.6246282327920198 2.3132127393037072 1.9067147690802815 1.2754629142582405
leaf_count=1612 49 18 27 104 23 77 18 24 38 17 130 27 69 21 79 24 29 181 26 27 48 18 168 7 22 89 124 48 40 16
internal_value=-0.000323233 0.0235196 -0.00967021 0.0267412 0.0227462 0.0168214 0.0116421 -0.00986707 0.00778257 -0.0264564 0.0213665 0.00330909 0.0222798 -0.0106356 0.0445054 0.0136995 -0.0106631 -0.0230711 -0.0277229 -0.0170934 -0.0245384 0.0132398 -0.0402466 -0.0517588 -0.00798966 -0.00898864 -0.00733687 -0.032684 -0.00522212 0.0327306
internal_weight=164.646 46.3679 118.278 44.0046 38.3289 30.1259 26.3546 8.20536 6.28393 3.06347 18.1492 9.72337 7.72003 3.05912 8.20293 2.87728 116.432 20.6396 18.9792 13.1972 11.7062 3.43794 8.26829 7.04174 95.7922 93.937 90.0943 6.93784 83.1564 3.18218
internal_count=3200 718 2482 669 565 444 367 97 79 41 270 140 113 44 121 42 2455 504 475 294 268 66 202 175 1951 1929 1840 172 1668 56
is_linear=0
shrinkage=0.05


Tree=63
num_leaves=31
num_cat=0
split_feature=1 0 10 3 0 8 7 7 1 4 4 6 6 10 8 4 10 8 7 1 7 5 6 1 5 3 3 5 7 8
split_gain=13.5642 3.65042 1.96084 2.123 2.90823 1.83595 1.54947 2.93522 1.65755 1.62042 3.68645 2.12577 4.62293 4.40037 2.808 2.81995 2.79177 2.68197 3.50252 2.49338 2.25404 2.80764 2.14878 4.55732 2.14642 2.04698 4.63167 2.48575 2.21353 2.16614
threshold=0.64593486761137875 1.8278404597973541 -0.57552857066891017 1.9458569951648856 1.2370115524195637 1.9743506893549754 1.8588166914481479 1.7210497934835118 0.37146808656787161 -0.62050816202769388 -0.61026752394455841 0.083736983521631461 0.10663255726189894 1.2838772422309073 0.44619769500960715 -0.042052330150773802 0.26140899017783498 -0.2286921259656465 -0.74274614806194927 -0.059821534223506855 -0.48062898423673311 -0.15497602664123841 -0.11087539327064211 -0.29543068525098165 -0.42356124282628993 -0.50893208280548985 -0.48676529919091976 -0.39742967276441404 -0.60690920657233816 -0.87294661822687991
decision_type=2 2 2 2 2 2 2 2 2 2 2 2 2 2 2 2 2 2 2 2 2 2 2 2 2 2 2 2 2 2
left_child=1 5 -2 -4 -5 6 7 8 9 -1 -11 19 -13 14 15 16 17 18 -14 22 -20 24 25 -24 -22 27 28 -12 -27 -28
right_child=2 -3 3 4 -6 -7 -8 -9 -10 10 11 12 13 -15 -16 -17 -18 -19 20 -21 21 -23 23 -25 -26 26 29 -29 -30 -31
leaf_value=-0.052778581816688222 -0.020951279795964634 0.039185077908891107 0.036253982233898106 -0.035135497849036502 0.031685133643525258 0.032171602547772064 0.033827429214073536 -0.095040086820988995 -0.052501774440747932 0.048287952641478865 -0.042584158015633644 0.070726819192231546 -0.024219725947158013 0.074550631509452403 0.040051485910093054 -0.050502232901645454 -0.042366298714300879 -0.040183840826957411 0.046773241675101662 -0.052950528975396254 0.014638097330386755 0.052184432527435591 -0.052515082853824724 0.043353338863200211 -0.052516029574216194 0.096755422591812718 0.012245209741951075 0.044782417406502274 0.014691434183901942 -0.014754198156106188
leaf_weight=2.1245765499770632 2.0090060830116263 3.9801209904253474 26.690688002854586 2.7159775532782069 4.0662413910031319 2.5913975462317458 1.9513517506420601 1.0322051681578148 2.2872986011207095 2.7679412551224223 7.2436299975961447 2.1539960280060759 5.6891377381980481 1.6653155162930477 2.7072979137301436 4.3207654841244247 4.5740293972194186 3.3883446976542464 5.5711941830813947 4.1000964324921361 2.5083280019462166 2.0978200156241549 7.2128807529807091 1.4969178084284118 2.2637909948825841 1.4819740504026415 9.132021913304909 0.91724780574440057 1.8443486932664956 39.830396715551643
leaf_count=57 27 61 444 32 59 34 26 9 35 26 168 26 113 26 44 129 108 76 71 112 44 27 188 30 56 16 192 14 32 918
internal_value=-0.000303027 -0.00794253 0.0270269 0.0299065 0.00492644 -0.00946809 -0.0103646 -0.0110928 -0.0103546 -0.00951702 -0.0087034 -0.0101349 -0.000355277 -0.00475677 -0.00874437 -0.013088 -0.00689246 0.00064791 0.00827891 -0.0150661 0.02314 0.00397462 -0.0128201 -0.0360386 -0.0172184 -0.00947474 -0.00583982 -0.0327645 0.0512533 -0.00971852
internal_weight=162.416 126.934 35.4819 33.4729 6.78222 122.954 120.363 118.412 117.379 115.092 112.967 110.2 36.94 34.786 33.1207 30.4134 26.0926 21.5186 18.1303 73.2595 12.4411 6.86994 69.1594 8.7098 4.77212 60.4496 52.2887 8.16088 3.32632 48.9624
internal_count=3200 2638 562 535 91 2577 2543 2517 2508 2473 2416 2390 720 694 668 624 495 387 311 1670 198 127 1558 218 100 1340 1158 182 48 1110
is_linear=0
shrinkage=0.05


Tree=64
num_leaves=31
num_cat=0
split_feature=1 8 5 7 2 9 10 10 0 10 1 0 0 5 2 4 10 6 8 2 8 10 5 8 7 0 1 0 4 4
split_gain=12.5847 3.17315 2.62181 1.89284 1.99353 2.48612 5.31414 2.82219 7.2316 9.60376 2.84685 2.32174 2.91656 1.53921 1.78988 1.41622 2.04057 3.13347 2.473 3.57099 2.71168 3.0678 2.83872 1.93152 1.76068 2.27629 1.76304 2.10659 1.70738 3.64761
threshold=0.19103045683483741 -0.45854361067295429 1.0689182628952916 2.27405855790072 0.81301158420182296 2.1478198428077238 0.82617883554844385 1.1668540686626026 1.5573656483092535 1.3648993421860829 1.9987416015691846 1.8467367175742886 2.1666511591977167 -0.04097481372781861 0.042093243147681168 -0.042052330150773802 1.4324024751185578 0.85073870382059213 -0.71806882046498621 -0.62639762872770943 -0.8149864838064137 0.0097951678780547873 -0.26547673432301416 -0.74794093139134477 1.4458957296013795 0.66825594350383422 -0.18355496182223469 -0.23098955212479719 -0.62050816202769388 -0.61026752394455841
decision_type=2 2 2 2 2 2 2 2 2 2 2 2 2 2 2 2 2 2 2 2 2 2 2 2 2 2 2 2 2 2
left_child=2 -2 15 4 13 7 -7 11 9 -9 -11 -6 -13 14 -3 24 17 18 20 -20 22 23 -17 -22 25 26 28 -28 -1 -30
right_child=1 3 -4 -5 5 6 -8 8 -10 10 -12 12 -14 -15 -16 16 -18 -19 19 -21 21 -23 -24 -25 -26 -27 27 -29 29 -31
leaf_value=-0.05274447473196027 -0.035421918483223402 -0.02745892715862272 0.05125715768715438 0.053442010275655753 0.053710241719400822 -0.061030239991651136 0.035862160470674684 -0.12406726718045379 0.053761046754906144 0.038250618773607942 -0.046988957382983088 -0.028935656784522132 0.053342507523967797 0.060533617879831997 0.053688020685708548 0.047955693714233534 -0.10506890894380766 0.054725985227655684 0.022589258399422031 -0.052963119882695656 -0.05225806130558467 0.0961392502132421 -0.052197382095340666 0.048107322803115686 0.041665038006258967 -0.046857629395557036 -0.052145682565709006 0.0071884377809363995 0.055063382687713318 -0.005559780095909927
leaf_weight=1.8088880963623513 2.255565056577324 1.3373769447207453 1.7789942957460869 5.2817134261131278 8.4539782553911262 2.9325182884931555 2.7348561324179173 1.9095438942313174 4.2838669568300247 2.964292299002409 1.4629711918532846 2.353442918509244 1.9859437197446821 4.9894463568925849 1.3815298452973364 0.92093961685895953 0.71333050355315109 1.3424027413129795 1.8997275624424279 8.8494127951562351 1.0349393356591461 1.1969714201986787 3.0529040470719337 0.89299356751144587 1.7970820665359486 3.676382537931203 4.3122375570237637 2.2905217427760354 2.5631323121488085 77.673042718321085
leaf_count=50 49 18 27 104 141 35 44 18 73 43 21 30 39 79 24 19 11 18 39 263 29 16 93 16 22 89 124 48 22 1596
internal_value=-0.000301844 0.0223541 -0.008974 0.0254516 0.0214332 0.0154409 -0.0142737 0.0226333 0.0035813 -0.0303417 0.0100835 0.0384498 0.00871939 0.0440403 0.0137734 -0.00991372 -0.0220312 -0.0189446 -0.0244856 -0.0396105 -0.00158306 0.0332655 -0.0289869 -0.00577011 -0.00735125 -0.00830535 -0.00670652 -0.0315625 -0.00470618 -0.00362318
internal_weight=160.131 44.327 115.804 42.0715 36.7898 29.0814 5.66737 23.414 10.6207 6.33681 4.42726 12.7934 4.33939 7.70835 2.71891 114.025 19.9036 19.1903 17.8479 10.7491 7.09875 3.1249 3.97384 1.92793 94.1213 92.3242 88.6478 6.60276 82.0451 80.2362
internal_count=3200 718 2482 669 565 444 79 365 155 82 64 210 69 121 42 2455 504 493 475 302 173 61 112 45 1951 1929 1840 172 1668 1618
is_linear=0
shrinkage=0.05


Tree=65
num_leaves=31
num_cat=0
split_feature=1 7 5 7 2 0 9 10 10 0 10 0 1 0 1 0 1 0 0 2 9 3 5 0 2 10 9 10 1 0
split_gain=11.6366 3.022 2.40871 1.91881 1.98827 2.24836 3.01508 4.99392 2.57489 5.64247 7.81792 3.48536 2.57402 2.06017 1.39052 1.44768 2.34087 1.55776 2.70285 1.79992 3.16724 1.55193 2.82931 1.78136 4.16692 3.22814 3.32693 2.74101 6.38318 3.46604
threshold=0.19103045683483741 -0.62850744354014199 1.0689182628952916 2.27405855790072 0.81301158420182296 2.229636751043357 2.1478198428077238 0.82617883554844385 1.1668540686626026 1.5573656483092535 1.3648993421860829 1.8467367175742886 1.9987416015691846 0.20598211269802577 -0.67432179673042392 1.8467367175742886 -0.18355496182223469 -0.23098955212479719 1.283343102848481 0.47789862653776172 -0.35760655612334546 0.11220507653487838 0.22119224682757102 -0.13038631918653584 -0.31422935319190165 -0.21179715288573966 -1.1185685682044857 0.0097951678780547873 -0.56671364405920677 -0.83875985386597141
decision_type=2 2 2 2 2 2 2 2 2 2 2 2 2 2 2 2 2 2 2 2 2 2 2 2 2 2 2 2 2 2
left_child=2 -2 14 4 13 6 8 -8 11 10 -10 -6 -12 -3 -1 16 21 -18 19 20 -19 22 23 25 -25 -16 -27 28 -28 -29
right_child=1 3 -4 -5 5 -7 7 -9 9 -11 12 -13 -14 -15 15 -17 17 18 -20 -21 -22 -23 -24 24 -26 26 27 29 -30 -31
leaf_value=-0.039077997591657948 -0.046826214235822908 -0.00038225566075836113 0.049673593511153698 0.053272178041837162 0.050254346531197647 0.052662121041368651 -0.072369189350503613 0.030664803906193212 -0.10799699304725768 0.053958689184856502 0.037532413683237259 -0.013611564827942818 -0.042939742718715243 0.057929452973603829 -0.013596238799182826 0.049561518707900418 -0.052015817504774034 0.032183861444630341 -0.073062396597741164 0.054920382423890628 -0.069452470877591307 -0.032283339828375363 0.051276766699526383 -0.033101543113304648 0.019951769605650375 -0.052374005613309696 -0.026450646930090357 -0.023960987847159412 0.067567364025666279 0.016115464778161514
leaf_weight=3.8449690444394937 1.5468946192413557 2.0506759136915198 1.744814135134219 5.0397336333990088 8.2841106578707784 3.3738171756267539 2.649718537926673 2.1145410798490047 2.0791683569550496 3.0951981358230114 2.872318085283041 2.8785245493054381 1.5193478912115095 5.79559575766325 34.416226796805852 1.0637019909918297 4.895801292732358 1.6478342041373251 1.4456373043358324 1.3074994944036005 1.4331955276429638 5.5505175758153191 2.1760245505720368 14.686858013272287 4.9479850456118575 2.1506899371743193 2.6805562637746334 7.8481623288244 5.5291327852755838 17.260155092924837
leaf_count=129 37 32 27 104 142 77 26 32 18 49 43 37 21 100 750 15 149 38 13 17 29 142 33 406 68 60 59 179 72 296
internal_value=-0.000283366 0.0217996 -0.00862487 0.0243421 0.0203708 0.0143044 0.00922801 -0.0266392 0.0174717 -0.00156454 -0.028123 0.0337852 0.00969214 0.0426893 -0.00952597 -0.0084839 -0.00905572 -0.0312189 -0.0137669 0.00576573 -0.0150941 -0.00661028 -0.00505625 -0.00642557 -0.0197321 -0.00268698 0.00789857 0.0117892 0.0368694 0.00358868
internal_weight=157.929 43.2996 114.63 41.7527 36.713 28.8667 25.4929 4.76426 20.7287 9.56603 6.47083 11.1626 4.39167 7.84627 112.885 109.04 107.976 10.73 5.83417 4.38853 3.08103 97.2463 91.6958 89.5198 19.6348 69.8849 35.4687 33.318 8.20969 25.1083
internal_count=3200 718 2482 681 577 445 368 58 310 131 82 179 64 132 2455 2326 2311 246 97 84 67 2065 1923 1890 474 1416 666 606 131 475
is_linear=0
shrinkage=0.05


Tree=66
num_leaves=31
num_cat=0
split_feature=1 10 5 10 0 3 12 10 10 0 0 7 1 2 2 4 12 9 9 1 1 4 4 4 0 0 9 7 0 10
split_gain=10.7532 2.82059 2.2109 1.75096 2.49753 1.80423 1.60198 3.82371 4.0337 7.79247 4.15806 6.77506 1.58303 1.35992 2.55743 3.29209 4.50176 2.45618 3.01194 3.87875 2.37335 3.6736 2.37332 3.91154 2.28103 2.5912 2.25561 3.59237 2.98294 3.42671
threshold=0.19103045683483741 -0.57552857066891017 1.0689182628952916 -0.10193570952309841 -0.39674024381204592 4.9662738841152505 -1.0000000180025095e-35 1.4925986480528464 1.182757133119076 1.5805432220787325 1.8467367175742886 1.5209921970515621 1.129643774347209 -0.60942377085899468 -0.56295463213889219 -0.57132408761323317 -0.74002698477181994 -0.80354214332994855 -0.98640739684122802 -0.45787841992707229 -0.47502080842484701 -0.54179494364878866 -0.20874743000213489 -0.10537862144319797 0.22968832778853629 -1.047202047036051 -0.68389673277621854 -0.75277179100025904 -0.44563268767116926 -1.1595101845301128
decision_type=2 2 2 2 2 2 2 2 2 2 2 2 2 2 2 2 2 2 2 2 2 2 2 2 2 2 2 2 2 2
left_child=2 12 13 -3 -5 6 -6 8 10 -10 -8 -12 -2 24 15 16 -15 18 19 20 21 -16 -23 -24 25 -1 27 -27 29 -28
right_child=1 3 -4 4 5 -7 7 -9 9 -11 11 -13 -14 14 17 -17 -18 -19 -20 -21 -22 22 23 -25 -26 26 28 -29 -30 -31
leaf_value=-0.05242171678614263 -0.064411795860933832 0.056677778830391046 0.0480623453310665 -0.047132733901661991 0.042549267385219358 -0.019905909896239568 0.044527309578654611 0.053490521456625584 -0.085778528296045542 0.053257275414475419 -0.076615490952004692 0.05340992817655419 0.010602972521224012 0.090133933999797008 0.060763571294957075 -0.038765081585019075 -0.052202780432223109 -0.0025913087118660102 -0.052260869480140387 -0.052239213913155794 0.082745795132652386 -0.052400038554621692 0.069174317011612793 -0.051986520893062743 -0.052105841658750651 -0.031401641090677161 0.069891877621169288 0.044882771817928213 -0.052428555907579701 -0.0083256031338139486
leaf_weight=1.7289867792278588 1.4154669484123581 3.8572512902319422 1.7139491327106942 1.2883064448833454 10.732364522293205 2.2117608897387973 7.2202608603984171 5.8166460171341887 2.7557785362005225 1.5887756235897539 2.2506866902112961 1.8055131360888479 1.3978136852383611 1.2405894827097657 1.8525577392429111 14.120941078290342 1.0059400545433188 54.103749711066484 6.160678641870617 3.6522274930030116 0.97741943597793568 2.8453747928142543 1.4411102384328844 1.2387236803770068 1.8179061003029335 1.946390453726053 1.846175627782946 7.4519896656274849 2.4918144345283411 5.797403670847415
leaf_count=46 29 64 27 21 199 22 130 105 29 31 32 36 20 15 22 444 30 1080 178 105 11 82 18 39 55 41 25 85 65 114
internal_value=-0.000268909 0.0212333 -0.00829487 0.0246761 0.0212156 0.0237766 0.0267799 0.0188853 0.00599967 -0.034934 0.0217705 -0.018738 -0.0271398 -0.00915947 -0.0119744 -0.0298209 0.0263991 -0.00793273 -0.0238392 -0.00925686 0.00953163 -0.000167916 -0.0205977 0.0131691 0.00165115 0.00624722 0.0114402 0.0290844 -0.00492102 0.0105665
internal_weight=155.775 42.3406 113.434 39.5273 35.6701 34.3818 32.17 21.4377 15.621 4.34455 11.2765 4.0562 2.81328 111.72 88.6393 16.3675 2.24653 72.2718 18.1681 12.0074 8.35519 7.37777 5.52521 2.67983 23.0807 21.2628 19.5338 9.39838 10.1354 7.64358
internal_count=3200 718 2482 669 605 584 562 363 258 60 198 68 49 2455 2024 489 45 1535 455 277 172 161 139 57 431 376 330 126 204 139
is_linear=0
shrinkage=0.05


Tree=67
num_leaves=31
num_cat=0
split_feature=8 7 10 4 2 8 0 6 12 9 10 7 9 11 8 4 4 7 8 8 0 0 8 9 10 8 1 10 8 12
split_gain=10.1515 3.21012 2.85009 2.33516 1.81621 1.66662 1.5099 1.57872 2.08859 3.32405 3.63704 2.54423 4.84231 2.47245 1.74026 1.38641 2.98479 1.35088 2.86918 1.67425 3.58334 3.65682 2.87816 2.3803 2.3359 2.53979 2.0487 1.94286 1.70778 3.39961
threshold=0.55929766776893797 1.5642953938776112 -0.72843533535056448 1.7559896087907816 1.5325781313662239 0.4688766080077364 2.229636751043357 -1.0610417034917423 -1.0000000180025095e-35 2.0681800393882024 0.82617883554844385 1.69023434397695 0.43834116340632973 1.0000000180025095e-35 1.9743506893549754 -0.62050816202769388 -0.61026752394455841 0.61349777342636969 1.0000000180025095e-35 -0.2286921259656465 -0.35219342830129935 -0.21759546862540405 0.038469359379080532 0.9652176858437056 -1.6737416076862408 -0.94934480707556113 -0.30159663339220039 -0.041398772367113125 -0.45097457947957148 -1.0000000180025095e-35
decision_type=2 2 2 2 2 2 2 2 2 2 2 2 2 2 2 2 2 2 2 2 2 2 2 2 2 2 2 2 2 2
left_child=1 3 -2 4 5 15 7 -4 -9 11 -11 -10 -13 -14 -12 -1 -17 19 -19 23 -21 -22 -23 24 -18 -26 27 -24 -27 -30
right_child=2 -3 6 -5 -6 -7 -8 8 9 10 14 12 13 -15 -16 16 17 18 -20 20 21 22 26 -25 25 28 -28 -29 29 -31
leaf_value=-0.052534690683878948 -0.038999778324537535 0.044666725051758491 -0.019891645066836244 -0.078134083526905151 0.055351978843901965 -0.067690028153822149 0.052276833327021516 0.040764530266858945 0.041620194499087909 -0.065139248642304401 0.053299600172306144 -0.064758087722772847 -0.016129242690086681 0.053671671409506121 -0.027663974282731176 0.042864174709921134 -0.040597102408221349 -0.059864170638506665 0.036749031652209024 -0.040643550207532221 0.074522430231938441 -0.049557589301244397 -0.052348494946025108 -0.052277195459519067 -0.034802629289213814 -0.0034138394130532289 0.082744898647472157 0.044824153388582796 0.027808214980526963 -0.023291841361045409
leaf_weight=1.7712312173098315 1.9017132464796294 2.8096967041492453 2.2821584921330205 1.2240111753344525 1.096100840717553 1.2098563350737084 4.129979331046342 11.139855120331044 9.7397468648851007 2.4462665580213061 1.5625681132078173 1.9552045427262772 2.047729853540659 3.3345683962106705 1.1537690274417398 2.8146079257130614 4.002321394160389 3.2387101501226416 1.0075281895697115 10.520495278760793 1.5007335394620893 2.7941736113280049 1.0953322052955632 2.5761708561331025 5.2640510350465624 49.977916588075445 0.92736987955868233 0.96985432505607616 12.838096881285312 4.3602692652493991
leaf_count=54 36 48 38 8 17 30 105 204 161 27 29 23 32 60 16 25 90 83 17 299 26 82 32 75 150 1097 13 21 209 93
internal_value=-0.000262486 -0.00810287 0.0207986 -0.00946076 -0.00868221 -0.00933897 0.0236565 0.0203419 0.0230927 0.014241 -0.0209161 0.0248692 0.00263417 0.0271155 0.0189102 -0.00867082 -0.00792296 -0.00933725 -0.0369402 -0.00812675 -0.0219764 0.00497221 -0.013065 -0.00500553 -0.00341244 -0.00135799 0.0210085 -0.00671421 0.00126279 0.0148529
internal_weight=153.692 111.999 41.6936 109.189 107.965 106.869 39.7918 35.6619 33.3797 22.2399 5.1626 17.0772 7.3375 5.3823 2.71634 105.659 103.888 101.073 4.24624 96.8268 17.808 7.28746 5.78673 79.0188 76.4427 72.4403 2.99256 2.06519 67.1763 17.1984
internal_count=3200 2469 731 2421 2413 2396 695 590 552 348 72 276 115 92 45 2366 2312 2287 100 2187 473 174 148 1714 1639 1549 66 53 1399 302
is_linear=0
shrinkage=0.05


Tree=68
num_leaves=31
num_cat=0
split_feature=8 7 10 4 10 8 2 8 6 5 8 2 11 5 0 11 10 7 8 2 8 0 0 4 8 5 4 4 6 7
split_gain=9.33137 2.97551 2.61395 2.22143 2.04596 2.75681 1.65956 1.68786 2.24639 1.78228 3.42559 2.83661 5.33223 6.90274 3.61802 3.48985 5.08057 2.86243 2.71561 2.56567 3.09098 2.47937 3.63284 3.74838 5.6001 4.24609 2.78652 2.27617 2.09793 1.97209
threshold=0.55929766776893797 1.5642953938776112 -0.72843533535056448 0.14728197415228403 0.52161925384807017 0.31540936536875858 0.67048062036770473 0.13788299578839844 0.48440952397631237 -0.26547673432301416 -0.90508018712186267 -0.48001660207807267 0.52932365951015792 -0.11160366335274866 0.094711955673159751 0.98649928985631286 -0.28174971255361086 -0.68346780411677344 -0.43745696365398451 -0.62025950798046459 -0.34618249813127316 -0.18671770073463043 -0.7333070494712266 -0.2856482198693906 -0.8511803341228017 -0.47683886479455978 -0.60269612713128373 -0.2621149422608946 -1.1869673590632133 -0.49139078556870747
decision_type=2 2 2 2 2 2 2 2 2 2 2 2 2 2 2 2 2 2 2 2 2 2 2 2 2 2 2 2 2 2
left_child=1 3 -2 6 5 -5 7 9 -9 21 -11 15 13 14 27 17 -17 -12 29 -20 -21 22 23 28 -25 -26 -24 -13 -1 -19
right_child=2 -3 -4 4 -6 -7 -8 8 -10 10 11 12 -14 -15 -16 16 -18 18 19 20 -22 -23 26 24 25 -27 -28 -29 -30 -31
leaf_value=0.034086886984388894 -0.037388987776970743 0.043840188464604954 0.022893434672060058 -0.026786619614618576 -0.065388716461057289 0.081400251216370262 0.055138614279309418 -0.043357032953519115 0.034357772842767781 -0.040036882744250879 -0.052146856686946463 0.010352897538508111 -0.036585153470831196 -0.017695521999984198 0.12337747173100036 0.078736819641843717 -0.052196842418195701 0.012902708087186979 0.10350046173521509 0.05589664271029593 -0.052238462316835169 -0.029980136031477218 0.056665907823465582 0.074794399838143122 0.059022123520707195 -0.052215532190437654 0.0016778327717334443 0.073090434659391898 -0.044461258024838732 -0.052141196647293768
leaf_weight=0.92051079310476325 1.8849065843969572 2.7217888012528411 39.1265316195786 6.0517777306959015 3.0986638041213155 0.6523118782788514 1.0686868391931046 5.9121641153469673 1.1033999882638452 4.0263649635016909 4.0792590156197539 2.5239432677626601 2.8058195319026717 3.5496562421321931 2.0502778999507427 2.4265602137893443 1.0665132477879531 1.9677183479070635 0.92600733041763339 1.458459841087461 1.2083893530070786 13.349704617634414 2.5828779907897141 2.1460078656673431 1.1570600066334007 3.3177816979587069 21.330681366845965 3.3842996265739202 11.1102297892794 2.857848696410656
leaf_count=16 36 48 695 189 58 10 17 162 20 113 127 41 63 76 20 35 31 36 14 17 36 337 33 28 14 103 406 35 298 86
internal_value=-0.000254012 -0.00779255 0.0201228 -0.00909219 -0.0317896 -0.01626 -0.00682943 -0.00751032 -0.0311341 -0.00567385 0.00329349 0.00905047 0.0252189 0.0402875 0.066149 -0.0054226 0.0387599 -0.0177715 -0.00111446 0.0317966 0.00689901 -0.0111797 -0.00528332 -0.0218231 0.00839194 -0.0234528 0.00761704 0.0462896 -0.0384513 -0.0256183
internal_weight=151.866 110.855 41.0114 108.133 9.80275 6.70409 98.3302 97.2615 7.01556 90.246 34.3311 30.3048 14.314 11.5082 7.95852 15.9908 3.49307 12.4977 8.41842 3.59286 2.66685 55.9149 42.5651 18.6516 6.62085 4.47484 23.9136 5.90824 12.0307 4.82557
internal_count=3200 2469 731 2421 257 199 2164 2147 182 1965 730 617 235 172 96 382 66 316 189 67 53 1235 898 459 145 117 439 76 314 122
is_linear=0
shrinkage=0.05


Tree=69
num_leaves=31
num_cat=0
split_feature=1 0 10 0 8 6 8 0 2 2 4 2 4 4 1 3 3 1 1 2 6 1 8 1 6 8 4 4 10 0
split_gain=8.72109 3.02511 2.19754 1.83907 1.60498 1.70675 1.84404 1.58387 1.82707 2.41276 2.20631 2.30269 1.56651 2.27649 1.81663 2.23968 3.82804 2.06412 2.31509 2.11603 1.91519 2.44462 2.66982 3.6577 2.98803 3.1673 4.60024 3.76809 3.21618 3.42556
threshold=0.67967962175952945 1.5573656483092535 0.62536404006992552 1.4305827725244109 -0.064543436672427554 3.1860872253278751 2.6950201312696116 1.3111020490317455 2.2738930693361579 0.39417534796347414 0.14728197415228403 -0.62531109429930687 -0.62050816202769388 -0.61026752394455841 -0.64448539392447113 -0.24266141178691011 -0.17996902320679545 -0.63184954001899396 -0.62054438135280299 -0.50922135702251492 -0.48865235998505546 -0.61692712644205228 -0.34618249813127316 -0.59316825847168986 0.57599181893738238 -0.60183177879942662 -0.56250666843031716 -0.35104738321179724 -0.88331118178820778 -0.38947785330471313
decision_type=2 2 2 2 2 2 2 2 2 2 2 2 2 2 2 2 2 2 2 2 2 2 2 2 2 2 2 2 2 2
left_child=1 3 -3 7 -2 6 -6 8 9 10 12 -12 -1 -14 15 -15 -17 19 -19 -16 -20 -22 23 -23 25 26 -25 -28 -29 -30
right_child=4 2 -4 -5 5 -7 -8 -9 -10 -11 11 -13 13 14 17 16 -18 18 20 -21 21 22 -24 24 -26 -27 27 28 29 -31
leaf_value=-0.052431044863185332 -0.019198247885118657 -0.0092681320077958925 0.053020201996819338 -0.066317038405681247 0.033321206493246568 -0.033507891105391811 -0.014750182491201037 0.052630329551027033 -0.060471744662536367 0.039238214900424756 0.030141030791090734 -0.046765040583270925 0.038084958284643255 -0.044489764595420735 -0.013638094938409168 0.060288675554688989 -0.052223495350506556 -0.052322382980463725 -0.015446795014645409 0.050328314620775229 0.065115325115995187 -0.052540786621797612 -0.019279769633408772 0.064924519157199281 -0.052156383307185208 0.036806500997419 -0.038247281248606907 -0.052325130930283993 0.04177344213591843 -0.032812222750885515
leaf_weight=1.8191120522096742 2.0222424492239979 2.335109192878007 3.5975383203476667 1.3414491191506375 24.734695782884963 1.1215761713683594 2.1699943654239169 1.0872667562216509 1.6353371590375889 2.7241798341274253 1.1532164048403499 6.2392147881910196 2.8936658240854731 6.4124011425301433 2.1282443720847368 1.6154886651784184 1.4209451535716633 2.682440610602483 28.258447125554071 3.2938292026519624 1.4381959326565112 2.4238163623958675 14.132613805122743 2.56147098913788 1.7548176990821946 10.636231662705557 6.0927050504833398 1.6507153604179539 6.4475128334015519 2.0222791666165225
leaf_count=57 21 34 66 15 472 19 37 16 18 43 25 215 26 225 44 33 46 78 678 35 15 67 328 30 53 162 152 45 96 49
internal_value=-0.000264225 -0.00630535 0.0285033 -0.00811896 0.0238207 0.0269248 0.029444 -0.00742516 -0.00801111 -0.00722978 -0.00841198 -0.0347677 -0.00645749 -0.00560295 -0.00693405 -0.0277386 0.0076369 -0.00463552 -0.00665648 0.0252205 -0.00507423 0.000888148 -0.00104746 0.00662369 0.011225 0.0150067 0.00265668 -0.00718081 0.0115217 0.0239651
internal_weight=149.847 119.798 5.93265 113.866 30.0485 28.0263 26.9047 112.524 111.437 109.802 107.077 7.39243 99.6849 97.8658 94.9722 9.44883 3.03643 85.5233 80.1012 5.42207 77.4188 49.1604 47.7222 33.5895 31.1657 29.4109 18.7747 16.2132 10.1205 8.46979
internal_count=3200 2651 100 2551 549 528 509 2536 2520 2502 2459 240 2219 2162 2136 304 79 1832 1753 79 1675 997 982 654 587 534 372 342 190 145
is_linear=0
shrinkage=0.05


Tree=70
num_leaves=31
num_cat=0
split_feature=1 8 7 7 12 10 2 10 2 6 10 8 6 5 8 4 4 6 6 10 10 1 8 4 8 2 9 5 5 2
split_gain=8.04397 2.86281 2.2211 3.31527 1.96144 1.5924 1.63931 2.75719 3.26835 2.9676 2.71667 4.85161 2.71332 2.13249 1.57151 1.4043 2.19105 1.48237 4.16749 3.58663 2.98005 2.63319 2.36248 2.48018 2.61436 2.27392 3.13562 3.07269 3.47397 2.27265
threshold=0.67967962175952945 1.9743506893549754 1.8588166914481479 1.7412113822502675 2.2474663095130718 -0.57552857066891017 1.9145585702752566 0.76625217621423258 0.81301158420182296 2.2359209151067749 1.0299529547327795 2.0563023314174669 2.9399598076199998 1.2706885330934532 1.5178545624048658 -0.62050816202769388 -0.61026752394455841 0.083736983521631461 0.10663255726189894 1.2838772422309073 0.55726975885900221 -0.64265954965323702 0.44619769500960715 -0.042052330150773802 -0.2286921259656465 -0.62405837872654368 0.067281855007576205 -0.13638011912902584 -0.38097406555319907 -0.52934258735173034
decision_type=2 2 2 2 2 2 2 2 2 2 2 2 2 2 2 2 2 2 2 2 2 2 2 2 2 2 2 2 2 2
left_child=1 2 3 4 14 -2 7 -7 -9 10 -10 13 -8 -12 15 -1 -17 25 -19 20 21 -20 23 24 -23 26 27 28 -18 -27
right_child=5 -3 -4 -5 -6 6 12 8 9 -11 11 -13 -14 -15 -16 16 17 18 19 -21 -22 22 -24 -25 -26 29 -28 -29 -30 -31
leaf_value=-0.052311918963211849 -0.021319508260060151 0.038603348230011408 0.038240444974792537 -0.10068838728136034 -0.073948739752313017 0.042318271053007554 0.053257836417156271 0.052625815534695135 -0.098207250966187265 0.033876308020820582 0.052771792688560408 -0.078792432912545451 -0.026546207105545824 -0.033704882430433639 0.046999404489025114 0.035636476447076536 0.032779250584453676 0.06787901049896343 -0.051604557632262932 0.067811720066193654 -0.046971886835968417 0.01174328278476152 0.05351516432538022 -0.045907279435801251 -0.038180535684973725 -0.029227611334667461 -0.052777600959777418 0.073152070486954643 -0.052537003219934542 -0.0087802044254547199
leaf_weight=1.7342339335009445 1.885008636862042 3.4803299997001877 2.6024842020124188 0.96647634729742904 1.1056180857121933 6.8452032152563396 8.2786769308149797 2.4828583095222703 1.2062907926738242 2.4766812399029732 2.0740831550210719 1.8563934452831743 1.2223673686385144 1.0862699188292024 1.330169990658759 2.9367077797651282 3.4658733718097205 2.1316274739801875 2.4373483313247553 1.6445910595357407 4.2352995099499813 17.45113839767874 2.1060516964644185 2.8018722198903587 3.0860861362889436 21.082224966958158 1.6021717507392166 2.2521441075950772 1.8195832855999472 38.234752430580571
leaf_count=57 27 53 48 9 11 136 165 57 13 44 45 27 21 14 21 26 46 26 91 26 103 299 30 90 77 646 40 34 50 868
internal_value=-0.000264628 -0.00607355 -0.00742532 -0.00848243 -0.00768289 0.0231392 0.0261835 0.0173257 0.00202704 -0.0124136 -0.0308364 -0.0146368 0.0429906 0.0230482 -0.00701897 -0.00767805 -0.00695657 -0.00815525 7.47095e-05 -0.00420619 -0.00789387 -0.00195799 0.00279757 -0.00177904 0.00424133 -0.0124705 0.0107446 0.0242467 0.00340808 -0.0160475
internal_weight=147.921 118.507 115.026 112.424 111.457 29.4138 27.5288 18.0278 11.1826 8.69972 6.22304 5.01675 9.50104 3.16035 110.352 109.022 107.287 104.351 35.894 33.7624 32.1178 27.8825 25.4451 23.3391 20.5372 68.4567 9.13977 7.5376 5.28546 59.317
internal_count=3200 2651 2598 2550 2541 549 522 336 200 143 99 86 186 59 2530 2509 2452 2426 742 716 690 587 496 466 376 1684 170 130 96 1514
is_linear=0
shrinkage=0.05


Tree=71
num_leaves=31
num_cat=0
split_feature=1 7 7 2 0 9 10 10 0 10 0 2 5 0 1 0 7 6 3 1 3 5 9 7 0 2 0 12 6 0
split_gain=7.45927 2.38462 1.91732 1.95921 2.17565 2.67901 3.85218 2.43148 5.02188 4.91409 3.35931 2.57 1.87632 1.82156 1.3108 2.21677 1.54357 2.667 1.95553 1.40761 1.31933 2.18899 1.8241 2.25093 1.57435 2.83484 1.81539 1.98602 3.51144 2.6767
threshold=0.19103045683483741 -0.62850744354014199 2.27405855790072 0.81301158420182296 2.229636751043357 2.1478198428077238 0.82617883554844385 1.1668540686626026 1.5573656483092535 1.3648993421860829 1.8467367175742886 1.6891274532491829 1.0689182628952916 0.20598211269802577 -0.18355496182223469 -0.23098955212479719 1.7649713676579768 0.58743960580751609 -0.10432712457500815 -0.68499479762380366 0.081936206628921773 0.22119224682757102 -1.0972518430228704 0.53561537741963861 0.41775503379414541 -0.31422935319190165 0.36497072049860563 -0.74002698477181994 0.31269272092430628 -0.28017539168835409
decision_type=2 2 2 2 2 2 2 2 2 2 2 2 2 2 2 2 2 2 2 2 2 2 2 2 2 2 2 2 2 2
left_child=12 -2 3 13 5 7 -7 10 9 -9 -5 -11 14 -3 19 -16 17 18 -17 -1 21 24 -22 -24 26 -26 27 28 29 -21
right_child=1 2 -4 4 -6 6 -8 8 -10 11 -12 -13 -14 -15 15 16 -18 -19 -20 20 22 -23 23 -25 25 -27 -28 -29 -30 -31
leaf_value=-0.051612159150206241 -0.04644712904328259 -0.00024311647047639366 0.05278311158383206 0.049471733195048273 0.052253177008835777 -0.066443033813719063 0.026967342185395954 -0.087183852308575713 0.053351266860960325 -0.028737403303148685 -0.015429864410869507 0.053294142544603476 0.04735641062479682 0.057112943757074423 -0.051830365926540028 -0.038560440677048204 -0.044207814041480303 0.076650698539793893 0.043761911787025411 0.02301323984858325 0.036506928670107602 0.051893671261067947 -0.052257008079627978 0.037180342136559713 -0.051896711316624371 0.020858182290738211 0.056432951311526508 -0.0097744486652026809 -0.033866306515506678 -0.017787709241854795
leaf_weight=1.6586064510047425 1.3577581513673056 1.9327419009059656 4.2112207002937785 7.0784134753048509 2.8142490684986106 2.722365152090787 1.8563050813972948 2.3065875098109228 2.611967995762825 2.3467516712844376 2.7755970023572445 1.6097340770065782 1.5643180534243573 4.8781511019915342 4.3622105047106743 2.2519532386213541 1.8193760700523851 1.1338781695812938 1.0613896427676066 18.929804262705154 0.95553957857191552 1.7447934951633204 4.557231578975915 0.8319227211177348 4.2441655853763223 1.955911312252282 1.2734314464032639 49.800086953677244 4.4801135696470729 5.1034884136170069
leaf_count=64 37 32 104 142 77 26 32 18 49 34 37 30 27 100 149 49 20 16 23 346 18 27 145 12 147 27 22 1155 110 125
internal_value=-0.000253061 0.0186366 0.0210156 0.0169534 0.0107262 0.00571211 -0.0285722 0.0140935 -0.00488962 -0.0291785 0.0311908 0.00463792 -0.00700418 0.0408369 -0.00780518 -0.0244619 -0.00541058 0.0104615 -0.0121895 -0.00595203 -0.0051453 -0.00354946 -0.0271616 -0.0384506 -0.0046771 -0.028945 -0.00278655 -0.0037495 0.00677337 0.0143491
internal_weight=146.23 38.5018 37.1441 32.9329 26.122 23.3077 4.57867 18.7291 8.87504 6.26307 9.85401 3.95649 107.728 6.81089 106.164 10.6288 6.2666 4.44722 3.31334 95.5351 93.8765 87.5318 6.34469 5.38915 85.787 6.20008 79.5869 78.3135 28.5134 24.0333
internal_count=3200 718 681 577 445 368 58 310 131 82 179 64 2482 132 2455 257 108 88 72 2198 2134 1959 175 157 1932 174 1758 1736 581 471
is_linear=0
shrinkage=0.05


Tree=72
num_leaves=31
num_cat=0
split_feature=8 7 10 4 2 0 5 6 12 9 4 11 7 9 11 2 9 2 8 4 10 7 4 10 7 7 6 0 4 9
split_gain=6.78776 2.46271 2.24097 1.89548 1.72234 1.52384 1.4814 1.45297 2.03921 3.08533 3.30503 2.63204 2.45293 4.16319 2.37437 1.40864 1.4018 2.90222 3.59489 2.17479 2.65428 1.79793 1.68685 2.77893 1.48153 3.35182 2.3957 2.49679 3.84788 3.79433
threshold=0.55929766776893797 1.5642953938776112 -0.72843533535056448 0.14728197415228403 -0.62531109429930687 2.229636751043357 0.22119224682757102 -1.0610417034917423 -1.0000000180025095e-35 2.0681800393882024 1.3852663352234089 0.98649928985631286 1.69023434397695 0.43834116340632973 1.0000000180025095e-35 0.93257453326227113 -0.80354214332994855 -0.59288636449129062 -0.8511803341228017 -0.54971359904393469 -0.88331118178820778 -0.48624163483115418 -0.23726377203574714 0.16513032046852624 -0.86679013174991326 -0.88058684800413356 -0.68326473677732891 -0.50659442413980482 -0.36830864004593011 -0.52369610919549026
decision_type=2 2 2 2 2 2 2 2 2 2 2 2 2 2 2 2 2 2 2 2 2 2 2 2 2 2 2 2 2 2
left_child=1 3 -2 6 -5 7 16 -4 15 12 11 -11 -10 -14 -15 -9 17 18 -1 20 -19 -20 -21 -24 25 26 -18 29 -29 -28
right_child=2 -3 5 4 -6 -7 -8 8 9 10 -12 -13 13 14 -16 -17 24 19 21 22 -22 -23 23 -25 -26 -27 27 28 -30 -31
leaf_value=0.067957323164315825 -0.036433077292851647 0.042727441335518472 -0.022162199664385766 0.026806361514569468 -0.037784135492586246 0.051910591681048938 0.024970853257821266 0.015286183204731083 0.03944584177962341 0.053277256069968082 -0.077268720642124908 -0.038108057546868059 -0.061839035998294468 -0.018021589412232489 0.053253802896993524 0.053349370991127722 -0.037621879179137972 0.071715222187495375 -0.038737228253653541 -0.052035210705227299 -0.023273937589759954 0.014232824344948693 -0.041862848768076548 0.031350656725042517 -0.0071521758026579039 0.079123664422938444 0.049616706249732995 0.072061179813220841 -0.025947635407025396 -0.04102853440958415
leaf_weight=1.8867679443210361 1.811415847390889 2.4585090894252053 2.1874815765768245 1.1836541574448336 8.0606506764888746 3.5003838259726754 3.7578129470348349 4.0169695988297445 8.7278932351619094 1.573671389371156 1.8088768832385538 1.5780002586543558 1.9714870695024718 1.9659597836434839 2.8803594820201397 6.1552417278289795 2.8804062055423847 1.0859828805550935 3.0080507257953286 8.1528154984116572 2.2782472567632821 3.4270836319774407 3.7641929145902351 1.9767165612429378 51.064762733876705 1.6062026163563121 1.7615691237151603 3.1525617484003305 1.4676865395158527 3.3498915378004313
leaf_count=26 36 48 38 25 232 105 66 82 161 32 19 21 23 32 60 122 77 15 60 269 51 59 113 39 1187 20 31 36 37 78
internal_value=-0.00023968 -0.00673331 0.0178448 -0.00790406 -0.0295139 0.0205484 -0.00579282 0.0172082 0.0200155 0.0109362 -0.0233973 0.00752184 0.0218919 -0.000580023 0.0243402 0.0383184 -0.00706511 -0.0169865 0.00726676 -0.0286815 0.00738883 -0.0105276 -0.0374156 -0.0166539 -0.00317763 0.0110969 0.00243339 0.014289 0.0409273 -0.00978935
internal_weight=144.501 106.324 38.1777 103.865 9.2443 36.3663 94.6208 32.8659 30.6785 20.5062 4.96055 3.15167 15.5457 6.81781 4.84632 10.1722 90.8629 25.5799 8.3219 17.258 3.36423 6.43513 13.8937 5.74091 65.2831 14.2183 12.6121 9.73171 4.62025 5.11146
internal_count=3200 2469 731 2421 257 695 2164 590 552 348 72 53 276 115 92 204 2098 632 145 487 66 119 421 152 1466 279 259 182 73 109
is_linear=0
shrinkage=0.05


Tree=73
num_leaves=31
num_cat=0
split_feature=1 7 0 10 10 0 2 9 10 8 3 9 3 6 5 3 1 0 0 9 2 9 0 2 5 5 5 10 5 6
split_gain=6.46447 2.14844 2.0823 1.68539 2.19204 1.75588 2.00793 1.92603 3.56428 1.84453 4.59491 1.89569 1.73529 2.75945 1.68025 1.47555 1.32608 1.24837 2.07615 1.92784 1.87926 3.26051 3.99679 2.65211 2.84988 2.58625 4.64342 3.66001 2.94284 2.37651
threshold=0.19103045683483741 2.27405855790072 2.229636751043357 -0.57552857066891017 -0.10193570952309841 -0.39674024381204592 0.81301158420182296 2.1478198428077238 0.82617883554844385 0.78319830396187984 1.483426971368867 1.5381479829813305 0.55848596876919809 1.1312094821388687 1.0689182628952916 1.9458569951648856 1.2799681179653957 -1.047202047036051 -1.0372776958105721 -1.1536718034416982 -0.60942377085899468 -1.0486088130242492 -0.094685799658464312 -0.56295463213889219 -0.58021129192019882 -0.38097406555319907 -0.12270695266526256 -0.61585233844320642 -0.42356124282628993 -0.1452187538810433
decision_type=2 2 2 2 2 2 2 2 2 2 2 2 2 2 2 2 2 2 2 2 2 2 2 2 2 2 2 2 2 2
left_child=14 2 3 16 -5 -6 -7 9 -9 10 -8 12 13 -11 17 -14 -2 -1 -19 -20 21 -21 25 24 -22 28 -27 -28 29 -23
right_child=1 -3 -4 4 5 6 7 8 -10 11 -12 -13 15 -15 -16 -17 -18 18 19 20 23 22 -24 -25 -26 26 27 -29 -30 -31
leaf_value=-0.025719488733609477 -0.063495713640006432 0.052637895449502592 0.052073725537151477 0.056290009650962869 -0.052209048126925707 0.043710359527513398 0.030784163986868264 -0.067617732216292623 0.026407537659260051 -0.050568952539709271 -0.086383574031269186 0.053410879361569075 0.053129918521884714 0.029068295388980588 0.045994183486662732 -0.0068978925983520087 0.010195892331821488 0.058265243576832118 -0.036055388152083832 0.060616784576512373 0.058203547371055098 -0.023864802562713158 -0.052321933577457382 -0.0041511058557719468 -0.036668637111550953 -0.052462658534868083 0.083748534755105186 -0.023358913103683404 0.083377704533676711 0.045253382057444398
leaf_weight=8.4360693879425508 1.3477076534181862 3.9401022922247639 3.1770804636180392 2.6489826161414411 1.138579523190862 3.988874999806284 1.9413860514760046 2.2649775296449652 1.8160578235983846 2.2948517352342588 1.4706095196306703 3.4268975220620623 2.8492975905537605 2.0679573863744736 1.5014105569571246 1.5978366397321222 1.1160119175910947 1.2536426549777377 5.2149894917383781 2.6488509476184872 0.851965531706809 2.3687444906681776 2.9095210544764969 58.397936574183412 11.166111415252081 3.2689694818109309 1.6603580098599198 1.5349513459950648 2.0670485030859744 2.618299275636673
leaf_count=230 30 104 95 47 20 87 35 20 32 36 11 66 56 41 27 23 15 25 157 30 17 42 90 1292 381 88 18 35 17 33
internal_value=-0.000232051 0.0177328 0.0135837 0.00950344 0.013052 0.00844427 0.0113558 0.00481458 -0.0257766 0.0127924 -0.0197165 0.0218568 0.00958292 -0.0128212 -0.00652358 0.0315622 -0.030115 -0.00727887 -0.00565774 -0.00650388 -0.00478184 0.00913862 0.00083822 -0.00855309 -0.0299431 0.0122797 -0.0105659 0.0322966 0.0332152 0.0124236
internal_weight=142.986 37.0872 33.1471 29.97 27.5063 24.8573 23.7187 19.7299 4.08104 15.6488 3.412 12.2368 8.80994 4.36281 105.899 4.44713 2.46372 104.397 95.9614 94.7077 89.4928 19.0767 16.4279 70.416 12.0181 13.5184 6.46428 3.19531 7.05409 4.98704
internal_count=3200 718 614 519 474 427 407 320 52 268 46 222 156 77 2482 79 45 2455 2225 2200 2043 353 323 1690 398 233 141 53 92 75
is_linear=0
shrinkage=0.05


Tree=74
num_leaves=31
num_cat=0
split_feature=1 7 0 11 1 1 12 2 7 9 2 0 0 9 3 1 5 1 0 7 6 1 3 5 9 7 0 2 0 12
split_gain=5.96311 2.08527 2.01043 1.56788 1.53149 2.37917 3.16989 4.02242 2.99492 2.32188 2.30839 2.3213 2.08934 1.85941 1.78174 1.29617 1.25041 2.06574 1.47238 1.8008 2.73687 1.88645 1.29592 1.84743 1.67361 2.01739 1.60695 2.47471 1.5432 1.80457
threshold=0.19103045683483741 2.27405855790072 2.229636751043357 1.4436749202024679 2.5289177641824563 2.2315286051655776 -1.0000000180025095e-35 1.3709909236108508 0.30550015459164748 2.2417173007326912 1.6891274532491829 1.1017766387462871 0.094711955673159751 0.11250434732626022 1.9458569951648856 -0.68499479762380366 1.0689182628952916 -0.18355496182223469 -0.23098955212479719 1.7649713676579768 0.58743960580751609 -1.0000000180025095e-35 0.081936206628921773 0.22119224682757102 -1.0972518430228704 0.53561537741963861 0.41775503379414541 -0.31422935319190165 0.36497072049860563 -0.74002698477181994
decision_type=2 2 2 2 2 2 2 2 2 2 2 2 2 2 2 2 2 2 2 2 2 2 2 2 2 2 2 2 2 2
left_child=3 2 4 15 5 6 12 8 -8 10 -9 -12 13 -2 -6 -1 17 22 -19 20 21 -20 23 26 -24 -26 28 -28 29 -17
right_child=1 -3 -4 -5 14 -7 7 9 -10 -11 11 -13 -14 -15 -16 16 -18 18 19 -21 -22 -23 24 -25 25 -27 27 -29 -30 -31
leaf_value=-0.05156612568232613 -0.053042304515626887 0.052509698929680632 0.051970718605739791 0.055399540497528543 0.05316648074262862 -0.049486684155226626 -0.037102874428669434 -0.053506227178428858 0.051352428189176402 -0.065990053355965847 -0.03500899663601359 0.032226133500320532 0.051478811648620032 0.041463822510279191 -0.018346013670130428 0.0071081444097677755 0.046814018459675935 -0.051702566749600956 0.019832425730969959 -0.057116230470903612 0.07937031660677743 -0.060149527277707608 0.033798064754998178 0.047330086091440182 -0.052129462556771727 0.032531308601118726 -0.051769593255286933 0.017988707588778248 0.051666048395243191 -0.0088013362261988408
leaf_weight=1.5970717519521702 1.0766020482406085 3.7568604592233887 3.027971137315034 1.0208310671150673 3.5161522496491662 1.9017912596464146 1.247886966913941 2.1486442387104017 4.1040744762867689 2.3870575986802578 2.0272659957408905 3.5002148114144802 5.4686238188296556 1.0075628794729707 1.1578157171607015 28.147167179733501 1.1014708336442698 4.0604387922212481 1.5718811769038441 1.5778679251670835 0.96267959475517262 1.3884027041494831 0.9599322611466049 1.7949177399277676 4.2643998945131889 0.842721577733755 3.9437453923746943 1.8762256633490313 1.3147323597222556 48.598103753291085
leaf_count=65 30 104 95 15 71 32 26 26 82 24 29 66 108 12 13 581 21 149 39 15 14 31 18 27 145 12 147 26 22 1155
internal_value=-0.000223895 0.0172373 0.013169 -0.00626393 0.00919211 0.00425694 0.00870702 -0.004295 0.0307278 -0.0229214 -0.00952825 0.00756689 0.035244 -0.00735453 0.0354517 -0.00686919 -0.00617211 -0.00674823 -0.028865 -0.0120075 0.00613583 -0.0176799 -0.00444323 -0.00286185 -0.0267745 -0.0381597 -0.00393589 -0.0292811 -0.00204621 -0.00296636
internal_weight=141.351 36.3285 32.5717 105.023 29.5437 24.8697 22.9679 15.4151 5.35196 10.0632 7.67613 5.52748 7.55279 2.08416 4.67397 104.002 102.405 101.303 9.56127 5.50083 3.92296 2.96028 91.7419 85.6749 6.06705 5.10712 83.88 5.81997 78.06 76.7453
internal_count=3200 718 614 2482 519 435 403 253 108 145 121 95 150 42 84 2467 2402 2381 248 99 84 70 2133 1958 175 157 1931 173 1758 1736
is_linear=0
shrinkage=0.05


Tree=75
num_leaves=31
num_cat=0
split_feature=1 7 7 2 12 0 0 9 10 0 0 10 2 3 1 11 1 3 5 5 4 12 0 3 5 0 9 3 3 3
split_gain=5.49168 2.17337 1.79003 1.758 1.94765 1.82815 1.80596 1.87795 2.31322 4.63769 3.67992 3.15678 2.81953 2.23928 1.56919 1.47227 1.24553 1.21306 2.56562 1.53491 2.87759 1.70284 1.38436 2.45448 2.51644 2.57055 1.79452 2.1233 2.63582 1.66013
threshold=0.19103045683483741 -0.64357903728272348 2.27405855790072 0.81301158420182296 -0.74002698477181994 0.20598211269802577 2.229636751043357 2.1478198428077238 1.1668540686626026 1.5573656483092535 1.7996030111991581 1.3648993421860829 1.6891274532491829 0.85151793869521486 0.96135234411773041 1.4436749202024679 -0.68499479762380366 -0.5673752561669626 -0.60710728456739205 -0.54006500472546171 -0.44143170142558324 -0.74002698477181994 -1.047202047036051 -0.55862915082987807 -0.49280438539099541 -1.0372776958105721 -0.63496780181757628 -0.3121644886653262 -0.36723500116817936 -0.41690527970286867
decision_type=2 2 2 2 2 2 2 2 2 2 2 2 2 2 2 2 2 2 2 2 2 2 2 2 2 2 2 2 2 2
left_child=15 -2 3 5 -5 -3 7 8 10 11 -6 -10 -13 -12 -9 16 -1 18 -18 20 21 -19 26 -24 -25 -26 27 28 -21 -27
right_child=1 2 -4 4 6 -7 -8 14 9 -11 13 12 -14 -15 -16 -17 17 19 -20 22 -22 -23 23 24 25 29 -28 -29 -30 -31
leaf_value=-0.051488406534871356 -0.052694351824743517 -0.0018085996994019965 0.052387797474896552 0.052810062379935491 0.052642953148385824 0.056622829732293302 0.051698415795783263 -0.060470862653583049 -0.078129073432479434 0.053011293213185068 -0.052212872791753719 -0.040240514651707047 0.053105627461835864 0.03444558752165968 -0.0010217729205639801 0.055123192771524755 0.039252353136933205 0.032498488569994856 -0.050003387674890647 -0.018866069557680058 0.056674324016624991 -0.053514330566390544 0.069046958285152393 -0.040857621231249169 0.072531831862188006 0.008075444993742787 -0.052236892320181277 -0.052563496252231792 0.0904883357843735 -0.0086432839648196199
leaf_weight=1.5214169016107906 1.0928635001182545 1.9328616363927746 3.5817418545484534 2.3047510441392687 5.1438418254256337 4.3540892265737057 1.8612959440797556 2.0582757703959933 2.3948316127061835 2.0702092759311199 1.8081739209592345 2.0317889563739304 1.3441125229001043 1.2683852575719354 2.409321341663599 0.97578955069184203 1.0284619471058247 0.97302298434078727 3.7074621822684994 1.3077950207516553 2.7561396323144427 1.4082063697278497 1.122257513925432 4.7191418753936878 1.1028066938742984 19.987695358693593 3.5944638289511195 1.3220486957579849 0.9522841610014442 57.746550105512149
leaf_count=65 32 36 104 54 118 101 63 19 18 44 23 28 27 19 32 15 22 15 143 31 33 32 14 109 21 382 114 40 15 1431
internal_value=-0.000210652 0.0167272 0.0189223 0.0150534 0.00904387 0.0386587 0.00453877 0.000262949 0.00823876 -0.0111902 0.0267709 -0.034222 -0.00307482 -0.0164858 -0.0284107 -0.00600526 -0.00658297 -0.00591138 -0.0306204 -0.00470489 0.0218915 -0.0183676 -0.0061924 -0.00440544 -0.005392 -0.00326904 -0.0272772 -0.00223159 0.0272104 -0.00434442
internal_weight=139.882 35.6565 34.5637 30.9819 24.695 6.28695 22.3902 20.5289 16.0613 7.84094 8.2204 5.77073 3.3759 3.07656 4.4676 104.226 103.25 101.728 4.73592 96.9924 5.13737 2.38123 91.855 84.6785 83.5562 78.8371 7.17659 3.58213 2.26008 77.7342
internal_count=3200 718 686 582 445 137 391 328 277 117 160 73 55 42 51 2482 2467 2402 165 2237 80 47 2157 1957 1943 1834 200 86 46 1813
is_linear=0
shrinkage=0.05


Tree=76
num_leaves=31
num_cat=0
split_feature=1 7 0 10 3 1 1 12 10 10 0 7 0 4 5 4 8 3 3 3 7 8 4 5 8 10 1 1 4 5
split_gain=5.06834 1.96209 1.86968 1.53276 1.57247 1.91457 2.36539 2.42132 2.60464 3.08111 3.78349 1.90831 1.87005 1.66554 1.40687 1.29714 1.92581 3.1516 2.77665 2.21407 1.90139 1.68521 1.58646 4.19477 1.93635 1.87179 1.70466 2.07714 2.42887 3.14813
threshold=0.19103045683483741 2.27405855790072 2.229636751043357 2.0842712252892728 4.9662738841152505 2.5289177641824563 2.2315286051655776 -1.0000000180025095e-35 1.4925986480528464 1.1668540686626026 1.8467367175742886 0.45074665414405063 0.094711955673159751 -0.45458703230220404 1.0689182628952916 -0.042052330150773802 -0.71806882046498621 -0.040146566140766816 -0.1110842262608993 0.28084589029827173 0.53561537741963861 -0.93797193775816734 -0.06734891957222737 -0.12778224368281629 -0.94934480707556113 -1.6737416076862408 -0.64448539392447113 -0.63184954001899396 -0.44397878153729137 -0.47167620417172978
decision_type=2 2 2 2 2 2 2 2 2 2 2 2 2 2 2 2 2 2 2 2 2 2 2 2 2 2 2 2 2 2
left_child=14 2 3 4 5 6 7 12 9 10 11 -9 13 -2 15 22 17 18 21 -18 -21 -17 24 -24 -1 -26 -27 -28 -29 -30
right_child=1 -3 -4 -5 -6 -7 -8 8 -10 -11 -12 -13 -14 -15 -16 16 19 -19 -20 20 -22 -23 23 -25 25 26 27 28 29 -31
leaf_value=-0.039509288010751126 0.046638420054680704 0.052271869448421486 0.051778329514253124 0.053201812616484614 -0.043348987737447456 0.040930103586011783 -0.051065770378250164 -0.025308037945657225 0.052773580741281814 -0.053173758458735509 -0.0516625523950201 0.041214377210439815 0.050531192415011389 -0.046352060041573863 0.043378510458782153 0.052851710667918286 -0.044365704044201142 -0.051965028864610657 0.076358580993239722 -0.046651226280793365 0.041276671507901472 -0.032213278570639554 -0.024696596035414548 0.10350475612211392 -0.035599165633197628 -0.025114635985452716 0.032320487925716505 -0.014171254782358422 0.032768454781611556 -0.0014976370955444259
leaf_weight=3.9004362951964131 0.82412601821124543 3.4144236892461768 2.7472569122910491 1.805810136720537 1.5454597920179356 3.8795524649322024 1.8636013530194748 1.4282110147178189 1.7268064022064216 3.3801256753504267 2.2312410417944193 4.3976312149316072 4.5304360166192055 1.1582991294562965 1.4366510491818179 0.85098742228001345 8.2737842751666886 1.8275115191936517 1.6932000899687412 0.98306241072714273 1.6414362154901025 1.8435171134769914 1.3748188987374308 1.1906512416899193 4.2719443663954726 6.9628328038379541 4.870993934571735 23.735936331562691 8.6278038164600641 30.044189869426212
leaf_count=124 8 104 95 37 12 77 30 31 38 36 25 95 97 33 27 19 267 71 33 40 21 53 36 14 105 251 65 541 138 677
internal_value=-0.000199288 0.0162691 0.0123689 0.00860586 0.00561938 0.00859651 0.00277306 0.00787215 -0.00446486 -0.0131068 0.00370218 0.0249063 0.0328081 -0.00769442 -0.00575605 -0.00644747 -0.0190064 0.00320408 0.0261824 -0.0316729 0.00834139 -0.00534777 -0.0039183 0.0348025 -0.00512364 -0.00341542 -0.00156354 0.000873816 -0.00158062 0.0061472
internal_weight=138.463 34.933 31.5186 28.7713 26.9655 25.42 21.5405 19.6769 13.164 11.4372 8.05708 5.82584 6.51286 1.98243 103.53 102.093 17.1135 6.21522 4.3877 10.8983 2.6245 2.6945 84.9796 2.56547 82.4141 78.5137 74.2418 67.2789 62.4079 38.672
internal_count=3200 718 614 519 482 470 393 363 225 187 151 126 138 41 2482 2455 504 176 105 328 61 72 1951 50 1901 1777 1672 1421 1356 815
is_linear=0
shrinkage=0.05


Tree=77
num_leaves=31
num_cat=0
split_feature=1 10 10 8 12 10 10 0 0 0 5 5 0 1 10 11 1 1 0 5 11 0 9 10 0 10 11 3 5 1
split_gain=4.6703 1.81896 1.71718 1.9186 1.50307 2.80806 2.36727 3.04992 3.04547 1.94198 1.78524 3.22373 1.71981 1.63412 1.89389 1.34905 1.32074 1.18124 1.14354 1.64761 2.12676 1.51539 1.8512 1.61379 1.4764 2.47262 4.77048 3.24957 2.47972 3.94177
threshold=0.19103045683483741 -0.57552857066891017 -0.10193570952309841 -0.45854361067295429 1.0000000180025095e-35 1.4925986480528464 1.1668540686626026 1.3111020490317455 1.8467367175742886 0.45717428553767964 0.75351998877445647 0.20475194312827802 1.5805432220787325 2.2315286051655776 1.3452438030625775 1.4436749202024679 1.129643774347209 -0.68499479762380366 -1.047202047036051 -0.5238446889404057 0.98649928985631286 -1.0372776958105721 -1.1536718034416982 -1.0452784150543535 -0.13038631918653584 0.028478266248665996 0.52932365951015792 0.19160854741304575 -0.35844832529511034 -0.30159663339220039
decision_type=2 2 2 2 2 2 2 2 2 2 2 2 2 2 2 2 2 2 2 2 2 2 2 2 2 2 2 2 2 2
left_child=15 16 -3 -4 13 6 8 -8 9 -6 11 -10 -9 -5 -15 17 -2 -1 19 -19 -21 -20 23 -23 -24 26 28 -27 -26 -30
right_child=1 2 3 4 5 -7 7 12 10 -11 -12 -13 -14 14 -16 -17 -18 18 21 20 -22 22 24 -25 25 27 -28 -29 29 -31
leaf_value=-0.051396156768359902 -0.064404554944241396 0.054721943412984954 -0.056297423772717917 0.048900499707648273 -0.012774270788302098 0.043229075408418235 -0.065789801929390476 -0.035254765193665771 0.011727996948458158 0.052817526360678435 0.022972073612777796 -0.10491572100070695 0.052833787452878395 0.0321047448892662 -0.058993478395162439 0.054796175240973459 0.0092190600831632882 0.035532932494100562 0.048804589642068602 -0.044565058992100753 0.032770475417269011 0.013492904207861501 0.0010646892955638104 -0.052015508346629269 -0.017440407932309773 -0.051525865284752365 -0.048265466614194265 0.020888113639336611 0.012032360327866958 0.098229136779607082
leaf_weight=1.4172702375799406 1.161644218489527 3.0390666890889433 0.90858784317970531 6.0983257871121186 1.524625631049277 4.7277357541024676 2.6489566862583152 1.002006368711591 1.1520444266498095 4.3428220450878143 1.3991027753800152 1.2192451264709232 1.2395313214510677 1.6820016987621786 0.8633783422410487 0.9186457023024549 1.2807516399770973 1.0188641380518673 1.3452572356909502 5.7638975298032156 1.0511174174025653 1.2769092656671999 62.586491767317057 3.564706051722168 3.772591712884604 6.697063538245855 3.9840013105422249 2.0155010782182217 5.6028172560036174 1.7376732053235207
leaf_count=65 29 64 23 151 25 111 25 10 24 105 28 18 32 36 17 15 20 18 25 183 23 28 1387 124 103 193 111 36 136 35
internal_value=-0.000191579 0.0157867 0.0189758 0.0152048 0.0175334 0.00975794 -0.00113407 -0.0294675 0.0132431 0.0357738 -0.0218191 -0.0482467 0.0134567 0.0348552 0.00120475 -0.00552371 -0.0257976 -0.00606785 -0.00542809 -0.0237711 -0.0326372 -0.00387601 -0.00465276 -0.0347386 -0.00296676 -0.0135639 -0.00132343 -0.0347741 0.0155051 0.0324372
internal_weight=137.043 34.2898 31.8474 28.8084 27.8998 19.2561 14.5283 4.89049 9.63784 5.86745 3.77039 2.37129 2.24154 8.64371 2.54538 102.753 2.4424 101.834 100.417 7.83388 6.81501 92.583 91.2378 4.84162 86.3961 23.8096 15.0971 8.71256 11.1131 7.34049
internal_count=3200 718 669 605 582 378 267 67 200 130 70 42 42 204 53 2482 49 2467 2402 224 206 2178 2153 152 2001 614 385 229 274 171
is_linear=0
shrinkage=0.05


Tree=78
num_leaves=31
num_cat=0
split_feature=8 3 5 7 3 10 12 6 10 8 8 10 8 9 7 4 4 3 3 6 6 0 9 4 7 9 8 5 3 3
split_gain=4.29777 2.21187 3.96433 1.79294 1.65131 1.5861 2.06697 2.00095 1.98595 2.16192 2.57184 2.40946 2.02962 2.84856 1.66165 1.31317 2.26151 1.33382 1.88289 1.38645 2.28284 2.08894 2.49811 3.11335 2.3991 2.00001 1.81667 1.71145 3.90428 2.41545
threshold=0.55929766776893797 -0.50033097130084458 -0.49737856696123289 1.7649713676579768 1.573122256837953 -0.72843533535056448 1.0000000180025095e-35 2.8655491929641301 1.4925986480528464 1.2157615841930407 1.3999036360568073 1.182757133119076 1.9743506893549754 2.1478198428077238 1.8104635086917404 -0.62050816202769388 -0.61026752394455841 -0.5673752561669626 -0.55428211222392354 -1.1869673590632133 -0.77484703173839886 -0.32752119637511035 -0.68389673277621854 -0.35439612311764884 0.32654253101180114 0.13425693715579584 -0.35928791432462764 0.22119224682757102 0.020171247756765476 -0.036231127272439344
decision_type=2 2 2 2 2 2 2 2 2 2 2 2 2 2 2 2 2 2 2 2 2 2 2 2 2 2 2 2 2 2
left_child=3 2 -2 4 15 -3 -7 8 9 -8 -11 12 13 -12 -9 -1 -17 -18 -19 25 21 -21 23 -23 -24 26 -20 29 -29 -22
right_child=1 5 -4 -5 -6 6 7 14 -10 10 11 -13 -14 -15 -16 16 17 18 19 20 27 22 24 -25 -26 -27 -28 28 -30 -31
leaf_value=-0.05210785656762415 0.02854219663679718 -0.034953453301945839 -0.097009254449702154 0.052739049354784365 -0.055122768385413128 0.040067682334787066 0.046095086843752547 0.015440060028742451 0.051874137590096639 -0.058700023892112478 0.030031123724444598 -0.030193914098967191 0.054051928497295225 -0.064121620496689194 -0.060466826915465489 0.03971083055256798 -0.037172666559221183 0.039073399435419084 -0.024473695154874381 -0.041053975835890794 -0.0034031247919580165 0.07648761887067651 -0.052034060843227918 -0.025533257232774328 0.052888627047537363 0.067123423441911287 0.049116591366687334 0.11065679264672029 0.0029735548012272415 -0.043677014483487028
leaf_weight=1.4755495134741057 1.348891029134393 1.3244560565799499 1.1776484744623292 1.3099933955818404 1.6913456097245205 9.6630493178963679 3.245306156575686 1.3101182747632258 3.5448233913630238 1.6111976206302632 2.5047221370041357 2.7366872560232878 3.2451462205499411 1.1826549824327228 1.6032553035765884 2.7986494917422524 3.2902393992990246 2.3849341198801985 2.5835658144205809 8.7093590544536692 58.127086348831639 1.6335649322718384 2.8731359569355841 1.3791484702378509 0.67229827400296915 1.5255821980535982 1.2416992532089346 1.0333988741040219 4.5389065630733967 3.9777466999367013
leaf_count=55 30 26 19 34 13 237 74 26 93 23 57 38 71 15 22 25 130 30 56 282 1369 21 97 39 14 26 21 7 103 147
internal_value=-0.000182945 0.0150584 -0.0299787 -0.00537619 -0.00613798 0.0186175 0.0209326 0.012121 0.0183205 0.0101321 -0.000214209 0.00953139 0.0252134 -0.00016655 -0.0263322 -0.00529467 -0.00458086 -0.00589996 -0.00476527 -0.00594939 -0.00754075 -0.025005 -0.00369169 0.0297849 -0.0321382 0.0187187 -0.000585938 -0.00360093 0.0229437 -0.00598262
internal_weight=135.744 34.498 2.52654 101.246 99.9362 31.9714 30.647 20.9839 18.0705 14.5257 11.2804 9.66921 6.93252 3.68738 2.91337 98.2449 96.7693 93.9707 90.6804 88.2955 82.9446 15.2675 6.55815 3.01271 3.54543 5.35085 3.82527 67.6771 5.57231 62.1048
internal_count=3200 731 49 2469 2435 682 656 419 371 278 204 181 143 72 48 2422 2367 2342 2212 2182 2079 453 171 60 111 103 77 1626 110 1516
is_linear=0
shrinkage=0.05


Tree=79
num_leaves=31
num_cat=0
split_feature=1 0 10 10 8 1 2 12 10 9 10 9 0 5 4 8 2 8 5 10 6 2 2 2 2 11 9 4 4 9
split_gain=4.05682 1.65857 1.43301 1.80364 1.43719 1.26799 1.2442 1.62705 2.68318 1.99952 3.49243 1.9716 1.7097 1.23004 1.24105 1.87003 2.39963 2.07452 2.50439 1.89389 2.06784 1.67319 1.47877 1.73994 2.28732 1.99755 2.17378 3.37259 2.98214 1.83311
threshold=0.19103045683483741 2.229636751043357 -0.57552857066891017 -0.10193570952309841 -0.064543436672427554 1.2799681179653957 0.81301158420182296 1.0000000180025095e-35 1.4925986480528464 2.1478198428077238 1.1668540686626026 0.396263198226734 1.869841407555904 1.0689182628952916 -0.042052330150773802 -0.71806882046498621 -0.62639762872770943 -0.8149864838064137 -0.26547673432301416 0.0097951678780547873 -0.78629481860853268 1.7986905453587627 -0.639735105464044 -0.60942377085899468 -0.59782257499795122 -1.2993788618744622 -0.68389673277621854 -0.41309623706573156 -0.32534814650936489 -0.80354214332994855
decision_type=2 2 2 2 2 2 2 2 2 2 2 2 2 2 2 2 2 2 2 2 2 2 2 2 2 2 2 2 2 2
left_child=13 2 5 -4 -5 -2 -6 11 9 10 12 -8 -9 14 22 17 -17 18 -16 20 -19 -18 -1 25 -25 -24 28 -28 -27 -26
right_child=1 -3 3 4 6 -7 7 8 -10 -11 -12 -13 -14 -15 15 16 21 19 -20 -21 -22 -23 23 24 29 26 27 -29 -30 -31
leaf_value=-0.039923896438749225 -0.06197191678095354 0.051566879585072868 0.05392979414217916 -0.028753597393850108 0.042964145937300059 0.011518381094436857 -0.017697507632358722 0.052113083602790891 0.039786952795624199 -0.047665858806000799 -0.032378416481921815 0.052529526313470604 -0.013635763237795041 0.041953168223580944 0.046972372261428572 0.020471286230704596 -0.051049137014987436 0.060080629936507958 -0.051723943508135299 0.08132502633596933 -0.052064955967416719 0.014144499581313769 -0.031411792870357919 -0.051854710501474423 -0.018221905857482151 0.063530512050587004 -0.052225910297508185 0.025187673296941649 -0.010597046623322991 0.0012667805013114267
leaf_weight=2.670110508799552 1.1967937983572512 2.8361731600016347 2.6561369374394443 2.1232179440558019 3.2399432789534321 1.1518354602158067 1.3612814061343694 3.1227943971753103 3.4530573673546305 2.7494094744324675 4.0728985946625471 3.7597496286034584 1.4468503817915914 1.3677431400865305 0.89257494919002089 1.8463301826268441 7.4086096482351387 0.76040105149149895 2.2963839201256633 1.232532739639282 0.89468971174210599 1.1349496636539695 2.1456190338358274 2.5692355893552294 16.225783025845885 4.5058540012687445 2.0808675102889529 4.3439770210534334 1.9413404930382956 47.06480214279145
leaf_count=66 30 111 54 35 85 17 27 86 78 32 45 97 21 27 19 39 273 13 94 18 32 16 52 96 469 45 68 78 34 1043
internal_value=-0.000176169 0.0150022 0.0115834 0.0147317 0.0106212 -0.0259302 0.0142238 0.00956002 0.00117677 -0.0105265 0.00128846 0.0338617 0.0312955 -0.00514223 -0.00578628 -0.0183321 -0.0312181 0.00370068 -0.0240993 0.0344017 -0.000541726 -0.0423886 -0.0033136 -0.00210494 -0.00560692 0.013253 0.0206981 0.000115096 0.0412097 -0.00372953
internal_weight=134.552 33.1701 30.334 27.9853 25.3292 2.34863 23.206 19.966 14.845 11.392 8.64254 5.12103 4.56964 101.382 100.014 16.4665 10.3899 6.07658 3.18896 2.88762 1.65509 8.54356 83.5476 80.8775 65.8598 15.0177 12.872 6.42484 6.44719 63.2906
internal_count=3200 718 607 560 506 47 471 386 262 184 152 124 107 2482 2455 504 328 176 113 63 45 289 1951 1885 1608 277 225 146 79 1512
is_linear=0
shrinkage=0.05


Tree=80
num_leaves=31
num_cat=0
split_feature=1 7 0 10 1 1 12 2 7 5 2 3 0 3 8 2 11 1 3 5 5 0 10 2 0 11 1 6 6 0
split_gain=3.73559 1.89064 1.71972 1.36804 1.41294 1.95976 2.56055 3.03305 2.98611 1.73362 1.90173 1.65953 1.56098 2.64858 2.79525 2.03831 1.20404 1.13587 1.06778 2.44781 1.2778 3.29292 2.08481 1.9522 1.93495 2.01175 1.89389 1.65546 1.75721 1.62314
threshold=0.19103045683483741 2.27405855790072 2.229636751043357 2.0842712252892728 2.5289177641824563 2.2315286051655776 -1.0000000180025095e-35 1.3709909236108508 0.30550015459164748 -0.10732319700782735 -0.40825893828502691 1.9458569951648856 0.50300803747610512 0.058966387482807317 1.313642735767492 2.3286866434053652 1.4436749202024679 -0.68499479762380366 -0.5673752561669626 -0.60710728456739205 -0.52810177895233334 -0.35219342830129935 1.4324024751185578 -0.39804270866968167 -1.047202047036051 0.98649928985631286 -0.49278018968412085 0.7934997694699234 0.6217829664179173 -1.0326644869479418
decision_type=2 2 2 2 2 2 2 2 2 2 2 2 2 2 2 2 2 2 2 2 2 2 2 2 2 2 2 2 2 2
left_child=16 2 3 4 5 6 9 8 -8 10 -2 -6 -9 -14 -15 -16 17 -1 19 -19 21 23 24 26 25 -22 -20 28 29 -26
right_child=1 -3 -4 -5 11 -7 7 12 -10 -11 -12 -13 13 14 15 -17 -18 18 20 -21 22 -23 -24 -25 27 -27 -28 -29 -30 -31
leaf_value=-0.051336760656101627 -0.052849824922649086 0.052042343125763127 0.051541166051995602 0.052700098625409732 0.052774955065649547 -0.049422161571591211 -0.047471526764665234 -0.063647368714453395 0.050585668385246876 0.05404401357645721 0.036548199362620618 -0.01951842539378083 0.0534295655035745 -0.062927217711208558 -0.024667678684853145 0.054284797975643208 0.054319219711900207 0.038451614563823067 -0.027326551224368757 -0.049533536346792667 -0.04356844571090223 -0.052542407458529741 -0.050266034283686839 0.07538421183097474 0.045174396151630276 0.032192679534515954 0.047726325416653274 0.05375926811692118 -0.06126901506576593 -0.0029564787603273777
leaf_weight=1.3300104523077596 1.0223877523094418 3.0474335197359315 2.3680621143430463 1.5516652557998885 2.7767420727759595 1.8791646994650353 1.0188339604064864 1.9219151884317378 3.2628880236297846 3.4982826095074531 1.4226940488442776 1.1116275340318678 1.2470204494893549 2.8695313055068254 2.3039254881441598 1.267067417502403 0.85010731033980746 1.0328426305204628 1.5937457177788017 3.3689209213480344 5.1869372110813847 1.3405673280358303 2.5036880783736697 1.9230572972446682 1.7939305398613203 1.0543499337509272 1.778549402952194 1.316084736958145 1.2637345483526576 74.325713326223195
leaf_count=65 28 104 95 37 66 30 24 17 74 81 30 13 28 34 34 23 15 22 31 143 171 37 54 18 31 23 22 24 37 1789
internal_value=-0.00017174 0.0145472 0.0106767 0.0071129 0.00435 -0.00062063 0.00400292 -0.007748 0.027253 0.0314679 -0.000832736 0.0321073 -0.0233435 -0.0132674 -0.0261813 0.00334641 -0.00493404 -0.0054387 -0.00481885 -0.0288884 -0.00369269 0.0174601 -0.00529792 0.0351818 -0.00397245 -0.03077 0.0122564 -0.00184726 -0.00279298 -0.00182217
internal_weight=133.231 32.5692 29.5218 27.1537 25.6021 21.7137 19.8345 13.8912 4.28172 5.94336 2.44508 3.88837 9.60946 7.68754 6.44052 3.57099 100.662 99.8121 98.4821 4.40176 94.0804 6.63592 87.4444 5.29535 84.9408 6.24129 3.3723 78.6995 77.3834 76.1196
internal_count=3200 718 614 519 482 403 373 234 98 139 58 79 136 119 91 57 2482 2467 2402 165 2237 108 2129 71 2075 194 53 1881 1857 1820
is_linear=0
shrinkage=0.05


Tree=81
num_leaves=31
num_cat=0
split_feature=2 0 9 8 0 0 5 11 8 3 0 8 1 11 6 6 8 3 0 8 9 4 11 4 4 0 6 9 5 1
split_gain=3.44615 2.03742 1.8309 1.65507 3.30938 2.79486 2.21963 3.38781 2.67374 2.49206 2.2666 2.06777 2.76159 2.51586 2.43393 3.1443 3.96807 3.53697 3.128 2.57818 2.91653 2.77149 2.87516 2.34897 2.52862 2.25869 2.85272 2.20897 2.1337 3.13211
threshold=-0.25206452674918206 2.229636751043357 -1.0739376465845245 -0.27315520311424452 -0.67474622421048835 0.094711955673159751 -0.45779569553606864 -1.0000000180025095e-35 0.3960965512757279 -0.36723500116817936 -0.59070947984302158 -0.32473839999149695 -0.60290508411138333 -0.38502760118215218 0.56454403206724868 -0.40851785189411932 -0.73179666590299031 -0.15918332818552375 -0.23098955212479719 -0.65825336148056179 -0.76541830991751136 -0.56250666843031716 -0.84220323152830712 -0.17165362441276685 -0.092241078534360879 -0.82550966731202302 -0.70616031051759642 -1.0739376465845245 -0.5316492773807372 -0.49278018968412085
decision_type=2 2 2 2 2 2 2 2 2 2 2 2 2 2 2 2 2 2 2 2 2 2 2 2 2 2 2 2 2 2
left_child=3 2 -2 11 -5 6 7 -6 10 -10 -8 12 -1 -13 15 16 17 27 19 21 -21 -17 -23 -24 -25 -19 -27 -14 -22 -30
right_child=1 -3 -4 4 5 -7 8 -9 9 -11 -12 13 14 -15 -16 18 -18 25 -20 20 28 22 23 24 -26 26 -28 -29 29 -31
leaf_value=-0.025004871288480304 -0.052941349331218357 0.051502963307674565 0.0099009138848778627 -0.046120284347907235 -0.019138590599443742 -0.051639859850118736 0.040222679889716423 0.081690012027829495 0.07943711458459124 -0.016840786327055726 -0.042608352341941019 0.062141150492072077 0.050408351334790186 -0.020726170653424279 -0.052242064314124363 0.059043637778569372 -0.036157937608486283 0.1285746974608685 -0.017280641796193128 -0.010458581915369601 0.1250646808440887 0.033971925022599068 -0.052225172748052696 0.071547093899349018 -0.026135441315770697 -0.051532860483097555 0.071107931450368769 -0.022782873519275323 0.082595364786257619 0.011927957640191372
leaf_weight=12.803665213286875 1.1920303627848614 2.8937361706048241 41.891533357091248 7.0682900976389673 1.4236190067604186 2.5572976656258097 1.0075458539649833 2.0083766663447014 1.3929596580564978 1.2988076908513901 4.5811333050951353 2.5809454657137394 1.2584258159622548 1.4197756517678488 2.0442316923290482 2.1633508577942839 8.9956092946231312 0.78573918621987138 6.0243130754679504 1.9845148324966428 1.0177071727812279 3.3092047730460745 3.3398033948615176 1.0433927085250618 1.8148556761443648 0.71976890042424257 1.3895826041698469 5.701417189091444 3.1141189504414792 3.1580737140029682
leaf_count=412 31 120 785 258 32 104 26 18 22 36 138 35 26 44 68 26 259 12 166 46 9 52 99 13 53 29 25 170 35 51
internal_value=-0.000160219 0.01089 0.0081622 -0.00606744 -0.0181423 -0.00428381 0.00605592 0.0398655 -0.00795713 0.032982 -0.0276753 -0.00208322 -0.00437918 0.0327332 0.0011382 0.00351973 -0.012147 0.00977026 0.0144702 0.0236025 0.0432809 0.00796445 -0.00365848 -0.0237497 0.0095232 0.056214 0.0292595 -0.00954899 0.0579103 0.047014
internal_weight=131.984 45.9773 43.0836 86.0065 21.338 14.2697 11.7124 3.432 8.28045 2.69177 5.58868 64.6685 60.6678 4.00072 47.8641 45.8199 18.8505 9.85493 26.9693 20.945 9.27441 11.6706 9.50726 6.19805 2.85825 2.89509 2.10935 6.95984 7.2899 6.27219
internal_count=3200 936 816 2264 634 376 272 50 222 58 164 1630 1551 79 1139 1071 521 262 550 384 141 243 217 165 66 66 54 196 95 86
is_linear=0
shrinkage=0.05


Tree=82
num_leaves=31
num_cat=0
split_feature=1 7 7 2 12 7 1 3 6 10 10 8 8 7 7 3 11 4 4 7 3 2 1 5 7 10 2 8 8 8
split_gain=3.21136 1.84118 1.32562 1.65801 1.7213 1.54588 3.64562 1.9936 1.63082 2.55302 2.61331 2.59923 5.19714 2.19209 4.09864 1.21476 1.11268 1.07475 1.96986 1.20762 2.77736 2.57529 2.4801 2.43487 2.41291 2.17957 3.22597 2.07524 1.99404 2.23476
threshold=0.19103045683483741 2.27405855790072 -0.62850744354014199 0.81301158420182296 -0.74002698477181994 1.9482356360776656 1.5562290602573567 4.9662738841152505 -1.1068328509722771 1.3648993421860829 1.3041644750934258 1.8473808696127203 1.6848471190316767 1.1574853415732238 0.92642579206975795 -0.30503773843473936 1.4436749202024679 -0.62050816202769388 -0.61026752394455841 -0.39932075607923151 0.11220507653487838 -0.24313270829991371 -0.55905239727009315 0.22119224682757102 -0.50744246826949346 -0.049650029327387164 -0.6122365953158303 -0.57647288307432376 -0.23486074323362519 -0.60183177879942662
decision_type=2 2 2 2 2 2 2 2 2 2 2 2 2 2 2 2 2 2 2 2 2 2 2 2 2 2 2 2 2 2
left_child=16 2 -2 15 -5 7 -7 8 -6 10 11 12 13 14 -10 -4 17 -1 -19 20 23 28 -23 24 -20 26 -26 -28 29 -21
right_child=1 -3 3 4 5 6 -8 -9 9 -11 -12 -13 -14 -15 -16 -17 -18 18 19 21 -22 22 -24 -25 25 -27 27 -29 -30 -31
leaf_value=-0.047124725542061333 -0.045590717945759918 0.05192366194217142 -0.0067460431775515535 0.052276184365243263 -0.049724868110306221 0.027250946498925073 -0.066512478974001241 -0.048141781190830742 0.053332251151783187 0.052650130900245597 -0.067456830113970606 0.053692490407948136 -0.098877366272393158 0.053085392777420727 -0.072019569181876908 0.050229117059022235 0.054065340531620688 0.036653266173793692 -0.0051076753334649448 -0.027574339281486945 -0.051686400452774763 0.064305247518315886 -0.0026082655720307108 0.059274628580113967 0.10424094488092335 -0.009165694167296819 0.05619560513582858 -0.022852174833768266 -0.045948877314658042 0.0041600290882124217
leaf_weight=1.4969063084572543 1.0376683515496612 2.8653796873986712 1.2142865918576715 1.846042219549427 0.93592452257873127 1.8545029796659935 2.3507801722735167 1.4038599953055371 1.2254906259476945 3.9265816528350124 1.1042597088962782 2.831690302118659 1.1729867793619631 2.3581133130937815 1.3937424756586549 4.0753125119954374 0.80162583477795024 2.8321168180555096 45.40779565367847 12.204721834510567 2.597863456234335 1.7732713930308817 6.3209164012223464 1.7486231122165907 1.5769174536690114 2.9299945915117922 1.6916095940396187 1.6306600635871293 5.8441283190622952 10.170864727348087
leaf_count=56 37 104 26 54 14 44 33 11 27 100 10 64 13 57 18 106 15 26 1162 370 106 18 96 28 13 70 30 50 216 226
internal_value=-0.000174787 0.0137043 0.00989265 0.0119716 0.00602698 0.00187394 -0.0251634 0.00882692 0.0141769 0.018445 0.00512891 0.0140527 -0.00419799 0.0181146 -0.0133698 0.0371498 -0.00460315 -0.00508194 -0.00443132 -0.00567051 -0.00116757 -0.0128109 0.0120511 0.00121926 -0.000687632 0.0249478 0.0453496 0.0173968 -0.019942 -0.0131494
internal_weight=130.625 31.5966 28.7312 27.6936 22.404 20.5579 4.20528 16.3526 14.9488 14.0129 10.0863 8.98202 6.15033 4.97735 2.61923 5.2896 99.028 98.2264 96.7295 93.8974 57.5835 36.3139 8.09419 54.9856 53.237 7.82918 4.89919 3.32227 28.2197 22.3756
internal_count=3200 718 614 577 445 391 77 314 303 289 189 179 115 102 45 132 2482 2467 2411 2385 1459 926 114 1353 1325 163 93 80 812 596
is_linear=0
shrinkage=0.05


Tree=83
num_leaves=31
num_cat=0
split_feature=1 7 10 9 7 8 9 7 3 7 1 7 8 10 5 5 5 1 5 1 3 2 2 7 3 9 7 3 5 3
split_gain=2.96455 1.77653 1.28598 1.24158 2.32271 2.2621 1.70438 1.67714 2.12428 2.26357 1.63615 1.88139 2.00475 1.75516 1.4795 2.47823 1.10291 1.24543 1.36606 1.09685 1.07649 1.52088 1.72359 3.04071 2.40464 2.22242 1.95878 1.85499 1.7933 3.53401
threshold=0.19103045683483741 2.27405855790072 2.0842712252892728 -0.011572574667395821 1.7412113822502675 -0.43745696365398451 0.38527431723440464 2.1807425792161284 4.9662738841152505 1.3018318434043656 0.60854553687892621 0.92642579206975795 2.1585523881427231 0.82617883554844385 0.69076997025876208 1.353298103190377 1.0689182628952916 -0.18355496182223469 0.33239484284624049 -0.68499479762380366 0.081936206628921773 -0.639735105464044 -0.61815844571620027 -0.38965607012873987 -0.5673752561669626 -0.88614634416870586 -0.68346780411677344 -0.55862915082987807 -0.30656547708617171 -0.3577349179421499
decision_type=2 2 2 2 2 2 2 2 2 2 2 2 2 2 2 2 2 2 2 2 2 2 2 2 2 2 2 2 2 2
left_child=16 2 3 4 5 -2 -5 8 9 10 -8 12 -12 -13 -11 -16 17 19 -19 -1 21 -21 23 26 -24 -25 -23 -26 29 -29
right_child=1 -3 -4 6 -6 -7 7 -9 -10 14 11 13 -14 -15 15 -17 -18 18 -20 20 -22 22 24 25 27 -27 -28 28 -30 -31
leaf_value=-0.051152766415456553 -0.052333955953267508 0.051830011624383471 0.05238550327982832 0.047053582866790393 -0.070594843373164004 0.039609614066486443 -0.041857421178458393 -0.045211779772936604 -0.049435373181680634 0.052638783423351966 0.050727671750123826 -0.07048379522036706 -0.024850148638540147 0.017025030472248164 -0.034855157894996713 0.053260833605225204 0.041354671259365865 -0.028786239533839478 0.033895691635202639 -0.039244671706163657 -0.024375551991556197 0.013010088172941839 -0.048699545779331416 0.04083412002137269 0.051705936013883493 -0.052506758551281132 0.06359381189875922 -0.0022685487377654199 0.0065804051184638048 -0.043524639998170286
leaf_weight=1.1751504084095348 1.0253337300382555 2.7304341038689008 1.6533309090882529 2.958090025931603 1.3976792972534893 1.9247943554073634 2.0025922060012906 1.460753759369253 1.3649035375565279 4.7023267000913611 3.0817852802574635 1.1494265384972098 1.2266780380159614 1.142589198425412 1.6204533595591786 1.572060417383909 1.2988317310810078 8.4305185768753255 0.96913076750934202 2.5310705834999672 5.2893498968332997 4.3572276439517736 2.7403353429399422 0.91817722748965058 1.6345260366797365 2.0876749306917173 3.4128827759996057 26.839756612665941 30.201831305399558 6.4353551240637854
leaf_count=64 38 104 46 62 14 41 26 27 11 133 77 20 22 26 32 39 27 234 23 64 175 80 125 13 18 61 40 599 740 219
internal_value=-0.000163361 0.0133152 0.00959693 0.00694033 -0.0175004 0.00765411 0.0117094 0.00629889 0.0105112 0.0154707 -0.00227105 0.00973949 0.0292096 -0.0268599 0.0348041 0.008535 -0.00441484 -0.00502755 -0.0223236 -0.00317214 -0.00251991 -0.00109552 0.000132525 0.0187085 -0.00281764 -0.0239946 0.0352281 -0.000886615 -0.00224087 -0.0102474
internal_weight=129.335 31.0132 28.2828 26.6295 4.34781 2.95013 22.2817 19.3236 17.8628 16.4979 8.60307 6.60048 4.30846 2.29202 7.89484 3.19251 98.3218 97.023 9.39965 87.6233 86.4482 81.1588 78.6278 10.776 67.8518 3.00585 7.77011 65.1115 63.4769 33.2751
internal_count=3200 718 614 568 93 79 475 413 386 375 171 145 99 46 204 71 2482 2455 257 2198 2134 1959 1895 194 1701 74 120 1576 1558 818
is_linear=0
shrinkage=0.05


Tree=84
num_leaves=31
num_cat=0
split_feature=0 10 0 7 0 7 2 0 4 8 6 7 7 0 4 4 2 10 5 10 7 0 2 6 7 1 12 6 6 5
split_gain=2.89497 3.49655 3.34186 2.97489 2.49531 2.17816 2.01246 1.23759 4.29789 3.46978 3.39808 2.95964 3.5243 3.44406 2.63206 4.88377 2.22098 3.3689 3.15954 2.72685 2.74005 2.3648 2.47025 2.33774 3.20212 2.08147 2.03237 2.02665 1.90322 1.88001
threshold=1.5805432220787325 0.98806738966228058 1.530513257050377 1.5209921970515621 1.3111020490317455 0.92642579206975795 2.4459164779143916 -0.77737289144586874 -0.29355422887269261 -0.26158706778672614 0.31269272092430628 -0.29744313585076054 -0.7088178460563298 -0.98753960173662036 -0.3583857906035775 -0.37182686069070831 -0.24313270829991371 1.1668540686626026 -0.32558045314279765 1.5911502804500006 1.69023434397695 -0.49872557221912678 -0.62531109429930687 -0.17956211449144452 -0.48062898423673311 -0.56671364405920677 -0.74002698477181994 -0.11087539327064211 -1.1869673590632133 -0.35844832529511034
decision_type=2 2 2 2 2 2 2 2 2 2 2 2 2 2 2 2 2 2 2 2 2 2 2 2 2 2 2 2 2 2
left_child=2 3 4 5 7 -2 -5 8 28 10 11 12 13 -10 15 -9 21 18 -18 20 -19 22 -16 -23 27 -14 -13 -25 -1 -29
right_child=1 -3 -4 6 -6 -7 -8 14 9 -11 -12 26 25 -15 16 -17 17 19 -20 -21 -22 23 -24 24 -26 -27 -28 29 -30 -31
leaf_value=0.041556199683495554 0.018067835706104665 0.052394104067704228 -0.068908735484254871 0.052838844972040389 0.037990202506938464 -0.055392979267348111 -0.023203006511684762 0.0046610708408016104 -0.052537044271645156 -0.049989192499090201 -0.052123786137983609 0.030004751729002101 0.017780958575392313 0.047837307694773734 0.053252850329036296 0.071472011508725661 -0.038822126597293311 -0.00062920983942670603 0.034991230053743681 0.02691828785787 -0.084393687643942339 -0.04615176455953926 -0.0091293500540823719 0.098723541803819315 -0.051770484021054233 0.098485894190067327 -0.052545389133849152 -0.051903444959635739 -0.036440763570247593 0.018866779993282266
leaf_weight=0.83158844336867233 1.6101697459816913 5.4928696714341632 1.8796441853046406 3.0269491262733936 3.8281849762424818 2.7029662095010281 1.2210813537240026 32.168120160698891 1.4115823702886681 2.2427271176129571 1.5230770232155908 1.3886494012549522 1.0991867193952201 2.1658678138628598 1.9227415798231948 2.9894676674157372 1.7264554472640163 1.7484995592385524 9.0456008054316079 1.7933740243315694 2.2105945311486721 8.7148942374624294 9.0864976402372104 0.60496398340910662 2.967581803910436 2.9247799813747415 1.6101126410067079 1.2320230323821304 13.147425478324296 3.9379145670682192
leaf_count=17 36 176 24 86 84 36 26 732 50 93 52 25 23 38 26 37 29 27 185 45 21 339 247 10 108 32 46 39 417 94
internal_value=-0.000155034 0.0212586 -0.00279027 0.00128191 -0.00168381 -0.0279688 0.0309809 -0.0030837 -0.0120635 0.00714219 0.0177111 0.0277453 0.0443395 0.00823182 9.20516e-05 0.010342 -0.00791763 0.0066632 0.023161 -0.0242306 -0.0473998 -0.0163816 0.00176558 -0.0278259 -0.00955786 0.0764405 -0.0143185 0.0121342 -0.0318009 0.00200187
internal_weight=128.256 14.054 114.202 8.56117 112.322 4.31314 4.24803 108.494 28.345 14.366 12.1233 10.6002 7.60142 3.57745 80.1487 35.1576 44.9911 16.5245 10.7721 5.75247 3.95909 28.4666 11.0092 17.4574 8.74248 4.02397 2.99876 5.7749 13.979 5.16994
internal_count=3200 360 2840 184 2816 72 112 2732 793 359 266 214 143 88 1939 769 1170 307 214 93 48 863 273 590 251 55 71 143 434 133
is_linear=0
shrinkage=0.05


Tree=85
num_leaves=31
num_cat=0
split_feature=0 6 4 10 5 6 8 8 0 2 8 8 5 6 8 6 6 11 2 11 8 2 0 4 4 6 9 12 2 4
split_gain=2.75044 1.98863 4.04304 2.40859 1.55893 1.67073 2.01027 2.58076 1.40651 2.37759 1.37028 2.99054 1.22315 1.7059 1.913 1.27199 2.6862 1.73444 2.10075 1.72933 1.25703 1.97373 1.17203 4.11788 3.42311 2.92479 2.70521 5.14262 2.95572 2.39349
threshold=2.229636751043357 1.2743068180155406 1.0800313386245708 1.1668540686626026 1.6806643856118415 0.6217829664179173 1.8231348425794385 0.49910078562768412 2.1432782136874171 2.3286866434053652 1.313642735767492 0.9512386387651296 1.2706885330934532 -1.2556540802840159 1.8231348425794385 -1.1869673590632133 -1.0610417034917423 0.52932365951015792 -0.52691347612498507 -0.84220323152830712 -0.76654827854868868 -0.3559054595400995 -0.76498091241762511 -0.29355422887269261 -0.054494291094055118 0.31269272092430628 -0.61242554813479133 -0.74002698477181994 -0.47223126233517387 -0.34718799748660006
decision_type=2 2 2 2 2 2 2 2 2 2 2 2 2 2 2 2 2 2 2 2 2 2 2 2 2 2 2 2 2 2
left_child=1 4 10 -4 5 8 7 -7 9 12 11 -3 13 -1 15 17 20 18 -15 -20 21 -17 23 -18 25 26 28 -28 -25 -24
right_child=-2 2 3 -5 -6 6 -8 -9 -10 -11 -12 -13 -14 14 -16 16 22 -19 19 -21 -22 -23 29 24 -26 -27 27 -29 -30 -31
leaf_value=-0.076444992708265713 0.051360133343505122 0.052799209617420975 0.026880729772364245 -0.047122034808439517 0.028454139500230492 -0.050597393477424403 -0.076117071833146477 0.048680839193185145 -0.068147160113531696 0.053066089777210751 0.053404489725476414 -0.041794269262015078 -0.063632482911496493 -0.052308506973040764 0.048690355602411285 -0.051556659380349382 -0.032331944771445791 0.059701949480568367 0.065703101181484785 -0.015689972697064122 -0.058244921086821444 0.058878884424945627 0.010644537208469813 0.006386790555052705 -0.037711423420143553 -0.052220632613505458 0.058669290285578247 -0.052309775633172219 0.095581558467309258 -0.0091216148794997544
leaf_weight=0.7890870776027431 2.5390401640906921 1.971770236268638 1.7315415013581503 3.0124259665608406 3.7119078896939746 1.4976128274574869 1.7571313641965387 1.1629106588661668 0.8272232860326757 1.8771359175443638 5.2342638727277517 1.4499668907374141 0.84499773383140464 1.2686491245403884 1.7826556041836727 0.96024004835635424 12.50150205101818 1.8141949027776716 1.3417189046740534 1.2705970639362925 3.3486544229090205 0.69917261414229848 30.667275732383121 1.4605971341952679 3.0393279688432662 1.1245399331673969 2.1845815153792478 1.9990840489044805 2.5510247424244863 30.594345057848866
leaf_count=19 120 54 43 38 64 49 22 33 15 46 127 28 11 39 38 39 393 24 16 30 112 7 654 37 119 36 32 65 20 870
internal_value=-0.000156942 -0.00120778 0.0169877 -0.0201111 -0.00340283 -0.00450423 -0.0346137 -0.00720303 -0.00321216 -0.00268615 0.0373199 0.0127151 -0.00373017 -0.00322093 -0.00263497 -0.00357992 -0.00501257 0.0193444 0.000478829 0.0261146 -0.040611 -0.00502603 -0.0029425 -0.0120988 0.00836741 0.0233944 0.0337701 0.00564008 0.0631065 0.000773227
internal_weight=127.015 124.476 13.4 4.74397 111.076 107.364 4.41765 2.66052 102.947 102.119 8.656 3.42174 100.242 99.3972 98.6082 96.8255 91.1303 5.69516 3.88097 2.61232 5.00807 1.65941 86.1223 24.8607 12.3592 9.31983 8.19529 4.18367 4.01162 61.2616
internal_count=3200 3080 290 81 2790 2726 104 82 2622 2607 209 82 2561 2550 2531 2493 2384 109 85 46 158 46 2226 702 309 190 154 97 57 1524
is_linear=0
shrinkage=0.05


Tree=86
num_leaves=31
num_cat=0
split_feature=0 1 1 10 3 2 7 2 10 10 6 7 10 0 1 0 2 4 4 1 2 6 4 6 6 10 4 10 7 7
split_gain=2.61023 2.00373 1.89902 1.61478 1.41885 1.26638 1.18118 1.56369 2.72967 2.02283 3.27322 3.22643 2.1024 1.47861 1.34017 1.29273 1.85885 1.26145 1.68038 1.46456 3.67132 2.25446 1.65785 1.47471 3.55924 2.53246 2.26445 2.32154 2.01388 3.77525
threshold=2.229636751043357 2.5289177641824563 2.3776027048635706 1.9502346260213264 1.9458569951648856 3.005692153639917 2.3040973512739593 2.2738930693361579 0.64311850389521974 1.4619991718941348 2.0870996857950361 1.5642953938776112 1.5242408017266686 0.41775503379414541 1.7045925638048249 1.8467367175742886 0.97752512498495203 -0.62050816202769388 -0.61026752394455841 -0.64448539392447113 -0.62531109429930687 -1.1984151459333472 0.4525887371987482 0.083736983521631461 0.10663255726189894 1.2838772422309073 -0.042052330150773802 -0.03140796935762389 -0.7582426102791241 -0.39932075607923151
decision_type=2 2 2 2 2 2 2 2 2 2 2 2 2 2 2 2 2 2 2 2 2 2 2 2 2 2 2 2 2 2
left_child=1 2 3 5 -3 6 7 9 -9 11 12 14 -11 -13 15 16 17 -1 -19 20 -20 -22 23 -21 -25 26 27 28 -26 -30
right_child=-2 4 -4 -5 -6 -7 -8 8 -10 10 -12 13 -14 -15 -16 -17 -18 18 19 22 21 -23 -24 24 25 -27 -28 -29 29 -31
leaf_value=-0.052042409204429464 0.051293408337849615 0.052340095667332234 -0.06458513569050503 0.039059818533921473 -0.012184285110492044 0.040861605775552381 0.034754716576019577 -0.083523267690063643 0.0016712899240959277 -0.064015986458635835 -0.097190122064047729 -0.017405232267982351 0.026681715913935661 0.053243077207263734 0.052864508651613143 -0.045008146419759532 0.039111771744160279 0.034453060153032455 0.050397737468730046 -0.0066268595100304742 0.032716363500874521 -0.05144750651191933 -0.051684065741104394 0.073021638326147956 -0.012037118578584423 0.086763718998828843 -0.046074095889477341 -0.020615275311307774 0.050182092969444592 -0.0086221422793330716
leaf_weight=1.3583511775359358 2.4182722764089695 2.8800902869552365 1.2128498945385207 2.3809568025171748 1.2098859120160339 1.6567879524081934 2.0169798750430337 1.6594584956765168 2.1692826300859451 0.98080093599855844 1.4602888710796831 0.92319684848189254 1.8331469735130665 3.7447427231818438 1.0522161535918702 1.8728290908038605 2.5433724485337725 2.8263900987803785 1.3474647337570784 51.97065558889885 0.92113690078258503 5.8414264973252852 1.6906558396294702 1.9362282380461717 4.868974019773316 0.86693610809743304 2.4254527455195776 6.4481756426393977 6.7519798362627741 4.5813760617747787
leaf_count=55 120 84 19 66 18 40 59 20 37 17 17 12 56 89 26 23 50 26 34 1373 16 281 72 21 105 11 102 154 93 104
internal_value=-0.000151629 -0.00115954 -0.00233888 -0.00169979 0.0332527 -0.00253822 -0.00316845 -0.00385094 -0.0352539 -0.0027402 -0.0364512 -0.00135435 -0.00493095 0.0392707 -0.003264 -0.0038651 -0.00306561 -0.00420882 -0.00350621 -0.00470294 -0.0249668 -0.0399834 -0.0026875 -0.0016501 0.0076273 0.00274665 -0.000158027 0.00475874 0.014857 0.0264112
internal_weight=125.85 123.432 119.342 118.129 4.08998 115.748 114.092 112.075 3.82874 108.246 4.27424 103.972 2.81395 4.66794 99.3036 98.2514 96.3786 93.8352 92.4769 89.6505 8.11003 6.76256 81.5404 79.8498 27.8791 25.9429 25.076 22.6505 16.2023 11.3334
internal_count=3200 3080 2978 2959 102 2893 2853 2794 57 2737 90 2647 73 101 2546 2520 2497 2447 2392 2366 331 297 2035 1963 590 569 558 456 302 197
is_linear=0
shrinkage=0.05


Tree=87
num_leaves=31
num_cat=0
split_feature=0 1 1 9 1 6 6 9 6 0 1 3 9 3 7 5 7 1 5 5 5 7 4 10 0 7 3 7 4 10
split_gain=2.47713 1.86639 1.62656 1.50347 1.85541 1.56883 2.29238 2.03803 2.21111 2.1507 1.96904 2.22815 3.26226 2.30992 1.95321 3.58554 1.84198 2.24048 2.13364 2.21585 2.69332 2.05159 1.66636 1.60386 1.78735 1.49515 3.04209 2.49433 2.39853 1.90435
threshold=2.229636751043357 2.5289177641824563 2.3776027048635706 0.031421552908504229 1.666174963909911 -1.1869673590632133 -0.019293098309572206 0.054254266186621471 0.16387149161256767 -0.55968212710101473 1.0168475337475449 -0.48834420201985546 0.62095133690317839 -0.50893208280548985 0.19938435212961628 0.69076997025876208 1.3018318434043656 1.3267554525566434 0.69076997025876208 0.32113213570035332 -0.17059703145682895 -0.090903338118074689 -0.26474965357614949 1.266104878445238 0.804234874387312 0.030953870518233333 0.37912722861381115 0.0097586182757249309 0.98657479023399752 -2.0818439501917854
decision_type=2 2 2 2 2 2 2 2 2 2 2 2 2 2 2 2 2 2 2 2 2 2 2 2 2 2 2 2 2 2
left_child=1 2 3 25 5 -5 10 -8 9 -9 11 12 13 -7 -13 22 17 18 19 20 -10 -22 -16 -18 -25 27 -27 29 -28 -1
right_child=-2 -3 -4 4 -6 6 7 8 16 -11 -12 14 -14 -15 15 -17 23 -19 -20 -21 21 -23 -24 24 -26 26 28 -29 -30 -31
leaf_value=0.055264973373213858 0.051229982046199413 0.032639429029088875 -0.058516707704684694 0.045065013466562852 0.039738927495355944 0.0068751168113180654 0.069432654992565887 -0.014809427338340031 -0.028076141161429605 0.068643623231553513 0.052172941605051898 -0.045274121908284712 -0.045987529913326233 0.098821948386399974 -0.0248967442033016 -0.059091249746988039 0.039800345913655139 -0.084954543259298909 0.053226645041424984 -0.087242544728281829 -0.019152584246634071 0.069689848940049468 0.060721903194490404 -0.05762885356817754 0.025310614246098609 -0.033242007343788335 0.075852357727635975 0.074597327264823196 -0.019598882016547737 -0.0054669827759067646
leaf_weight=1.3210589820519008 2.3031078753992906 3.9639880638569585 1.2701237555593241 2.0591631717979899 3.6390568390488616 1.6736469529569147 1.3881779704242969 1.1218160325661304 4.9370552748441714 2.4760454818606403 1.0684638712555159 7.2569521986879408 1.5428712796419857 1.1540886024013173 0.82963871210813511 1.7184852212667463 4.088512171059846 0.98660131730139333 1.3204566705971963 0.94567332416772831 1.0860341023653748 1.6178136980161033 1.8040388245135548 1.1337675359100106 1.5209979899227617 10.608831789344547 1.2803514041006558 1.0254339869134117 1.3543090149760244 56.319000502582647
leaf_count=31 120 102 19 38 98 39 15 26 114 37 32 245 38 10 21 21 104 13 27 9 32 24 38 12 39 318 22 21 21 1514
internal_value=-0.000143952 -0.00110973 -0.00223822 -0.00162873 0.00549846 0.00251255 0.000303831 0.0107376 0.00690051 0.0426229 -0.0135418 -0.0179357 0.0124932 0.0444015 -0.0293916 -0.00290846 -0.000386717 -0.0130998 -0.00594407 -0.0150434 -0.00610774 0.0340052 0.033751 0.020151 -0.0101102 -0.00612547 -0.0212998 -0.00269992 0.026787 -0.00407506
internal_weight=124.816 122.512 118.548 117.278 45.3694 41.7303 39.6711 22.623 21.2348 3.59786 17.0482 15.9797 4.37061 2.82774 11.6091 4.35216 17.6369 10.8936 9.90703 8.58658 7.6409 2.70385 2.63368 6.74328 2.65477 71.909 13.2435 58.6655 2.63466 57.6401
internal_count=3200 3080 2978 2959 1032 934 896 452 437 63 444 412 87 49 325 80 374 219 206 179 170 56 59 155 51 1927 361 1566 43 1545
is_linear=0
shrinkage=0.05


Tree=88
num_leaves=31
num_cat=0
split_feature=0 1 1 6 10 2 2 6 1 6 1 10 3 10 1 1 2 1 1 2 5 5 2 10 0 9 6 6 3 1
split_gain=2.35117 1.7289 1.4628 1.45729 1.60966 1.2525 1.86195 1.04861 2.5951 1.86666 1.524 2.11971 1.83999 3.08142 1.48023 2.33676 2.10408 1.51871 2.42455 1.43172 1.28238 1.21097 1.38955 1.09349 2.62054 1.70985 3.29255 1.39368 2.55252 2.17484
threshold=2.229636751043357 2.5289177641824563 3.9886130209923598 -1.2556540802840159 1.9502346260213264 3.005692153639917 2.8214319521275733 -1.1869673590632133 -0.43921187833385439 -1.0610417034917423 -0.64448539392447113 -1.37065914427896 -0.51176164108056066 0.38811606483161354 -0.63184954001899396 -0.62054438135280299 -0.50922135702251492 -0.61692712644205228 -0.59926777812536425 -0.61694999916001914 -0.29571449879646855 -0.19638726556517552 -0.29780832664808204 0.88862031730748281 1.5805432220787325 2.1478198428077238 0.75915640885952218 0.40427501588537623 -0.50592460394468752 0.26327101969049865
decision_type=2 2 2 2 2 2 2 2 2 2 2 2 2 2 2 2 2 2 2 2 2 2 2 2 2 2 2 2 2 2
left_child=1 3 -3 -1 5 6 7 8 20 21 11 -11 13 -13 16 -16 19 -17 -19 -12 -5 -9 -23 25 -25 26 27 -20 -29 -30
right_child=-2 2 -4 4 -6 -7 -8 9 -10 10 14 12 -14 -15 15 17 -18 18 23 -21 -22 22 -24 24 -26 -27 -28 28 29 -31
leaf_value=-0.069583812996200367 0.051169688195855073 0.052419298073069089 -0.014219479736475742 0.010695680277022432 0.038801289831255421 0.040767400976999039 -0.066262887571250997 -0.053589523433390143 -0.037273973472202439 0.043507290728786285 0.035477968323821545 -0.051258639972702635 -0.051447976486457062 0.098890450426679558 -0.051873905669492494 0.046685909544297743 0.055981956678879154 -0.041634867087865228 0.0048069082020739456 -0.05221181467833437 0.0654861658148915 -0.051720972462740517 0.031937765983783256 -0.021988146909790604 0.035937795869595023 -0.033440641778132857 0.053127035904707111 0.040521755707645518 -0.045258604364321817 0.039988523787351987
leaf_weight=0.7956212954595675 2.1933002928271881 2.669474757276475 1.1908949781209228 2.1232295194640751 2.4045444121584287 1.6458733920007933 1.1572561170905817 2.9961459035985172 1.5499500455334771 0.97463103197515 0.84047678485512722 0.78252032818272688 4.5449125631712368 0.60656733997166157 2.2808171436190454 1.6651674062013473 2.6592456698417655 3.6089440109208075 53.770093414001209 1.0432647047564385 2.1486671725288038 0.8626224668696526 1.1689940132200707 11.800306770950554 2.3395726550370446 3.0914250519126645 3.3190912744030348 1.4814267521724103 5.1114485329017034 0.87647711113095272
leaf_count=20 120 80 22 36 69 42 16 113 49 24 11 40 223 14 85 25 29 112 1280 34 26 36 14 260 64 41 91 32 171 21
internal_value=-0.000137482 -0.0010636 0.0318617 -0.00214396 -0.00168478 -0.00253538 -0.0031672 -0.00251319 0.0181462 -0.00364975 -0.00216664 -0.0248313 -0.0360556 0.0143064 -0.000498884 -0.00191457 0.0273427 -0.000605781 -0.00152791 -0.0130869 0.0382541 -0.0333832 -0.00358366 0.000241795 -0.0124038 0.00288491 0.00462438 0.00199561 -0.0182423 -0.0327806
internal_weight=123.703 121.51 3.86037 117.649 116.854 114.449 112.803 111.646 5.82185 105.824 100.796 6.90863 5.934 1.38909 93.8878 89.3448 4.54299 87.064 85.3988 1.88374 4.2719 5.02776 2.03162 81.7898 14.1399 67.65 64.5585 61.2394 7.46935 5.98793
internal_count=3200 3080 102 2978 2958 2889 2847 2831 111 2720 2557 301 277 54 2256 2182 74 2097 2072 45 62 163 50 1960 324 1636 1595 1504 224 192
is_linear=0
shrinkage=0.05


Tree=89
num_leaves=31
num_cat=0
split_feature=0 7 1 1 3 9 9 7 1 5 1 8 1 8 4 8 9 10 10 9 8 0 8 10 7 8 7 0 10 9
split_gain=2.23234 1.64905 1.3819 1.66833 1.56829 1.19683 2.46442 2.02383 1.90681 1.82294 3.27747 2.01205 1.79451 1.67309 3.56388 2.02514 1.63697 1.55864 2.41888 2.71063 1.99115 1.51378 1.48756 1.39235 1.44235 2.44403 2.33684 2.32607 1.83543 1.75132
threshold=2.229636751043357 2.3040973512739593 2.5289177641824563 2.3776027048635706 1.9458569951648856 -0.76541830991751136 -0.95356234125848871 -0.39932075607923151 -0.3924335263964589 0.22119224682757102 -0.45787841992707229 -0.8511803341228017 -0.64448539392447113 -0.91283737994998082 -0.058196488134231041 -0.89884376613022876 -0.74235959423858899 -1.5267273032082536 -0.82295975939643951 -1.0814296099177512 -0.24157302167868375 -0.19969147626913489 -0.77097453080571288 1.9502346260213264 -0.86679013174991326 0.15993331911688347 -0.82189173216867173 -0.98753960173662036 -1.1159216586835219 -0.4990229505634774
decision_type=2 2 2 2 2 2 2 2 2 2 2 2 2 2 2 2 2 2 2 2 2 2 2 2 2 2 2 2 2 2
left_child=1 2 3 5 -4 6 9 -8 -9 10 12 -12 -1 14 -7 -15 -17 -14 -19 -20 22 -10 -21 24 25 27 -26 -18 -29 -30
right_child=-2 -3 4 -5 -6 13 7 8 21 -11 11 -13 17 15 -16 16 23 18 19 20 -22 -23 -24 -25 26 -27 -28 28 29 -31
leaf_value=-0.051375621767791126 0.051112369849703167 0.038392320580334406 0.052160447079881114 -0.060762786234945187 -0.020823048766714869 -0.051898070503774291 -0.052316593371331613 -0.041121975116187919 -0.01332641259382787 0.050772130479038981 0.018143956929439476 -0.052030750228295113 -0.052404750926291759 0.052618310858985863 0.040284898857981866 0.04447272348350554 -0.051696448752239388 0.064652853613787309 -0.028259984792291207 0.042719691684480102 0.087090633986013744 0.071962332625290323 -0.030078766317359125 0.043026410319008085 -0.052728497574508093 -0.052589698396332422 -0.0021646459684898211 0.068475121849341 0.052301003201494722 0.0014427792480329181
leaf_weight=1.0759836258366746 2.0886124093085519 2.5963108828291288 2.3588606435805555 1.2292656674981106 1.0699273589998481 3.8144955355674028 5.3306062445044518 1.9294072249904273 1.0773084526881578 1.5752078928053368 1.3231221688911317 4.4800668470561531 0.76140516437590555 1.9699294446036208 1.4459209013730276 2.1342191295698276 0.97554279211908479 2.4626625906676081 3.0740480031818178 1.6095899650827048 1.2296538362279426 1.0061569577082972 1.2441267110407355 1.8407669141888607 2.3764945510774771 1.2178733432665456 59.359397704247399 2.2937664696946714 2.4809950813651067 5.3275512047111944
leaf_count=58 120 89 73 16 14 138 186 68 29 27 38 170 23 29 38 35 38 36 95 29 18 15 26 51 82 36 1431 25 42 125
internal_value=-0.000137752 -0.00102481 -0.00189154 -0.002827 0.0293865 -0.00219906 -0.011132 -0.0321263 -0.005306 -0.000717893 -0.00541687 -0.036031 0.0100891 0.000754186 -0.0265599 0.00255076 0.00128638 0.0164596 0.02191 0.00720346 0.0339011 0.0278616 0.010982 7.15911e-05 -0.000996463 0.0146418 -0.00411108 0.022033 0.0291528 0.0176019
internal_weight=122.759 120.671 118.074 114.646 3.42879 113.416 28.1793 9.34348 4.01287 18.8359 17.2607 5.80319 11.4575 85.237 5.26042 79.9765 78.0066 10.3815 9.62008 7.15742 4.08337 2.08347 2.85372 75.8724 74.0316 12.2957 61.7359 11.0779 10.1023 7.80855
internal_count=3200 3080 2991 2904 87 2888 818 298 112 520 493 208 285 2070 176 1894 1865 227 204 168 73 44 55 1830 1779 266 1513 230 192 167
is_linear=0
shrinkage=0.05


Tree=90
num_leaves=31
num_cat=0
split_feature=8 3 5 3 7 5 9 3 6 10 10 9 8 4 8 10 5 11 7 2 10 8 6 8 9 7 7 9 10 6
split_gain=2.05641 1.58489 2.6143 1.51763 1.56466 1.36456 2.4995 1.87017 1.50997 1.72013 2.20234 1.51343 2.01361 2.04969 1.26903 3.35203 2.10856 4.90379 2.32338 2.10656 2.03276 1.89717 1.78918 1.55741 1.37485 4.22392 3.12821 3.42085 2.5761 1.75933
threshold=0.60356886189142001 -0.50033097130084458 -0.51361254214214958 3.4668308112526742 1.4458957296013795 -0.40767023778265582 -0.21562724742404768 0.24875188318419497 2.8655491929641301 1.3648993421860829 1.266104878445238 2.1478198428077238 1.8473808696127203 0.61344965428003506 -0.26158706778672614 -2.0818439501917854 -0.48000511944065 -0.38502760118215218 -0.85179668387755403 -0.24313270829991371 -1.6737416076862408 -0.94934480707556113 -0.6718169499071952 -0.097377268281641602 -0.80354214332994855 -0.71245176654266851 -0.28341948734831429 -1.0583298810847648 -1.3850549924217896 -0.47720457311492176
decision_type=2 2 2 2 2 2 2 2 2 2 2 2 2 2 2 2 2 2 2 2 2 2 2 2 2 2 2 2 2 2
left_child=3 2 -2 4 14 -3 7 -7 9 10 11 -8 13 -13 20 -16 17 -17 -19 -18 -1 -22 -21 -20 25 -23 27 -27 -28 -29
right_child=1 5 -4 -5 -6 6 8 -9 -10 -11 -12 12 -14 -15 15 16 19 18 23 22 21 24 -24 -25 -26 26 28 29 -30 -31
leaf_value=-0.038266640270153016 0.030419888866879432 0.057954207209822001 -0.076838126543029267 -0.074915192223412544 0.03857589035280401 -0.065287833262203082 0.032946000446350258 0.011801594280140977 -0.013164828543098077 0.052031262715223736 -0.044451788993757124 0.018026036401595974 0.053367644121120855 -0.070175970041167698 0.1016397025769219 -0.052966857153341519 -0.039573193173579262 0.10815410327978581 0.061306076591367054 0.05131513862717494 -0.031434132065062535 -0.051884148630838171 -0.018612317293766573 -0.029178630221272369 0.0078050827564834779 0.049080772021520946 0.052807344142052653 0.016822466659509032 -0.052006608545933621 -0.052544219368393458
leaf_weight=3.4660266097635022 1.0373830953612926 1.729018603451556 1.255897019989791 0.74322664923965831 2.1903031552210441 1.6944980975240533 9.0290936008095724 1.4686029450967906 3.2737967837601891 4.1445849100127807 1.3862897865474213 1.2526363693177698 1.054734564386308 1.3891218872740863 0.59802978672087448 1.8871420328505335 10.809817985631527 1.0901585267856719 0.96261709183454514 1.2728930469602344 4.2152763856574884 4.2739736973308053 3.2510458966717062 0.93984512612224047 44.869549026247114 5.0198755823075771 0.7236287668347362 2.036837982013822 3.0873576202429804 1.6582823349162934
leaf_count=106 28 36 19 6 60 37 254 30 67 146 18 27 28 15 9 60 430 11 12 19 158 168 64 28 1063 82 9 39 117 54
internal_value=-0.00014451 0.0115528 -0.0283191 -0.00375257 -0.00317988 0.0150134 0.0120067 -0.0294958 0.018104 0.0237112 0.0153938 0.0219132 -0.00503564 -0.0283534 -0.00419425 -0.0150227 -0.0184743 0.0101521 0.0499549 -0.0275842 -0.000944717 0.00101869 0.00106305 0.0166053 0.00323693 -0.00896376 0.00568105 0.0222044 -0.0321046 -0.0143077
internal_weight=121.812 28.7157 2.29328 93.0959 92.3527 26.4224 24.6934 3.1631 21.5303 18.2565 14.1119 12.7256 3.69649 2.64176 90.1624 20.8115 20.2135 4.87976 2.99262 15.3338 69.3508 65.8848 4.52394 1.90246 61.6695 16.8 12.526 8.715 3.81099 3.69512
internal_count=3200 705 47 2495 2489 658 622 67 555 488 342 324 70 42 2429 633 624 111 51 513 1796 1690 83 40 1532 469 301 175 126 93
is_linear=0
shrinkage=0.05


Tree=91
num_leaves=31
num_cat=0
split_feature=0 7 2 2 6 4 10 6 0 8 6 0 6 7 0 6 10 9 9 7 8 10 0 7 8 9 9 12 5 8
split_gain=2.06897 1.50011 1.36135 1.3339 1.21286 4.70733 2.12372 1.49857 1.87217 1.61943 1.28368 2.793 3.67779 2.24447 2.41188 2.26597 1.96663 2.20474 2.51306 2.07903 2.56185 2.58187 1.84532 1.88661 1.80315 1.53762 2.66408 2.76207 2.08256 1.60327
threshold=2.229636751043357 2.3040973512739593 3.005692153639917 2.8214319521275733 1.2743068180155406 1.3852663352234089 1.3452438030625775 0.6217829664179173 1.3111020490317455 2.2003211571514014 0.083736983521631461 -0.55968212710101473 0.10663255726189894 -0.81485456989272331 -0.69444847158782974 0.39282722901524242 1.2838772422309073 -0.52369610919549026 -0.95356234125848871 -0.93572584240645329 0.44619769500960715 -0.3572196577957536 -0.75288375657835027 -0.42426068045722298 -0.99779796382513897 -1.1185685682044857 -0.98640739684122802 1.0000000180025095e-35 -0.60710728456739205 -0.24157302167868375
decision_type=2 2 2 2 2 2 2 2 2 2 2 2 2 2 2 2 2 2 2 2 2 2 2 2 2 2 2 2 2 2
left_child=1 2 3 4 7 -6 -7 9 -9 10 24 13 -13 -12 15 22 17 18 -14 -19 21 -21 23 -15 -1 -26 27 29 -28 -27
right_child=-2 -3 -4 -5 5 6 -8 8 -10 -11 11 12 16 14 -16 -17 -18 19 -20 20 -22 -23 -24 -25 25 26 28 -29 -30 -31
leaf_value=0.066809390219956258 0.051035946218187689 0.037666849909185375 0.041657128427910153 -0.053118035888785567 0.039970831085434685 0.007611346953999472 -0.07154604299748922 -0.060856878297756656 0.0068448539367845966 0.053234746857136653 -0.052333499964858768 0.095312344280029104 0.015038746975231094 0.030999365152194355 -0.052861971800201059 -0.034966100919089381 0.079460262798018877 0.073464781393995024 -0.052163859094100734 0.018653006842689689 0.06719984496635259 -0.050055566993954165 0.071448643309511839 -0.036152965984626903 -0.035829468519243644 0.020834442135508172 0.075519916492679418 -0.028190903875392588 -0.010245197650588189 0.081931056485437526
leaf_weight=0.82053781766444345 1.9426119858399022 2.4583006743341675 1.7744588637724508 1.2856741938740004 6.4440287528559548 1.6593990921974184 1.7314651124179361 2.4581155502237371 1.7467823289334772 1.2975459564477194 2.7294959370046845 1.4320724513381744 2.84624301828444 3.2363325608894207 1.8639085972681666 2.1093949908390641 1.0041649565100659 1.6163903949782295 2.7211305508390113 4.3030465496704018 1.6265028230845926 2.0040306830778603 1.5918658450245864 1.5453478447161608 4.5472758980467765 2.5483510345220561 0.71703096851704984 1.7166382833383975 55.043082354124678 1.855692693963632
leaf_count=24 120 89 50 17 168 30 18 65 30 33 94 14 68 53 51 80 18 19 90 82 29 62 16 48 158 63 14 54 1514 29
internal_value=-0.0001476 -0.000985014 -0.00180219 -0.00247569 -0.0019006 0.014878 -0.0328085 -0.00349679 -0.0327325 -0.00225725 -0.00299289 0.00549155 0.018523 -0.0120018 -0.00136227 0.00995347 0.0117018 0.00720098 -0.0178075 0.0217802 0.01125 -0.00317867 0.0248201 0.00929701 -0.00685732 -0.00776727 -0.00570514 0.0256081 -0.00914233 0.0465782
internal_weight=120.677 118.734 116.276 114.502 113.216 9.83489 3.39086 103.381 4.2049 99.1761 97.8785 30.6299 17.5536 13.0763 10.3468 8.48294 16.1215 15.1173 5.56737 9.54997 7.93358 6.30708 6.37355 4.78168 67.2486 66.4281 61.8808 6.12068 55.7601 4.40404
internal_count=3200 3080 2991 2941 2924 216 48 2708 95 2613 2580 724 382 342 248 197 368 350 158 192 173 144 117 101 1856 1832 1674 146 1528 92
is_linear=0
shrinkage=0.05


Tree=92
num_leaves=31
num_cat=0
split_feature=0 1 1 1 8 7 1 9 5 6 5 5 1 6 5 9 9 2 7 1 2 8 9 2 7 9 6 6 4 2
split_gain=1.96478 1.42317 1.32937 1.21261 1.34545 2.14257 1.8365 2.0267 1.82408 1.33451 1.84494 2.56853 1.99848 1.23578 2.13264 1.11175 2.11564 2.23067 3.74363 2.71158 2.15021 1.96007 1.79028 2.1189 1.96865 1.43934 3.09153 4.87145 2.16303 2.10646
threshold=2.229636751043357 2.5289177641824563 3.9886130209923598 2.3776027048635706 1.8858833315999268 1.7649713676579768 1.4626685491682803 -1.0000000180025095e-35 0.33239484284624049 2.9685792747953341 0.30507157720566253 0.22119224682757102 0.82683163390910963 -0.030740885179705944 0.75351998877445647 -0.80354214332994855 -0.88111815688133843 -0.59288636449129062 -0.71245176654266851 -0.45787841992707229 -0.52934258735173034 -0.8511803341228017 -0.98640739684122802 -0.50430726856855335 -0.78149296527842593 -0.62618322737723475 0.083736983521631461 0.10663255726189894 -0.61026752394455841 -0.63735761389618728
decision_type=2 2 2 2 2 2 2 2 2 2 2 2 2 2 2 2 2 2 2 2 2 2 2 2 2 2 2 2 2 2
left_child=1 3 -3 4 6 -6 9 -8 -7 10 11 15 13 -12 -15 16 17 18 -1 20 -19 -20 23 -22 -25 29 28 -28 -27 -17
right_child=-2 2 -4 -5 5 8 7 -9 -10 -11 12 -13 -14 14 -16 25 -18 19 21 -21 22 -23 -24 24 -26 26 27 -29 -30 -31
leaf_value=-0.052359123365242483 0.050985204597099237 0.052114497489691436 -0.013132374521643207 -0.048869151368934605 0.041207723432535565 -0.050033308115263825 -0.030906755645223955 0.052334667120659942 0.024827020709707603 0.052902979468823663 -0.033947987590131457 0.05104014425264948 -0.067888733191724129 -0.027740434694423895 0.05051425495149791 0.0889568933334456 -0.052445658525999875 -0.051545579963472477 0.082703234500735398 -0.051574472173951981 0.086230288424468449 0.015912822239506134 -0.051504594164573793 -0.052243286278574691 0.024125744890602159 0.040238076521488537 0.10709901506951761 0.0051607695564688692 -0.016200501788480329 0.0091481973501609335
leaf_weight=1.5442568217404185 1.8496623309329141 2.3443507170304652 1.1704199034720657 1.3586680702865113 4.4799319216981521 1.6055822037160399 0.98191167600452933 2.8640850260853759 1.649945283308625 1.0157967060804356 3.5322478115558624 2.1832744218409053 2.1763443602249026 1.90930137131363 1.6004235427826641 0.89327261969447036 3.0095685659907749 1.8165478641167307 1.5829271720722311 4.3776183938607547 1.0107672936283068 3.5890169139020194 1.0156804556027017 1.0967938732355849 3.659383099526166 1.7919694036245264 1.2496696971356893 18.854097785428166 32.255853621289148 11.107842302881172
leaf_count=50 120 80 22 19 108 21 13 88 43 25 85 38 34 43 39 12 110 86 18 194 23 69 44 36 74 35 10 439 960 262
internal_value=-0.000147166 -0.000950526 0.0303873 -0.00191491 -0.00134962 0.0187757 -0.0028306 0.0310825 -0.0120931 -0.00411851 -0.00469625 -0.00253792 -0.0260115 -0.0130693 0.00794346 -0.00385439 -0.0134014 -0.00743452 0.0159567 -0.0195408 -0.00323325 0.0363547 0.00970594 0.0204864 0.00651473 -0.000577997 -0.00405003 0.0114973 -0.0132301 0.0150886
internal_weight=119.577 117.728 3.51477 114.213 112.854 7.73546 105.119 3.846 3.25553 101.273 100.257 91.0385 9.21832 7.04197 3.50972 88.8553 22.7026 19.693 6.7162 12.9768 8.59917 5.17194 6.78262 5.76694 4.75618 66.1527 54.1516 20.1038 34.0478 12.0011
internal_count=3200 3080 102 2978 2959 172 2787 101 64 2686 2661 2460 201 167 82 2422 704 594 137 457 263 87 177 133 110 1718 1444 449 995 274
is_linear=0
shrinkage=0.05


Tree=93
num_leaves=31
num_cat=0
split_feature=0 7 2 2 3 7 3 3 1 1 3 3 5 10 5 5 7 1 10 12 0 1 5 10 1 3 4 8 8 3
split_gain=1.86588 1.39351 1.24764 1.11421 1.22593 2.00123 2.09042 1.97551 5.65802 2.36257 2.50844 1.90879 3.71941 2.74189 1.83493 3.46089 1.68614 2.07192 1.70653 3.43478 2.83142 2.83722 2.71828 2.00073 3.0319 2.80821 3.61966 2.31755 2.8323 1.91714
threshold=2.229636751043357 2.3040973512739593 3.005692153639917 2.8214319521275733 -0.16485053153286366 -0.63945649945877059 -0.15565614287903204 -0.26513437044509197 -0.66930197890938004 -0.66423068467975754 -0.26917560116164635 0.0088618594171846424 0.22119224682757102 -1.5267273032082536 -0.14960298767096739 -0.18733055182254107 1.3838853872389729 -0.28055188791295255 -0.21179715288573966 -0.74002698477181994 0.077046697253584678 -0.34078759657712226 -0.49280438539099541 0.0097951678780547873 -0.61872406178361861 -0.41386777615773901 -0.49463669941341698 -0.22184342173987096 -0.83810320982279396 -0.50592460394468752
decision_type=2 2 2 2 2 2 2 2 2 2 2 2 2 2 2 2 2 2 2 2 2 2 2 2 2 2 2 2 2 2
left_child=1 2 3 4 7 11 -7 9 -9 -1 14 12 13 -6 15 16 17 18 19 22 21 23 -11 27 29 26 -26 28 -20 -25
right_child=-2 -3 -4 -5 5 6 -8 8 -10 10 -12 -13 -14 -15 -16 -17 -18 -19 20 -21 -22 -23 -24 24 25 -27 -28 -29 -30 -31
leaf_value=-0.051190796682585964 0.050936961499412806 0.037008857492340501 0.040951853611770235 -0.047732510943771095 0.071691229648067456 0.07123055663974262 0.0082131731970804464 0.07053121322509158 -0.038089867380311879 -0.052004064379637151 0.078551155999780478 -0.051596566516138469 0.10177525945677179 -0.038790247735878712 -0.056645469999434234 0.044349851534060007 0.050073580337527096 -0.025818755828133262 0.073444172216500833 -0.027175122588142309 -0.051802645253938386 0.078078674273909021 0.027219180811946377 0.091548987474064619 -0.054491077167944928 -0.052690990581245926 0.026081102620233321 0.090884104564032592 -0.01948249581144916 0.010959854181497513
leaf_weight=2.3566220444627026 1.7610776163637627 2.3729074578732243 1.6890000673010934 1.3359937537461508 0.68554317485541139 1.3774531595408941 29.492787663824856 1.3648171410895873 9.8608197011053615 1.2859882209450004 0.99561137240380659 2.6873308327049017 0.76919296197593201 3.1056196247227481 1.4698364175856102 4.0733212679624549 1.4305507317185391 9.6727429698221439 1.3013629009947179 12.299862275365738 1.7238117409870017 1.6358700422570134 6.8511012624949092 1.2143509835004809 1.9248293898999742 3.2032165238633619 5.0536796655505887 1.4036120865494073 2.2166609093546872 1.8812050819397033
leaf_count=134 120 89 50 17 10 19 704 28 331 44 20 124 5 124 51 63 29 269 15 364 70 23 136 19 56 94 87 16 52 37
internal_value=-0.000145461 -0.000916092 -0.00170299 -0.0023424 -0.00179774 0.0054739 0.0110251 -0.00558332 -0.0248837 -0.0020885 -0.000148189 -0.0181703 0.00152718 -0.0188123 -0.00148433 -6.61948e-05 -0.00347344 -0.00495601 -0.000150737 -0.0105028 0.00966274 0.0150046 0.0146987 0.00933499 -0.000758499 -0.0139329 0.00385749 0.0365646 0.0148923 0.042574
internal_weight=118.497 116.736 114.363 112.674 111.338 38.1179 30.8702 73.2199 11.2256 61.9942 59.6376 7.24769 4.56036 3.79116 58.642 57.1722 53.0988 51.6683 41.9956 20.437 21.5586 19.8348 8.13709 18.1989 13.2773 10.1817 6.97851 4.92164 3.51802 3.09556
internal_count=3200 3080 2991 2941 2924 986 723 1938 359 1579 1445 263 139 134 1425 1374 1311 1282 1013 544 469 399 180 376 293 237 143 83 67 56
is_linear=0
shrinkage=0.05


Tree=94
num_leaves=31
num_cat=0
split_feature=3 6 7 3 8 3 3 10 3 1 1 3 6 3 3 2 6 3 8 6 8 10 9 11 12 6 8 6 6 10
split_gain=1.54791 2.24143 2.11125 1.82861 1.81445 2.15097 1.80739 2.18683 1.78622 5.1692 2.19725 2.22423 1.79867 1.42263 2.21319 1.7477 1.5687 2.91174 2.3364 2.06616 2.34387 1.9631 2.23077 1.83108 1.79784 1.59647 1.58752 2.90035 2.74606 2.80985
threshold=-0.16485053153286366 1.1312094821388687 -0.63945649945877059 0.0088618594171846424 -0.89884376613022876 -0.098704346683534894 -0.0094966540357088319 -1.429903349630997 -0.26513437044509197 -0.66930197890938004 -0.66423068467975754 -0.26917560116164635 0.6217829664179173 -0.5673752561669626 -0.62365221120064573 -0.60942377085899468 0.083736983521631461 -0.55428211222392354 0.26396248560035551 0.41572280275550993 -0.3905482533952343 -0.82295975939643951 -0.75775560443221923 -1.2993788618744622 1.0000000180025095e-35 0.16387149161256767 -0.45097457947957148 -0.48865235998505546 -0.76339924486826516 -0.20462884119722452
decision_type=2 2 2 2 2 2 2 2 2 2 2 2 2 2 2 2 2 2 2 2 2 2 2 2 2 2 2 2 2 2
left_child=1 8 3 6 5 -4 7 -2 10 -10 -1 12 13 14 15 -12 24 -18 19 20 21 -19 -23 -21 26 -22 27 -15 29 -28
right_child=2 -3 4 -5 -6 -7 -8 -9 9 -11 11 -13 -14 16 -16 -17 17 18 -20 23 25 22 -24 -25 -26 -27 28 -29 -30 -31
leaf_value=-0.051132178754668772 0.069268268556339815 0.05288552994902658 0.10611786031754614 -0.051518290111144241 0.0094235554838200033 0.001580268449986896 0.078932227667348434 -0.029153399816715938 0.064915928083361343 -0.037733534796784096 0.079914033767865156 0.071366558510174996 -0.057800989425101437 -0.036094192949754987 -0.056341265382772079 -0.028955486909958653 0.089957703089784624 0.061997000169073641 0.063576735711079413 0.025854516416788723 0.022018896139420763 -0.052423089075956823 0.026455195997727027 -0.052030664533365037 -0.02089318912810564 -0.05439385547713417 -0.0067579123946706569 0.013789475128195948 -0.0058038492386166497 0.069964974615739209
leaf_weight=2.2441932670772067 0.68727626651525531 1.6576556423678983 1.081990599632263 2.5600541303865612 34.842249631881714 0.90252790786325832 0.64437476545572181 3.1562625668011606 1.4075713916681696 9.5312408036552352 0.66820995509624481 1.0508930440992177 1.4105513719841827 5.4785679988562972 2.6430514361709276 0.82223654584959127 1.1715643182396913 2.6610720576718467 1.7135098529979575 1.0487320395186546 1.0992836356163018 1.1452376125380412 4.1245726924389592 2.6909888768568626 11.329171890392898 1.8074219757691024 1.8316638171672819 6.2245400957763195 6.2520837001502603 3.424484595656395
leaf_count=134 9 56 14 124 903 31 10 120 28 331 7 21 39 178 119 35 7 30 29 24 17 35 58 98 334 45 52 136 141 35
internal_value=-0.000156587 -0.00459589 0.00727402 -0.0177976 0.0120723 0.0585758 0.00143777 -0.0115543 -0.00592333 -0.0245249 -0.00257894 -0.000719433 -0.00203583 -0.000634608 -0.028867 0.0198538 0.00160947 0.0138229 0.00834766 0.00185568 0.0129134 0.0269904 0.00931333 -0.0301893 -0.0045652 -0.0254954 0.0034043 -0.00956253 0.0165907 0.0432286
internal_weight=117.313 73.4385 43.8747 7.04797 36.8268 1.98452 4.48791 3.84354 71.7808 10.9388 60.842 58.5978 57.5469 56.1364 4.1335 1.49045 52.0029 17.4624 16.2908 14.5773 10.8376 7.93088 5.26981 3.73972 34.5405 2.90671 23.2113 11.7031 11.5082 5.25615
internal_count=3200 1989 1211 263 948 45 139 129 1933 359 1574 1440 1419 1380 161 42 1219 343 336 307 185 123 93 122 876 62 542 314 228 87
is_linear=0
shrinkage=0.05


Tree=95
num_leaves=31
num_cat=0
split_feature=0 7 2 2 1 2 2 8 8 7 7 4 1 4 2 0 0 1 2 7 2 4 6 9 9 1 0 8 0 0
split_gain=1.75659 1.27957 1.13578 1.0045 1.13319 2.61321 2.17171 2.1323 1.77527 2.42255 2.06038 1.88852 1.76514 1.24519 1.32161 1.22194 1.57498 2.99039 1.71039 2.03568 1.9333 1.65492 1.63155 1.46696 3.14698 2.0791 2.09486 2.07812 2.81823 3.33189
threshold=2.229636751043357 2.3040973512739593 3.005692153639917 2.8214319521275733 1.0168475337475449 2.2738930693361579 1.9145585702752566 1.7240782338737346 2.0563023314174669 1.69023434397695 0.63484350145758528 2.2029042013387161 0.86024861378846029 0.93383325107905379 -0.639735105464044 0.54335610264837564 0.36497072049860563 -0.28389689616095876 -0.60942377085899468 0.1359049844254058 -0.59782257499795122 -0.42175415170415292 0.38137944214510872 -0.80354214332994855 -0.98640739684122802 -0.45787841992707229 -0.59070947984302158 -0.81093604403492547 -0.74657034756074236 -0.83875985386597141
decision_type=2 2 2 2 2 2 2 2 2 2 2 2 2 2 2 2 2 2 2 2 2 2 2 2 2 2 2 2 2 2
left_child=1 2 3 4 5 7 8 12 11 10 -10 -6 13 14 -1 16 18 21 19 22 -20 -18 -16 24 25 26 -22 28 29 -25
right_child=-2 -3 -4 -5 6 -7 -8 -9 9 -11 -12 -13 -14 -15 15 -17 17 -19 20 -21 23 -23 -24 27 -26 -27 -28 -29 -30 -31
leaf_value=-0.039943138363500358 0.050885269136169246 0.036118422738365186 0.039935506231080449 -0.044880558796490652 0.032197818564028896 -0.05860065394600894 0.052728059847303492 0.038966834344455775 -0.049628512238585505 -0.080188563494882709 0.052227780490111356 -0.035987967033994026 -0.075848497680697485 0.045148606781469112 0.022874176625666931 -0.023635353083777899 0.034457704534091201 0.097107619977949325 -0.051619503597056471 -0.05209631102878548 0.03381973185581879 -0.051532129662514053 -0.031740630287868034 -0.021786225841159947 -0.051694643849727287 -0.037493025385320518 -0.022875455227609285 0.0054516530977286428 -0.044974440385874365 0.074934228303198444
leaf_weight=2.4480165764689295 1.6608627894893278 2.2869481146335593 1.6174345798790444 1.3659367989748705 4.7504918957129103 2.1071776449680319 2.6480765659362069 3.0296676065772763 0.89578584115952331 1.3287971485406158 1.1138404719531534 1.2915775533765552 0.83917842991650005 1.3233157712966193 13.133184020873143 6.4531707712449125 1.3534450582228603 1.16758308187127 2.2626993535086362 1.142846272792666 4.3667556722648433 0.95387070160359178 1.5264074150472868 2.6575870299711828 4.7560095177031902 2.9370279042050234 2.5990640260279179 35.591429681517255 5.3059985232539315 1.3390730051323769
leaf_count=77 120 89 50 17 133 25 75 60 13 19 35 18 12 31 239 187 30 18 105 38 101 43 46 79 213 135 89 896 185 22
internal_value=-0.000166777 -0.000906708 -0.00166067 -0.0022685 -0.00173608 -0.003526 0.0127417 -0.00230679 0.00145374 -0.0278088 0.0068256 0.0176221 -0.00366366 -0.00300031 -0.00370831 -0.00269509 -0.00102872 0.0319039 -0.00250309 0.0121768 -0.00625584 -0.00109148 0.0171875 -0.00453225 -0.0182654 -0.00221051 0.0126658 -4.80815e-05 -0.0210897 0.0106198
internal_weight=116.253 114.592 112.305 110.688 109.322 97.2935 12.0286 95.1863 9.38049 3.33842 2.00963 6.04207 92.1567 91.3175 89.9942 87.5462 81.093 3.4749 77.6181 15.8024 61.8156 2.30732 14.6596 59.5529 14.6589 9.90285 6.96582 44.8941 9.30266 3.99666
internal_count=3200 3080 2991 2941 2924 2631 293 2606 218 67 48 151 2546 2534 2503 2426 2239 91 2148 323 1825 73 285 1720 538 325 190 1182 286 101
is_linear=0
shrinkage=0.05


Tree=96
num_leaves=31
num_cat=0
split_feature=0 11 0 2 3 5 7 6 0 4 4 6 6 4 4 6 0 5 12 0 2 6 7 10 12 10 7 9 12 2
split_gain=1.6683 1.20794 1.5534 1.15081 1.09061 1.94831 1.49724 0.96255 1.30944 4.36989 2.92147 2.59914 2.3034 2.13356 3.42214 2.28994 2.71054 2.48871 2.32178 2.25638 3.17082 4.81974 2.55435 3.13036 2.41367 2.27032 2.32819 1.87887 4.42416 1.67918
threshold=2.229636751043357 1.4436749202024679 2.0229533401720441 2.3286866434053652 -0.5673752561669626 -0.60710728456739205 0.74021918961436672 -1.1869673590632133 -0.77737289144586874 -0.29355422887269261 -0.054494291094055118 0.31269272092430628 -0.8320859660890676 -0.3583857906035775 -0.37927890629068789 0.32414050779444004 -0.44227187395058193 -0.4851209774912994 1.0000000180025095e-35 -0.43766492532122853 -0.58173737654744118 -0.72905588425786394 -0.4633307831572554 0.18400310009189699 -0.74002698477181994 -0.40053135100456505 -0.90384931230399512 -0.61242554813479133 -0.74002698477181994 -0.55069853381578837
decision_type=2 2 2 2 2 2 2 2 2 2 2 2 2 2 2 2 2 2 2 2 2 2 2 2 2 2 2 2 2 2
left_child=1 4 3 -3 5 -1 -7 -6 9 -9 11 12 -11 14 15 19 -17 -18 -19 22 21 -21 25 24 -24 26 -10 -14 -29 -15
right_child=-2 2 -4 -5 7 6 -8 8 13 10 -12 -13 27 29 -16 16 17 18 -20 20 -22 -23 23 -25 -26 -27 -28 28 -30 -31
leaf_value=0.032350401917781761 0.050841946006370313 0.052835778803667389 -0.032834853018952274 -0.0040522540976342921 0.018915349174756846 -0.057459531509722765 0.040228975523971235 -0.036863037766202422 0.081433324492917486 -0.051786034581289477 -0.036260963632176617 -0.052253695503146437 0.064891002698900552 -0.022540649242161856 0.056008779223139106 -0.027615974515930831 0.10654529629202003 -0.019078336281893787 0.070878132006314473 0.082120756562433575 -0.038532383779941476 -0.033581447813602318 0.044104949058336208 0.080979601468338616 -0.052250350709012128 -0.052717355822624191 -0.022821962370697939 0.061847993028857517 -0.051992588884171742 -0.0003349187766658052
leaf_weight=1.0836365930736063 1.5811738269403566 2.9758058218285433 1.0216528214514253 1.2677250271663068 5.7521776659414163 2.9730718652717765 0.45184544194489706 10.195902185514571 0.92661184910684857 0.75248090364038844 2.8615282815881065 1.0492255315184591 3.7179843243211494 11.17758377175778 3.7750450875610104 1.3950434634461997 1.4276171056553715 1.4391284007579086 1.4300650460645554 1.6528562465682628 6.9607448894530499 1.9762838557362608 1.4786144234240057 2.3637805031612515 1.1596613274887255 1.973646270111203 1.2687175730243323 2.0240454934537402 1.4756694315001384 35.71955015975982
leaf_count=25 120 87 16 21 119 150 14 361 14 32 131 38 48 387 54 36 14 37 32 20 206 56 19 24 35 56 35 28 56 929
internal_value=-0.000163779 -0.00087292 0.0225151 0.0358409 -0.00200826 -0.0260833 -0.0445716 -0.000964112 -0.00212855 -0.0128499 0.00775758 0.0217231 0.0314616 0.000980715 0.0115838 0.00499491 0.0329391 0.0525995 0.0257578 -0.00305402 -0.018777 0.019114 0.0151015 0.0391918 0.00175171 -0.0138027 0.0211825 0.0401406 0.0138466 -0.00562749
internal_weight=115.309 113.728 5.26518 4.24353 108.463 4.50855 3.42492 103.954 98.2018 22.0768 11.8809 9.01941 7.97018 76.1249 29.2278 25.4528 5.69185 4.29681 2.86919 19.7609 10.5899 3.62914 9.17103 5.00206 2.63828 4.16898 2.19533 7.2177 3.49971 46.8971
internal_count=3200 3080 124 108 2956 189 164 2767 2648 694 333 202 164 1954 638 584 119 83 69 465 282 76 183 78 54 105 49 132 84 1316
is_linear=0
shrinkage=0.05


Tree=97
num_leaves=31
num_cat=0
split_feature=0 7 2 1 7 8 3 5 1 2 8 2 10 6 2 2 4 3 3 6 1 10 1 1 5 4 7 2 4 3
split_gain=1.58528 1.17126 1.05048 0.904308 0.920469 1.637 1.15251 1.93039 1.11579 3.45155 2.18961 1.48505 1.25162 1.13802 0.960502 1.52753 1.23619 0.984542 2.41066 2.88534 3.35701 3.48222 2.38249 1.2847 1.25445 2.7881 2.38311 1.78959 2.17934 2.42969
threshold=2.229636751043357 2.3040973512739593 3.005692153639917 -0.68499479762380366 2.1807425792161284 2.3775163797786161 -0.5673752561669626 -0.60710728456739205 1.6278516238823164 2.2738930693361579 1.7240782338737346 1.6891274532491829 0.76625217621423258 1.1884484164895375 1.3709909236108508 0.47789862653776172 0.61344965428003506 -0.48184563559686372 -0.50033097130084458 0.55309624519711487 -0.59161367624155514 -0.041398772367113125 -0.5435585705320255 -0.47502080842484701 -0.30656547708617171 -0.56250666843031716 -0.28341948734831429 -0.60942377085899468 -0.39425375956085723 -0.3577349179421499
decision_type=2 2 2 2 2 2 2 2 2 2 2 2 2 2 2 2 2 2 2 2 2 2 2 2 2 2 2 2 2 2
left_child=1 2 3 -1 5 6 7 -5 9 10 14 12 -10 -14 15 17 -16 18 19 20 21 -8 -20 -24 26 -26 27 -19 -29 -30
right_child=-2 -3 -4 4 -6 -7 8 -9 11 -11 -12 -13 13 -15 16 -17 -18 24 22 -21 -22 -23 23 -25 25 -27 -28 28 29 -31
leaf_value=-0.0509700279698607 0.05080075183674726 0.035242141257231796 0.039106073116919916 0.029688193724469548 -0.035891153712821658 0.036749551008960213 -0.026111910810394823 -0.048020733333966698 0.052509245705782442 -0.055968681040774161 0.049284898710758945 0.052940135067091734 -0.040748917487348546 0.020871540004006896 0.00051483322540159238 0.052172776086100714 -0.054926166570135541 0.020638913084130274 -0.023604608378755942 0.07936937380857681 -0.029520134795929322 0.077312492880932809 0.09081652107241972 0.03089333446105464 0.050295996698944592 -0.0023434869921054448 -0.040633736131361842 -0.040168171061865619 0.017904836895213449 -0.037004116080473173
leaf_weight=0.94062783196568389 1.5052479524165381 2.2035576943308106 1.5645801024511445 1.0784881571307776 1.9367278171703208 2.780645045451819 1.4652437316253784 3.0858176820911458 0.9217302026227111 2.9135557264089575 2.1410351088270536 2.1633247518911958 1.7247873144224288 1.3247720971703527 2.1244160998612633 1.3419012650847424 1.9089304786175487 5.181204517371957 1.1351919830776749 0.97554572392255146 7.2538124863058329 1.8307236377149818 1.7121300082653759 1.8728508101776093 2.6935392059385626 38.056886827107562 5.9754813988692908 5.0309677971527025 6.4097250495106008 2.9381885724142114
leaf_count=65 120 89 50 24 36 69 50 155 28 37 51 57 29 33 37 42 21 93 32 13 164 23 15 38 38 1149 210 158 151 123
internal_value=-0.000171864 -0.000852748 -0.00157265 -0.00215699 -0.00173177 -0.00110788 -0.00212732 -0.0278954 -0.00104447 -0.00240741 -0.0006744 0.0196089 0.00145197 -0.0139801 -0.0018912 -0.00074508 -0.0257247 -0.00160549 0.00942569 -0.00290036 -0.0105079 0.0313345 0.0395224 0.0595117 -0.00430903 0.0011359 -0.0129982 -0.00455572 -0.0136342 0.000646135
internal_weight=114.192 112.686 110.483 108.918 107.978 106.041 103.26 4.16431 99.0959 92.9613 90.0478 6.13461 3.97129 3.04956 87.9067 83.8734 4.03335 82.5315 16.2455 11.5253 10.5498 3.29597 4.72017 3.58498 66.286 40.7504 25.5356 19.5601 14.3789 9.34791
internal_count=3200 3080 2991 2941 2876 2840 2771 179 2592 2445 2408 147 90 62 2357 2299 58 2257 335 250 237 73 85 53 1922 1187 735 525 432 274
is_linear=0
shrinkage=0.05


Tree=98
num_leaves=31
num_cat=0
split_feature=0 1 3 1 10 10 3 4 6 6 0 6 1 4 2 8 8 6 4 4 6 9 6 1 10 6 1 4 10 1
split_gain=1.50569 1.10881 1.28949 1.0362 1.15229 0.898568 0.944185 1.98513 1.4797 2.09257 1.64526 1.48534 2.09261 1.35858 1.1705 1.13793 1.88491 1.00975 0.907507 1.3757 1.06947 2.17469 2.1686 2.05176 1.98932 1.98186 3.97688 1.79128 2.05571 2.06953
threshold=2.229636751043357 2.5289177641824563 1.9458569951648856 2.3776027048635706 1.9502346260213264 1.8147072367158077 2.5549216383180724 1.7559896087907816 1.3086501786259419 3.1631916515876077 1.869841407555904 0.6217829664179173 1.2799681179653957 0.091338752492548012 1.6418887094453607 1.8231348425794385 1.2157615841930407 -1.0000000180025095e-35 -0.62050816202769388 -0.61026752394455841 0.083736983521631461 0.81103858648067917 0.10663255726189894 -0.059821534223506855 1.2838772422309073 -0.11087539327064211 -0.29543068525098165 -0.042052330150773802 0.066389910300646462 -0.37815479250684786
decision_type=2 2 2 2 2 2 2 2 2 2 2 2 2 2 2 2 2 2 2 2 2 2 2 2 2 2 2 2 2 2
left_child=1 3 -3 4 5 6 7 8 11 10 -10 12 15 14 -13 16 18 -8 -1 -20 21 23 -22 25 27 -21 -27 28 -24 -30
right_child=-2 2 -4 -5 -6 -7 17 -9 9 -11 -12 13 -14 -15 -16 -17 -18 -19 19 20 22 -23 24 -25 -26 26 -28 -29 29 -31
leaf_value=-0.045475543009174287 0.050761580994809014 0.051659943645138276 -0.015382905980782719 -0.044744554344007967 0.036581118161410596 -0.052603309979298268 -0.012822893026382216 -0.046905660120678309 0.052697906397238953 -0.051225931036047889 -0.011017500423200887 -0.021268164763765099 0.052419554129542717 0.0097091945152148629 -0.094789189379050121 0.046044058623111006 -0.05187171965305068 0.053550868746679615 0.03430815567859323 0.0017314136549267979 0.0543079321262675 -0.047407444811998371 0.01149435414289085 -0.050025492675440313 0.059961039775878799 -0.0519244206016308 0.045744081145058769 -0.039910375179197946 -0.052053399286547897 0.014686371157954887
leaf_weight=1.1850317846983518 1.4329131715930987 2.0639021554961796 1.0991993211209772 1.3784161787480105 1.989580042194574 0.86418395489454169 0.90577031578868661 2.4185271449387065 3.6817386392503968 0.81317227706313122 1.3978556757792828 1.0638443795032797 1.77118919789791 1.0923719047568736 1.1022840607911346 1.1925109345465887 1.9395083561539639 1.5597309255972494 2.6117185298353283 43.030953682027743 2.100931339897218 3.0825455803424111 16.341844108887027 2.3280438156798899 1.3735310621559609 4.495518836658448 1.3568224180489767 2.7460769959725431 2.9268588772974908 1.9258618708699931
leaf_count=56 120 84 18 19 66 19 15 35 114 15 30 47 58 30 8 29 34 39 25 1235 26 112 348 113 18 173 30 130 113 41
internal_value=-0.000167233 -0.000819744 0.0283621 -0.0016691 -0.00111573 -0.00182793 -0.00140781 -0.002147 -0.00105971 0.0232427 0.035164 -0.00258861 -0.00139327 -0.035754 -0.058681 -0.00246858 -0.00313016 0.0291666 -0.00202456 -0.00141391 -0.00255571 -0.00662051 0.00549436 -0.00416544 0.00144312 -0.00198138 -0.0292807 -0.00191419 0.00300879 -0.0255669
internal_weight=113.272 111.84 3.1631 108.676 107.298 105.308 104.444 101.979 99.5602 5.89277 5.07959 93.6674 90.4089 3.2585 2.16613 88.6378 87.4452 2.4655 85.5057 84.3207 81.709 54.2939 27.4151 51.2113 25.3142 48.8833 5.85234 23.9406 21.1946 4.85272
internal_count=3200 3080 102 2978 2959 2893 2874 2820 2785 159 144 2626 2541 85 55 2483 2454 54 2420 2364 2339 1663 676 1551 650 1438 203 632 502 154
is_linear=0
shrinkage=0.05


Tree=99
num_leaves=31
num_cat=0
split_feature=0 7 2 2 1 10 2 8 2 8 4 10 1 4 2 0 2 10 0 1 10 2 2 9 0 0 4 11 11 6
split_gain=1.43008 1.06517 0.959589 0.865279 0.878872 2.3291 2.63183 2.33739 1.92407 1.77347 1.62777 2.10958 1.40741 1.12181 1.24568 1.05129 1.43848 1.77274 1.42887 2.55246 1.65703 1.60035 1.80308 1.37667 2.03928 2.22741 1.63771 1.73808 1.56586 1.55176
threshold=2.229636751043357 2.3040973512739593 3.005692153639917 2.8214319521275733 1.0168475337475449 0.76625217621423258 1.9145585702752566 2.0563023314174669 2.2738930693361579 1.7240782338737346 2.2029042013387161 0.99950719432831769 0.86024861378846029 0.93383325107905379 -0.639735105464044 0.54335610264837564 -0.33688123024890454 0.28660621759209054 0.36497072049860563 -0.28389689616095876 -0.41697723392695651 -0.60942377085899468 -0.59782257499795122 -0.68389673277621854 -0.44563268767116926 -0.63741586323299426 -0.34346383809702669 -0.38502760118215218 1.0000000180025095e-35 -0.90077268730987003
decision_type=2 2 2 2 2 2 2 2 2 2 2 2 2 2 2 2 2 2 2 2 2 2 2 2 2 2 2 2 2 2
left_child=1 2 3 4 8 -6 7 10 9 12 11 -7 13 14 -1 18 -17 -18 21 20 -20 23 -23 26 25 28 29 -28 -25 -16
right_child=-2 -3 -4 -5 5 6 -8 -9 -10 -11 -12 -13 -14 -15 15 16 17 -19 19 -21 -22 22 -24 24 -26 -27 27 -29 -30 -31
leaf_value=-0.03938308738643552 0.050724333055961107 0.034466075437006534 0.03824291638432839 -0.04123248330577628 0.04751890113396913 -0.040169621265970457 0.052508499693003002 -0.056544596887926117 -0.049635294202584758 0.037269820744231567 -0.045318628817168846 0.052422121813816371 -0.067089004659667537 0.043704475421623916 0.088267898688641183 -0.051403703455300521 0.034575322692288406 -0.034034221925428224 0.035877877073915765 0.090401322128188841 -0.051439753346787666 -0.05149355458308677 -0.0042171619145885833 -0.051831273461600158 -0.051855853173437695 0.047706207712194748 0.027150169195589203 -0.052311404379305454 0.014193153346434 0.026362748351144889
leaf_weight=2.3263541050255148 1.3640048289671529 2.1023152275010935 1.5004820069298137 1.388688564300536 3.2342485990375271 0.87123467493802165 1.7136458503082392 2.3827571533620358 2.1692190654575816 2.7888785004615775 1.1300415676087139 2.0929862717166543 0.8542496245354404 1.2888764590024937 1.4514302648603914 2.5008527673780918 1.7398081347346299 2.0518283350393176 1.3041677484288814 1.1798202954232682 0.93134699575603042 2.0895779104903189 57.915010874625338 1.5656250757165251 1.6605746806599038 2.4357372727245097 1.8607861520722511 1.09202856849879 2.1059404974803329 3.3459523874334991
leaf_count=77 120 89 50 17 104 14 52 38 25 60 13 72 12 31 9 127 28 32 28 18 45 105 1720 63 62 34 25 38 45 47
internal_value=-0.000160894 -0.000785769 -0.00146586 -0.00202026 -0.00150694 0.0115928 -0.00259337 -0.0171718 -0.00308804 -0.00199633 0.0057421 0.0252078 -0.00321716 -0.00260303 -0.0032847 -0.0022994 -0.0219676 -0.00255245 -0.000731559 0.0309017 -0.00049988 -0.0021621 -0.0058635 0.0121503 -0.00272521 0.0106334 0.0270597 -0.00223681 -0.0139609 0.0450919
internal_weight=112.438 111.074 108.972 107.472 106.083 11.4249 8.19067 6.47702 94.6581 92.4888 4.09426 2.96422 89.7 88.8457 87.5568 85.2305 6.29249 3.79164 78.938 3.41534 2.23551 75.5227 60.0046 15.5181 7.76788 6.1073 7.7502 2.95281 3.67157 4.79738
internal_count=3200 3080 2991 2941 2924 293 189 137 2631 2606 99 86 2546 2534 2503 2426 187 60 2239 91 73 2148 1825 323 204 142 119 63 108 56
is_linear=0
shrinkage=0.05


Tree=100
num_leaves=31
num_cat=0
split_feature=0 11 1 1 3 3 2 6 1 2 3 2 1 0 0 0 0 0 0 7 6 7 3 10 2 0 12 10 6 10
split_gain=1.35831 1.04062 1.63681 1.26647 0.963826 1.4079 1.49674 0.874776 1.566 1.1787 1.69788 1.36134 2.03384 1.09087 0.9074 2.0859 1.19039 1.24895 1.71941 1.08446 1.86477 1.771 1.69193 1.80609 2.85785 2.68891 2.53806 2.69487 2.20138 2.15183
threshold=2.229636751043357 1.4436749202024679 1.0168475337475449 0.51059301419218339 -0.5673752561669626 -0.62365221120064573 -0.60942377085899468 -1.1869673590632133 -0.43921187833385439 -0.63735761389618728 -0.52413852557926865 -0.6359645736234969 -0.67070641144816523 -0.64656666868414325 2.1432782136874171 1.9028524291508331 1.7996030111991581 1.5805432220787325 1.530513257050377 -0.64357903728272348 -0.95801162166053866 -0.67882961159346678 0.0088618594171846424 -0.42676470119664667 -0.23323661230895307 -0.52374606631629861 -0.74002698477181994 -0.041398772367113125 0.083736983521631461 -0.5500091215934656
decision_type=2 2 2 2 2 2 2 2 2 2 2 2 2 2 2 2 2 2 2 2 2 2 2 2 2 2 2 2 2 2
left_child=1 4 3 -3 5 6 -1 8 13 10 -9 -11 -13 -6 15 16 17 18 19 20 -14 22 23 24 29 -25 -27 -28 -29 -22
right_child=-2 2 -4 -5 7 -7 -8 9 -10 11 -12 12 14 -15 -16 -17 -18 -19 -20 -21 21 -23 -24 25 -26 26 27 28 -30 -31
leaf_value=0.066312140931395966 0.050688912938807319 0.030162148679768949 0.052652698984118868 -0.039222739328280215 0.055906046481340871 -0.047139360632257099 -0.032006982703599939 0.0346391137354767 -0.025200772965613058 0.074623262859966344 -0.051848524793354306 -0.051188079079294804 -0.05166211296242143 0.0042351081175099137 -0.041901906145884481 0.05258339621828665 -0.038518091563071927 0.044172577053268547 -0.052760227852032687 0.0045622415648078471 0.014798992340647979 -0.052404263731773884 -0.051446319878340266 -0.034031135163363799 -0.052996767727889353 -0.034244410555889941 -0.024191039770592029 0.020687209016802821 0.10743854651967658 0.072989048567238049
leaf_weight=0.70833796728402376 1.2983653140254308 1.2915671691298478 2.2881554150953889 1.3399965725839136 2.4096462968736883 2.6802539988420895 0.85350781073793747 0.73828701302409205 1.5239144144579757 0.59243686031550069 2.4525469634681931 2.0074454830028108 2.2078463784419027 1.7730625094845893 1.2917976956814516 1.8679731748998154 2.0446097729727617 1.576921435073017 1.5589565634727467 52.175771132577225 7.9456512262113383 1.7557751573622038 1.5280132214538742 6.080827678553768 1.2781398277729845 1.9762963866814969 1.351776842959225 1.5693406504578828 1.3693726891651747 1.9857858987525094
leaf_count=8 120 26 74 24 30 140 41 9 54 8 94 128 98 35 24 55 38 64 21 1340 198 63 81 198 38 60 40 43 15 33
internal_value=-0.000153808 -0.000752701 0.0217239 -0.00516875 -0.00180279 -0.0251508 0.0125833 -0.000822752 0.0181927 -0.00196075 -0.0318372 -0.000926394 -0.00141517 0.0340026 -0.000299595 0.000309218 -0.000820887 9.27648e-05 -0.0007469 0.000251401 -0.00749148 -0.00385815 -0.000460289 0.00284687 0.0173772 -0.0103442 0.0126398 0.0342357 0.0611113 0.0264341
internal_weight=111.522 110.224 4.91972 2.63156 105.304 4.2421 1.56185 101.062 5.70662 95.3556 3.19083 92.1647 91.5723 4.18271 89.5649 88.2731 86.4051 84.3605 82.7836 81.2246 29.0488 26.841 25.0852 23.5572 11.2096 12.3476 6.26679 4.29049 2.93871 9.93144
internal_count=3200 3080 124 50 2956 189 49 2767 119 2648 103 2545 2537 65 2409 2385 2330 2292 2228 2207 867 769 706 625 269 356 158 98 58 231
is_linear=0
shrinkage=0.05


Tree=101
num_leaves=31
num_cat=0
split_feature=0 3 6 1 3 1 1 10 5 5 3 7 5 6 6 2 9 2 3 5 10 0 10 9 3 7 1 6 10 7
split_gain=1.29062 0.981927 1.73393 1.70941 1.79982 5.03034 2.17078 2.05544 1.89038 4.38048 1.70849 1.41205 1.88948 2.2505 1.93334 1.78878 2.10073 1.78167 1.72534 3.00918 2.19708 1.3721 1.34404 1.29886 1.13968 2.4523 2.31377 1.91504 1.80097 2.00749
threshold=2.229636751043357 -0.16485053153286366 1.1312094821388687 -0.18355496182223469 -0.25871313966137527 -0.66930197890938004 -0.66423068467975754 -1.6737416076862408 -0.14960298767096739 -0.17059703145682895 -0.26763235822301684 -0.63945649945877059 -0.088173702862978723 -0.8320859660890676 -1.1182806378424111 -0.5491734194217891 -0.84623745828699193 -0.51952253974935225 0.0088618594171846424 0.22119224682757102 -1.5267273032082536 0.54335610264837564 1.9502346260213264 0.94380120850471116 0.18039566035848245 1.7412113822502675 0.27839597170200692 1.9840696039638324 1.4619991718941348 1.3018318434043656
decision_type=2 2 2 2 2 2 2 2 2 2 2 2 2 2 2 2 2 2 2 2 2 2 2 2 2 2 2 2 2 2
left_child=1 2 3 4 6 -6 -1 -8 9 10 21 18 13 -13 -14 16 -15 -17 19 20 -3 -9 24 -7 25 26 -16 -26 29 -29
right_child=-2 11 -4 -5 5 23 7 8 -10 -11 -12 12 14 15 22 17 -18 -19 -20 -21 -22 -23 -24 -25 27 -27 -28 28 -30 -31
leaf_value=-0.050975183448410136 0.0506552301229031 0.060794592262913741 0.052538170150740741 -0.02766490302806476 0.060519352275164251 -0.050961383420821772 -0.043677737543501127 0.0030188123819054483 -0.051953260178130137 0.072450349131785441 0.0575330958966506 -0.04396198470238924 0.051759861272123689 0.065436577597076787 -0.019271660904140366 0.12148768674734776 -0.051668669530898298 0.043729800856693812 -0.051347293496282309 0.09112952859076949 -0.037390335792131045 -0.045255407374419687 0.051904235661098724 0.030241429789844662 0.01679778327506197 -0.067183635758604421 0.05899178454424845 -0.035034227004666227 -0.070459018384352562 0.03379270019380403
leaf_weight=1.955879076849661 1.2358438097871829 0.71776194311678443 1.31446396652609 7.674990937113761 1.4041904527693985 5.803258368279784 2.2803236730396668 41.524394624866538 1.4190439609810912 2.397930762730538 1.3948737755417813 0.82896271720528591 1.9398761373013282 0.66647226084023714 4.2123946882784429 0.93793369829654638 0.90027557918801882 3.4332054937258358 2.2432910846546292 0.78672635369002808 2.7632794734090558 1.5260550566017617 1.1860445737838734 0.53811207879334677 10.961815884336831 1.9428225541487334 1.2172698173671959 2.3082424290478221 1.3104795189574359 1.9582249093800781
leaf_count=137 120 10 47 245 26 234 75 1005 56 27 25 38 38 9 133 12 41 87 124 5 124 68 46 17 283 27 26 37 16 62
internal_value=-0.000154994 -0.000728197 -0.00434048 -0.00544127 -0.00261002 -0.0251096 0.00070954 0.00270962 0.00490135 0.00662367 0.00307217 0.00547521 0.00958201 0.033211 0.00366817 0.0439847 -0.00185376 0.0604146 -0.0158464 0.00281414 -0.0171454 0.00130758 -4.90389e-05 -0.0440707 -0.00262602 -0.0189755 -0.00172588 0.0046621 -0.0191913 -0.00344402
internal_weight=110.784 109.549 69.2335 67.9191 60.2441 7.74556 52.4985 50.5426 48.2623 46.8433 44.4453 40.3151 33.804 6.76685 27.0372 5.93789 1.56675 4.37114 6.51106 4.26777 3.48104 43.0504 25.0973 6.34137 23.9112 7.37249 5.42966 16.5388 5.57695 4.26647
internal_count=3200 3080 1962 1915 1670 277 1393 1256 1181 1125 1098 1118 855 187 668 149 50 99 263 139 134 1073 630 251 584 186 159 398 115 99
is_linear=0
shrinkage=0.05


Tree=102
num_leaves=31
num_cat=0
split_feature=0 7 2 6 10 2 10 6 1 6 1 10 10 4 1 1 6 4 5 8 1 1 5 8 2 10 10 6 1 1
split_gain=1.22641 0.977404 0.852406 0.814313 1.01415 1.01342 0.879937 0.741046 1.82566 1.5348 1.10281 1.76739 1.36338 1.40027 1.17531 2.02304 1.68018 1.73136 1.00386 1.33922 0.948721 2.03891 0.885602 0.826803 0.837686 0.796 3.67732 1.87766 2.39339 2.4128
threshold=2.229636751043357 2.3040973512739593 3.005692153639917 -1.2556540802840159 1.9502346260213264 2.9067605553561031 1.8147072367158077 -1.1869673590632133 -0.43921187833385439 -1.0610417034917423 -0.64448539392447113 -1.37065914427896 1.3452438030625775 -0.59162046264247503 -0.63184954001899396 -0.62054438135280299 -0.78629481860853268 -0.46398586055067964 -0.19638726556517552 -0.76006856424646785 -0.61692712644205228 -0.59316825847168986 -0.29571449879646855 -0.93365301639212717 -0.10258440387000405 0.019128297546128926 -0.21179715288573966 -0.40851785189411932 -0.56671364405920677 -0.32698662658882333
decision_type=2 2 2 2 2 2 2 2 2 2 2 2 2 2 2 2 2 2 2 2 2 2 2 2 2 2 2 2 2 2
left_child=1 2 3 -1 5 6 7 8 22 18 11 -11 13 -13 16 -16 -12 -18 -9 -20 -17 23 -5 -22 -25 26 27 -23 -29 -30
right_child=-2 -3 -4 4 -6 -7 -8 9 -10 10 14 12 -14 -15 15 20 17 -19 19 -21 21 25 -24 24 -26 -27 -28 28 29 -31
leaf_value=-0.052628579220322463 0.050623199485969023 0.033828887522102211 0.037169093435677564 0.008524930134272515 0.03513216460495993 -0.061317694222167443 -0.053729140483426224 -0.052785195196279514 -0.033937655894089418 0.04025812877085528 0.085515574753771251 0.039889842253874604 0.060481622810246431 -0.051189473074551323 -0.05160787609817577 0.037583951155329996 0.04160385981732917 -0.031515759847215954 0.052024343625634045 -0.036747724296988908 0.030470383952315896 -0.019842939867134209 0.054901299799540317 -0.052084024489027214 0.014210337922577601 -0.0042185930273745207 0.033632955089746647 0.047752904284565301 -0.01635993476392875 0.02115691022306548
leaf_weight=0.78445738833397527 1.1762960525229562 2.010832041501998 1.4166280487552274 1.9467575056478374 1.8562916279770423 0.71881965547799964 0.80745094083249469 2.4269025209359825 1.3494339250028122 0.95139356516301621 0.93014482781290997 0.47127721086144436 0.35218396177515376 4.0360414984170196 1.9195226901210691 1.6737849526107158 1.8377677528187633 1.4470282462425379 0.67758424300700415 1.1390495966188598 0.43842664454132307 10.073069147299963 2.1845350926741962 3.169080579187721 0.56083270907400562 33.521266749594361 9.3728425707668901 3.0033036684617285 10.166830683127035 7.4083830695599575
leaf_count=21 120 89 50 36 64 6 18 112 49 24 12 15 7 255 85 25 20 42 11 39 14 334 26 124 8 864 197 55 292 186
internal_value=-0.000156611 -0.000706367 -0.00135757 -0.00187625 -0.00149504 -0.00215783 -0.00174036 -0.00132497 0.016555 -0.00235027 -0.000984525 -0.0220623 -0.0342634 -0.0416664 0.000447624 -0.000886932 0.0261916 0.00939298 -0.031745 -0.00363673 0.000339453 -0.00046271 0.0330477 -0.0344813 -0.042116 0.00146536 0.00622578 -0.00215496 0.0065032 -0.000545666
internal_weight=109.828 108.652 106.641 105.224 104.44 102.584 101.865 101.057 5.48073 95.5767 91.3332 5.8109 4.8595 4.50732 85.5223 81.3073 4.21494 3.2848 4.24354 1.81663 79.3878 77.714 4.13129 4.16834 3.72991 73.5457 40.0244 30.6516 20.5785 17.5752
internal_count=3200 3080 2991 2941 2920 2856 2850 2832 111 2721 2559 301 277 270 2258 2184 74 62 162 50 2099 2074 62 146 132 1928 1064 867 533 478
is_linear=0
shrinkage=0.05


Tree=103
num_leaves=31
num_cat=0
split_feature=0 1 1 1 10 1 4 4 9 9 7 10 10 7 8 2 5 9 10 7 7 10 8 2 9 7 1 1 0 10
split_gain=1.16547 0.912621 1.26435 0.844232 0.907646 0.755901 0.770365 1.07222 0.689327 2.56423 1.71252 2.03272 3.45243 1.82713 2.19459 1.65692 1.31692 1.20721 4.01347 2.04254 1.63303 2.12335 2.80863 1.81476 1.61563 2.57675 2.84046 3.28419 1.91975 1.48506
threshold=2.229636751043357 2.5289177641824563 3.9886130209923598 2.3776027048635706 1.9502346260213264 -0.68499479762380366 -0.62050816202769388 -0.61026752394455841 -0.80354214332994855 -0.95356234125848871 -0.32759101262509632 -1.1368662244064893 -0.53927552071834006 -0.63945649945877059 -0.76006856424646785 -0.61901517504449821 -0.48000511944065 -0.62618322737723475 -0.76207503649445896 -0.96350495682145054 -0.93572584240645329 -0.11405958839267211 -0.59303085574625236 -0.5163232542232592 -0.29331643695406112 -0.75277179100025904 -0.54841222683799962 -0.50360009888455448 -0.51871396013762172 -1.2762687166533417
decision_type=2 2 2 2 2 2 2 2 2 2 2 2 2 2 2 2 2 2 2 2 2 2 2 2 2 2 2 2 2 2
left_child=1 3 -3 4 5 -1 -7 -8 9 10 11 -9 -13 16 -15 -12 -14 18 -10 -20 -21 23 -23 -22 25 26 -19 -28 -29 -26
right_child=-2 2 -4 -5 -6 6 7 8 17 -11 15 12 13 14 -16 -17 -18 24 19 20 21 22 -24 -25 29 -27 27 28 -30 -31
leaf_value=-0.050830445724473983 0.050592738642386482 0.051720511590149502 -0.016712684014204088 -0.040099253519360618 0.034109748717876358 -0.041151397518344825 0.030814613656010161 -0.052171463602887207 -0.045511394232663982 -0.03943826566194078 0.026260794172720231 0.05281462225582411 0.017996792080845241 0.054192819443224849 -0.030503318555559655 -0.049412542727762895 -0.051832153200510246 -0.051741026723018051 -0.052111426137580408 0.10485432152259849 0.014593725356974965 -0.053386711343478402 0.035467369244068465 0.083250578168299824 0.028321640104854759 -0.030968303234596536 0.098198085172173433 -0.051786473212741636 0.038639327109488537 -0.00053404757664361009
leaf_weight=0.77241808804683287 1.1195841161534179 1.8601542338728898 1.0593237830325959 1.3942554974928487 1.8156372089870263 1.1911912695504714 2.6275245938450089 1.1836453336291022 2.179151219315826 5.3555201119743279 0.98915741778910193 4.1063690902665249 0.94621709873899718 1.9588253414258363 1.254757600836456 2.6919640894047925 2.3572986326180398 1.2648721472360192 0.70262334868311782 0.79430448077618887 1.6278429143130781 1.3995511392131428 2.4397261599078814 2.3547540176659805 4.9489091546274642 10.039687998592845 1.3240806031972168 1.02274985332042 1.3774741059169167 45.027391075156643
leaf_count=63 120 80 22 19 66 60 25 46 80 217 20 83 27 29 37 127 116 56 25 7 40 41 52 31 106 327 11 38 26 1203
internal_value=-0.000159472 -0.000685268 0.0268897 -0.0014509 -0.000931538 -0.00155567 -0.00117944 -0.000703179 -0.00155389 -0.0096146 0.000697826 0.00998117 0.0169061 -0.00571957 0.0211228 -0.0290783 -0.0318312 0.000642305 0.0155766 0.0298617 0.0365464 0.0296098 0.00307694 0.0551878 -0.00199924 -0.0163735 0.0129954 0.0349816 0.00010835 0.00232339
internal_weight=109.187 108.067 2.91948 105.148 103.754 101.938 101.166 99.9744 97.3469 20.8438 15.4882 11.8071 10.6235 6.5171 3.21358 3.68112 3.30352 76.5031 11.498 9.3188 8.61618 7.82187 3.83928 3.9826 65.0052 15.0289 4.98918 3.7243 2.40022 49.9763
internal_count=3200 3080 102 2978 2959 2893 2830 2770 2745 702 485 338 292 209 66 147 143 2043 276 196 171 164 93 71 1767 458 131 75 64 1309
is_linear=0
shrinkage=0.05


Tree=104
num_leaves=31
num_cat=0
split_feature=11 1 1 3 9 2 10 1 3 9 3 8 8 1 10 11 1 3 3 7 3 5 10 4 7 2 10 7 8 2
split_gain=1.09588 1.58255 2.10869 0.866704 1.70649 1.59421 0.742764 0.786451 0.782493 2.45613 2.52672 2.34136 2.23057 1.61182 1.98254 2.55745 1.44146 1.09715 2.27076 3.09583 2.73035 1.64591 1.73055 1.53805 1.61437 3.44959 1.45405 1.58219 2.47391 1.43138
threshold=1.4436749202024679 1.0168475337475449 0.45805458259395293 -0.5673752561669626 0.42750761806088611 -0.6381226920533446 1.9502346260213264 -1.0000000180025095e-35 -0.48184563559686372 -0.69584036864675192 -0.50033097130084458 -0.90956479039176863 -0.76006856424646785 -0.32698662658882333 0.38811606483161354 -1.0000000180025095e-35 -0.50951628003741223 -0.43295134401924623 -0.41690527970286867 -0.80281367414365101 -0.39577796915671082 -0.41202019787409744 -1.4748378345497255 -0.56250666843031716 -0.77558885829974356 -0.33688123024890454 1.1668540686626026 1.69023434397695 0.58715927232898213 -0.21441199098787625
decision_type=2 2 2 2 2 2 2 2 2 2 2 2 2 2 2 2 2 2 2 2 2 2 2 2 2 2 2 2 2 2
left_child=3 2 -2 4 5 -1 8 -8 9 11 12 -5 -11 14 15 -14 -12 21 19 -19 -20 22 -10 -22 25 -25 -26 28 -28 -27
right_child=1 -3 -4 6 -6 -7 7 -9 17 10 16 -13 13 -15 -16 -17 -18 18 20 -21 23 -23 -24 24 26 29 27 -29 -30 -31
leaf_value=0.050437113004263803 0.053602441470527923 0.052392026189971408 -0.038379260422597206 0.057005356640258388 0.036085829667907653 -0.054791028567664393 -0.026984825870402837 0.051752338004677004 0.063732561499391202 -0.05211495165343797 0.0038122641172660199 -0.045422898978868816 -0.052404228697120837 -0.020640872051455577 0.078157839071347657 0.040051381945867957 0.069705273652803143 0.077399754456522488 -0.049691982974138571 -0.0075862411317212082 0.035524477892567415 -0.049731339485156803 -0.01650103174978659 -0.040302976160122149 0.00468333321750728 0.03760970993008355 -0.037688949012540163 -0.043074246474412971 0.034925330191542932 -0.024633158549117143
leaf_weight=0.41365301329642568 0.99777936376631204 2.365166774019599 1.659247886855155 0.6830575400963429 0.92298255674540985 2.7715698769316068 0.42085975129157316 1.2868578704074012 0.81876474805176247 1.4685384472832081 1.1466992213390765 3.0452377977781024 1.1095109060406683 2.143447935115546 1.548747503198683 2.2953513241373007 3.0049094138666961 2.1104212552309036 3.0264333151280871 2.176908779423683 2.7437038701027552 3.0125588648952535 3.7509851516224444 7.3297824859619141 43.67266206722708 2.7576584802009165 2.2047053417190892 3.6025651409290731 2.5064252214506269 1.3888558582402675
leaf_count=7 27 96 30 11 31 153 15 60 10 48 25 104 37 46 16 32 39 24 127 54 45 120 96 366 1298 43 62 72 72 34
internal_value=-0.000165639 0.0226432 -0.00383786 -0.00127386 -0.0237785 -0.0411254 -0.000342393 0.0323479 -0.000914684 0.00903008 0.0194925 -0.0266571 0.0039764 0.0155829 0.0312571 0.00992373 0.0515052 -0.00293123 -0.00106363 0.0342478 -0.00325033 -0.02104 -0.00212553 -0.00112738 -0.00271197 -0.0196849 0.0010349 -0.0181307 0.000943447 0.0167617
internal_weight=108.386 5.02219 2.65703 103.364 4.10821 3.18522 99.2556 1.70772 97.5479 16.4455 12.7172 3.7283 8.5656 7.09706 4.95361 3.40486 4.15161 81.1024 73.5201 4.28733 69.2328 7.58231 4.56975 66.2064 63.4627 11.4763 51.9864 8.3137 4.71113 4.14651
internal_count=3200 153 57 3047 191 160 2856 75 2781 358 243 115 179 131 85 69 64 2423 2197 78 2119 226 106 1992 1947 443 1504 206 134 77
is_linear=0
shrinkage=0.05


Tree=105
num_leaves=31
num_cat=0
split_feature=0 7 9 2 1 2 3 3 1 5 3 5 9 6 7 2 7 1 0 2 3 3 1 9 9 4 1 0 1 10
split_gain=1.08767 0.900582 0.937285 0.781624 0.724371 0.719631 0.82424 1.52188 4.56589 1.7882 3.30339 2.48203 1.52678 2.28222 1.41551 1.76127 2.59759 2.00164 1.83569 1.62196 2.35823 1.71932 1.46149 1.32641 1.72935 2.76748 1.35627 1.24695 1.22517 1.95722
threshold=2.229636751043357 2.3040973512739593 0.16994793052354049 3.005692153639917 -0.68499479762380366 2.8214319521275733 -0.16485053153286366 -0.26513437044509197 -0.66930197890938004 -0.14960298767096739 -0.26917560116164635 -0.18733055182254107 0.49532658395159151 0.11808034413203268 1.3838853872389729 -0.37457931010610374 -0.41808140680750433 -0.64448539392447113 0.40475501321943291 -0.41162463686833839 -0.47497121617871546 -0.51852309068056368 -0.47502080842484701 -0.12920265155837093 -0.73725475595626 -0.47621568109255069 0.56554074109709163 -1.068913057441949 -0.28943964655296262 -0.52924818490925685
decision_type=2 2 2 2 2 2 2 2 2 2 2 2 2 2 2 2 2 2 2 2 2 2 2 2 2 2 2 2 2 2
left_child=1 3 -3 4 -1 6 7 9 -9 10 11 14 -10 -14 15 16 17 -6 28 20 21 -18 -23 24 -17 -26 -25 -8 -19 -30
right_child=-2 2 -4 -5 5 -7 27 8 12 -11 -12 -13 13 -15 -16 23 19 18 -20 -21 -22 22 -24 26 25 -27 -28 -29 29 -31
leaf_value=-0.050778513114527961 0.050553720804523507 -0.032412968918470501 0.051520579737635776 0.0362110077306717 -0.051014620273065817 -0.036793008265557113 -0.051993883708956891 0.065430744891114639 -0.046367799195287718 -0.052558278383233473 0.10152277550394294 0.036580288116390712 -0.05681514851409767 0.063282517902920096 0.048162426390385385 -0.039820739108212287 -0.036283553391050258 0.019483871074825059 -0.051565778702774651 0.026400704845736901 -0.051603794012294535 0.05179197665447785 -0.021257183750451391 -0.05743103802904375 -0.052615087783141848 0.039681964501900806 0.0093086318093286626 0.0068259528647621514 0.024819177457208387 -0.05238399023932331
leaf_weight=0.74918396258726616 1.0466291140764941 0.42624278925359149 1.5142165832221506 1.3709708303213108 1.3341661109588923 1.4190152641385783 0.9255265942774703 1.2785519724711765 6.7777358167804831 1.6381546617485572 0.79675834672525425 4.0554346037097337 0.73253739252686478 0.85995262581855059 1.2630057856440533 2.6277348208241165 2.212679345626384 20.034406261984252 1.0891908705234516 1.6352968495339144 5.0101965973153701 1.7053456618450584 1.1440529786050309 3.6391460122540575 1.1493095373734834 2.768724131397903 0.96258774586021889 34.044237847439945 1.6555222170427444 1.6284466809593272
leaf_count=65 120 8 81 50 89 17 43 18 287 66 13 67 25 19 29 93 102 428 51 22 225 31 33 84 33 40 24 928 45 64
internal_value=-0.000168445 -0.000667159 0.0330837 -0.00129383 -0.00179237 -0.00143393 -0.000936998 -0.00422537 -0.022574 -0.00108356 0.000457666 -0.00103587 -0.0360167 0.0080382 -0.00409545 -0.0054536 -0.000260276 0.00862044 0.0118802 -0.0197865 -0.0272853 -0.00321607 0.0224622 -0.0229002 -0.00843919 0.0126077 -0.0434705 0.0052692 0.0148437 -0.0134641
internal_weight=107.495 106.448 1.94046 104.508 103.137 102.388 100.969 65.9989 9.64878 56.3502 54.712 53.9152 8.37023 1.59249 49.8598 48.5968 37.4493 25.7417 24.4076 11.7076 10.0723 5.06208 2.8494 11.1475 6.54577 3.91803 4.60173 34.9698 23.3184 3.28397
internal_count=3200 3080 89 2991 2941 2876 2859 1888 349 1539 1473 1460 331 44 1393 1364 1090 677 588 413 391 166 64 274 166 73 108 971 537 109
is_linear=0
shrinkage=0.05


Tree=106
num_leaves=31
num_cat=0
split_feature=0 3 6 3 1 5 5 1 9 0 4 6 9 0 4 4 1 6 8 9 4 1 9 5 8 8 8 2 3 0
split_gain=1.03399 0.806975 1.54438 1.43884 3.68893 1.74699 3.02824 1.34422 1.28093 1.21748 2.73261 2.83172 1.99889 1.70234 2.11087 2.17079 1.88214 2.81603 2.45516 1.70921 1.668 1.66407 1.46886 1.56762 2.22576 1.54825 1.45946 1.84531 1.45146 1.77057
threshold=2.229636751043357 -0.16485053153286366 1.1312094821388687 -0.26513437044509197 -0.66930197890938004 -0.14960298767096739 -0.17350767067303544 -0.66423068467975754 0.49532658395159151 -0.7333070494712266 -0.29355422887269261 -0.48865235998505546 -0.61242554813479133 -0.16090846121821747 -0.4585014531978408 -0.32534814650936489 -0.42645607738533481 0.55309624519711487 -0.76006856424646785 -0.79602590912834914 -0.5738186933181606 -0.30159663339220039 -1.0417899804808421 -0.39153715070882716 -0.12580321063142977 -0.67033740801842134 -0.27746803814188586 -0.394431355599552 -0.29735497997013527 -0.30484615421404609
decision_type=2 2 2 2 2 2 2 2 2 2 2 2 2 2 2 2 2 2 2 2 2 2 2 2 2 2 2 2 2 2
left_child=1 2 3 5 -5 6 7 -1 -6 10 -9 -12 -13 16 -15 19 18 28 20 -16 -11 -14 -20 -24 25 -25 27 -21 29 -18
right_child=-2 -3 -4 4 8 -7 -8 9 -10 13 11 12 21 14 15 -17 17 -19 22 26 -22 -23 23 24 -26 -27 -28 -29 -30 -31
leaf_value=-0.050819681094071617 0.050526670346982716 0.0050293425877816081 0.052348886910195916 0.050861288620495854 -0.045907879983713519 -0.054304095505330809 0.046853008881362665 -0.029300226319405893 0.0052095520568962248 0.040519239982969815 -0.052852893301114562 0.062697435010144673 -0.052013549114758112 -0.037685737347586595 0.091611180897307423 -0.022260322149175227 -0.052664167954135727 0.064202319345743372 -0.025829946292382795 -0.051865824607874936 -0.038353125400565985 0.04921953781333064 0.048578995745023196 0.037666791804666672 0.065062251833089696 -0.052014956861567589 0.064622338972523161 0.052342810423170544 0.039450834814494379 0.01952217223223203
leaf_weight=1.4545251869130797 0.9961039824411263 39.222835290245712 1.1932746516540635 1.4310274003073562 6.510158238001166 1.5512693952769101 3.179392432793974 9.9319864972494525 1.5097448509186504 0.92152671422809396 1.1936837602406738 2.5032198056578632 0.93684332352131561 4.7903777658939362 0.91256303619593415 3.6333013209514444 3.616276821121573 1.0417070616967974 1.0305833630263705 1.1453145826235416 2.4591128602623842 0.71634090971200926 7.919267679098982 0.72245510295033488 1.1082004616037213 1.4414492538198831 0.8999576177448031 0.67529769055545341 0.74340920150280254 1.1102577820420267
leaf_count=122 120 1118 47 28 287 66 45 362 39 15 45 28 35 146 25 127 120 18 23 47 81 11 106 11 17 48 18 7 12 26
internal_value=-0.000176462 -0.000655163 -0.00401898 -0.00505237 -0.0230896 -0.00198849 -0.00048803 -0.00344467 -0.036285 -0.00205127 -0.0137824 0.015025 0.034519 0.00319518 -0.011919 0.00506771 0.0114355 -0.0111439 0.0208589 0.032397 -0.0168533 -0.00814826 0.0312902 0.0365503 0.00743792 -0.0220732 0.0125347 -0.013213 -0.025493 -0.0357077
internal_weight=106.501 105.505 66.2825 65.0893 9.45093 55.6383 54.0871 50.9077 8.0199 49.4531 15.2821 5.35009 4.1564 34.1711 12.0568 7.26643 22.1142 6.51165 15.6026 3.63313 3.38064 1.65318 12.222 11.1914 3.2721 2.1639 2.72057 1.82061 5.46994 4.72653
internal_count=3200 3080 1962 1915 354 1561 1495 1450 326 1328 481 119 74 847 370 224 477 176 301 97 96 46 205 182 76 59 72 54 158 146
is_linear=0
shrinkage=0.05


Tree=107
num_leaves=31
num_cat=0
split_feature=0 11 1 7 3 9 2 0 4 8 4 4 4 7 7 9 0 10 0 1 7 8 8 11 1 9 8 12 0 2
split_gain=0.983026 0.851636 1.50912 1.20525 0.758095 1.49358 1.52066 0.672983 3.08205 2.69564 1.95084 1.94971 2.82616 1.49773 2.1414 2.13192 2.09763 1.42744 1.95705 1.85878 2.46433 2.72868 2.11359 1.69316 1.65917 2.00206 1.4688 1.25676 3.0033 1.59149
threshold=2.229636751043357 1.4436749202024679 1.0168475337475449 1.1574853415732238 -0.5673752561669626 0.42750761806088611 -0.6381226920533446 -0.77737289144586874 -0.29355422887269261 -0.26158706778672614 0.091338752492548012 -0.3583857906035775 -0.37927890629068789 -0.29744313585076054 -0.7088178460563298 0.04462185539539628 -0.98753960173662036 -0.76207503649445896 -0.74657034756074236 -0.32698662658882333 -0.73244276111809414 0.330566487964228 -0.74794093139134477 -1.2993788618744622 -0.49278018968412085 -0.53815491610554311 -0.81865738961252987 -1.0000000180025095e-35 -0.024889733391951493 1.2733310512700731
decision_type=2 2 2 2 2 2 2 2 2 2 2 2 2 2 2 2 2 2 2 2 2 2 2 2 2 2 2 2 2 2
left_child=1 4 3 -3 5 6 -1 8 -6 10 13 12 -9 14 16 -15 -10 -13 -19 20 21 24 26 -22 25 -20 -21 28 -24 -29
right_child=-2 2 -4 -5 7 -7 -8 11 9 -11 -12 17 -14 15 -16 -17 -18 18 19 22 23 -23 27 -25 -26 -27 -28 29 -30 -31
leaf_value=0.04832291278937547 0.050500943686314748 -0.046528345612362694 0.052466514852513406 0.023367311217657474 -0.029548271043632043 0.034302969880350892 -0.054465425745674784 0.0054397218186428798 -0.05268271000066066 -0.050086873095925161 -0.051143444568896183 -0.024238771278598734 0.050858075305418443 -0.052025421146768253 0.060014372575089125 0.044628547031602531 0.033313403354524047 0.05906440457465062 -0.034181234746267629 0.012623504442760357 0.010204020079013786 0.092442898017348105 -0.046857034670616506 -0.045102808029011281 -0.051963113992502363 0.040845026427354193 0.11079832243403578 0.021314762299605064 0.036141883614701525 -0.017698072281752405
leaf_weight=0.41828455869108516 0.94799393974244495 1.0436238721013062 2.0401606461964548 1.5078846681863067 9.6615592362359184 0.87081847479566921 2.5743325115181497 24.960963301826272 1.0510253463871757 1.7044040327891696 0.93732721358537752 7.9117634347639969 3.9698361819609991 1.3265617904253297 4.0175221883691838 1.0010431185364721 2.1797325070947413 1.314553519245236 1.4529057284817097 0.74183791689574718 1.7329705911688496 0.82201401144266117 1.3642365206032989 6.8684786211233542 1.4061946962028731 2.2917174231261019 0.78320243768393527 3.5969737162813678 5.4203276471234849 9.5673305885866267
leaf_count=7 120 9 74 41 373 29 153 615 48 93 58 272 56 51 51 16 42 21 66 32 49 9 54 287 55 54 8 112 169 176
internal_value=-0.000185227 -0.000644863 0.0204103 -0.00522157 -0.00161215 -0.0233284 -0.0400985 -0.000738967 -0.0084453 0.00824271 0.0176991 0.00153322 0.011672 0.0244377 0.0356433 -0.010457 0.00533728 -0.00494552 -0.000860071 -0.00304531 -0.0168271 0.0078459 0.00630832 -0.0339599 -0.00565485 0.011735 0.0630423 0.00197114 0.0194525 -0.00703833
internal_weight=105.488 104.54 4.59167 2.55151 99.9479 3.86344 2.99262 96.0845 21.8792 12.2176 10.5132 74.2053 28.9308 9.57588 7.24828 2.3276 3.23076 45.2745 37.3627 36.0482 14.5743 5.97283 21.4739 8.60145 5.15082 3.74462 1.52504 19.9489 6.78456 13.1643
internal_count=3200 3080 124 50 2956 189 160 2767 732 359 266 2035 671 208 141 67 90 1364 1092 1071 520 184 551 336 175 120 40 511 223 288
is_linear=0
shrinkage=0.05


Tree=108
num_leaves=31
num_cat=0
split_feature=0 7 2 7 8 3 5 3 1 0 6 6 2 7 8 1 6 5 5 10 6 3 8 8 0 3 2 8 10 1
split_gain=0.934425 0.823311 0.713143 0.694154 1.27433 0.93943 2.40868 1.28146 1.06716 1.1275 2.25209 1.54885 1.30568 1.19293 1.01635 0.855291 1.79252 0.853459 0.823955 0.82059 1.90592 1.52285 1.08264 1.17445 2.79049 2.11715 1.96196 1.85939 2.49036 2.02271
threshold=2.229636751043357 2.3040973512739593 3.005692153639917 2.1807425792161284 2.3775163797786161 4.9662738841152505 1.7948913295550049 1.1196828020726919 2.5289177641824563 1.4989382299795124 1.0110077200024647 0.6217829664179173 0.47789862653776172 1.5642953938776112 0.91795931872602143 -0.059821534223506855 0.38137944214510872 2.362943478986288 0.39532596578791529 -1.6737416076862408 -0.70616031051759642 -0.23510026511743035 -0.94934480707556113 -0.26158706778672614 -0.68395150822035389 -0.33068769449154395 -0.62718486310651722 0.71684937258182424 -0.20462884119722452 -0.52939340038704008
decision_type=2 2 2 2 2 2 2 2 2 2 2 2 2 2 2 2 2 2 2 2 2 2 2 2 2 2 2 2 2 2
left_child=1 2 3 4 5 6 7 8 9 10 11 12 14 18 15 19 -17 -6 -11 20 21 -1 -21 -24 -25 27 -27 28 -26 -30
right_child=-2 -3 -4 -5 17 -7 -8 -9 -10 13 -12 -13 -14 -15 -16 16 -18 -19 -20 22 -22 -23 23 24 25 26 -28 -29 29 -31
leaf_value=-0.028333705691073637 0.050476475918497382 0.032441069319624434 0.035297010806387481 -0.031574335460572735 0.052619979494344299 -0.050336614046618038 0.053698836765052549 -0.034545419586701952 0.051502405061585127 -0.021985470030103819 0.052229990152865606 -0.053554656330474883 0.038898197668095894 0.0078874698658884853 -0.048173711318555322 -0.041488924991579711 0.027460482937946829 -0.012922833973247356 -0.073998989065654636 -0.026967182477061969 -0.05193008678338501 0.074388485556268716 0.0061661996743070432 -0.043668989660792197 -0.028256730206913896 0.033183910421421207 -0.051639195227378823 0.086934308049747278 0.07505962597838961 0.0045450333294536523
leaf_weight=0.74081979691982269 0.902185816783457 1.848357924260198 1.3188705192878831 1.9088503317907441 1.780333882197737 0.99656874686479469 1.9335164157673705 3.0524329207837573 0.9361219247803082 1.7922688219696277 1.9544360786676396 1.4356544446200121 1.98409395944327 1.7102994779124854 1.1825711112469424 3.3688872591592505 1.3088559648022053 0.68884922191500653 1.3237597253173587 3.2783587262965588 2.246138704009339 0.70335516612976812 50.556761719286428 4.3251236896030596 2.6798703791573635 0.93198660481721196 2.5385963320732392 0.8714185170829295 1.7220301376655696 2.4839400555938482
leaf_count=26 120 89 50 36 57 8 47 51 42 36 71 53 49 39 39 150 29 12 16 143 86 14 1382 226 90 19 136 10 28 46
internal_value=-0.000188925 -0.000630124 -0.00123086 -0.00171052 -0.00113194 -0.00204362 -0.00153735 -0.00268416 -0.00160446 -0.00216218 -0.000816768 -0.00207561 -0.00116232 -0.0256656 -0.00216923 -0.00146956 -0.0221965 0.0343349 -0.044082 -0.000142825 -0.0231175 0.021695 0.00107905 0.00246986 -0.00954555 0.00359929 -0.0288609 0.0181219 0.00941354 0.0334155
internal_weight=104.505 103.603 101.755 100.436 98.527 96.0579 95.0613 93.1278 90.0753 89.1392 84.3129 82.3585 80.9228 4.82633 78.9387 77.7561 4.67774 2.46918 3.11603 73.0784 3.69031 1.44417 69.3881 66.1097 15.553 11.2278 3.47058 7.75726 6.88584 4.20597
internal_count=3200 3080 2991 2941 2905 2836 2828 2781 2730 2688 2597 2526 2473 91 2424 2385 179 69 52 2206 126 40 2080 1937 555 329 155 174 164 74
is_linear=0
shrinkage=0.05


Tree=109
num_leaves=31
num_cat=0
split_feature=11 1 1 0 11 0 0 0 2 0 10 6 3 10 0 1 5 3 9 3 9 8 6 2 1 5 3 1 1 9
split_gain=0.905678 1.41945 1.86553 0.928109 3.19266 0.903671 1.26329 2.13167 1.1111 2.16918 1.20093 1.52861 1.39449 1.17334 0.912132 1.41811 0.797401 1.31828 1.82248 1.2481 1.91111 1.45366 2.1901 1.9647 1.94571 1.46186 1.30829 3.94809 1.8072 1.98323
threshold=1.4436749202024679 1.0168475337475449 0.45805458259395293 1.9028524291508331 0.98649928985631286 1.7996030111991581 1.5805432220787325 1.530513257050377 1.6891274532491829 0.34795569538968829 1.3041644750934258 0.75915640885952218 -0.42976988755461315 1.266104878445238 1.2067818746389163 0.057701386138573625 1.0689182628952916 0.081936206628921773 -1.0972518430228704 -0.16485053153286366 -1.0814296099177512 -0.71806882046498621 -0.45430899937465424 -0.57242033307398177 -0.54060072574269447 0.04442926017459687 -0.25871313966137527 -0.66930197890938004 -0.64448539392447113 1.3390854832963273
decision_type=2 2 2 2 2 2 2 2 2 2 2 2 2 2 2 2 2 2 2 2 2 2 2 2 2 2 2 2 2 2
left_child=3 2 -2 5 -5 6 7 8 10 -10 11 13 -12 16 15 -14 17 19 -19 26 -21 23 -23 -22 -24 -26 28 -28 29 -1
right_child=1 -3 -4 4 -6 -7 -8 -9 9 -11 12 -13 14 -15 -16 -17 -18 18 -20 20 21 22 24 -25 25 -27 27 -29 -30 -31
leaf_value=-0.050990805647196082 0.053435924737654517 0.052180688571700586 -0.035614213829934481 0.052315638349595572 -0.045774115795413232 -0.034471925850487056 0.044522998939747788 -0.056003528411702176 -0.033660968882365944 0.043885499904834722 0.026217564996987054 0.05285655513614336 -0.057426850035644163 0.066448231624888623 -0.073043949065421207 0.0087958376859631881 0.040821039615898363 0.044386601410932196 -0.040618537626842019 -0.051545136628017733 -0.020252855804911513 -0.036214753494377465 0.059756442037214974 0.055471610793989337 -0.034019681501289305 0.0381495786374835 0.050783960090608107 -0.04311462170419645 0.00088744138535195747 0.084789089487626521
leaf_weight=2.8542516902088972 0.9194948067888612 2.0727363778278232 1.631984512787312 2.7400913583114734 1.1897506229579451 2.1177925118245176 1.4712467920035113 1.8033057590946544 1.2360236989334215 3.3350872974842787 1.080257053254172 1.304905205965041 1.5539903431199484 0.62639892660081287 1.2649334957823155 1.6849793763831256 1.0595157705247391 0.74206085549667467 4.1955581437796345 1.066403864417224 1.0959455212578175 2.3141029621474436 2.0653483634814607 3.9216936947777858 1.6769134388305404 1.2065515145659444 1.3963116053491829 5.6460535228252402 48.132100643590093 0.29690620489418496
leaf_count=216 27 96 30 140 36 40 67 22 21 110 32 46 61 10 14 35 24 18 188 55 41 94 40 78 62 24 25 272 1272 4
internal_value=-0.000183212 0.0214456 -0.00352258 -0.00119268 0.0226192 -0.00217616 -0.00144096 -0.00217955 -0.00109816 0.022917 -0.00238684 -0.000814426 -0.0248012 -0.00170892 -0.037038 -0.0229764 -0.0022586 -0.00285439 -0.0278434 -0.00113287 0.0126601 0.0182354 0.00393706 0.038932 0.0227124 -0.00382132 -0.00428918 -0.0244971 -0.00151417 -0.0381974
internal_weight=103.703 4.62422 2.55148 99.0785 3.92984 95.1486 93.0308 91.5596 89.7563 4.57111 85.1852 79.601 5.58416 78.2961 4.5039 3.23897 77.6697 76.6102 4.93762 71.6726 13.347 12.2806 7.26292 5.01764 4.94881 2.88346 58.3256 7.04237 51.2833 3.15116
internal_count=3200 153 57 3047 176 2871 2831 2764 2742 131 2611 2469 142 2423 110 96 2413 2389 206 2183 394 339 220 119 126 86 1789 297 1492 220
is_linear=0
shrinkage=0.05


Tree=110
num_leaves=31
num_cat=0
split_feature=11 1 1 6 10 6 10 1 6 8 3 5 3 6 9 6 4 4 3 1 3 3 3 7 3 6 5 9 9 4
split_gain=0.841843 1.36283 1.72211 0.822598 0.704342 0.821636 1.39734 2.06225 1.31821 1.32319 1.20489 1.7765 1.61005 1.71239 1.04042 0.987843 0.86972 1.07724 0.80639 1.10902 0.965646 2.27768 1.63066 2.76685 2.66786 1.75314 1.71616 2.23361 2.95888 1.78398
threshold=1.4436749202024679 1.0168475337475449 0.45805458259395293 -1.2556540802840159 1.9502346260213264 2.8655491929641301 1.4102292410043342 1.4244312102128338 2.2359209151067749 2.6950201312696116 4.9662738841152505 1.7948913295550049 1.483426971368867 1.3086501786259419 2.1958406649272622 0.6217829664179173 -0.62050816202769388 -0.61701940545681822 -0.5673752561669626 -0.29543068525098165 -0.47497121617871546 -0.43295134401924623 -0.41690527970286867 -0.80281367414365101 -0.39577796915671082 0.2554537865736376 -0.35844832529511034 -0.69584036864675192 -0.75076311700519882 -0.56250666843031716
decision_type=2 2 2 2 2 2 2 2 2 2 2 2 2 2 2 2 2 2 2 2 2 2 2 2 2 2 2 2 2 2
left_child=3 2 -2 -1 5 8 7 -7 9 10 11 12 13 14 15 16 -5 -18 19 -19 -20 -22 23 -23 -24 -25 27 28 -26 -28
right_child=1 -3 -4 4 -6 6 -8 -9 -10 -11 -12 -13 -14 -15 -16 -17 17 18 20 -21 21 22 24 25 26 -27 29 -29 -30 -31
leaf_value=-0.055766046791247463 0.053268329790037518 0.052076053954880179 -0.033409984644590711 -0.048385423698852785 0.032005981670008475 0.052450177115333368 -0.080850598743603536 -0.064940172688687195 0.036574200106599598 -0.054660877055920779 -0.051327013213716036 0.053122551506531307 -0.052618599160294238 0.051591391239451161 0.050302594666161188 -0.035539266517518993 0.046414990874992686 -0.051224430370395979 0.010607015150737501 0.027122516898020158 -0.035998504976935207 0.069603741570948674 -0.05172462676079425 -0.052506642620349313 -0.022916594247952858 0.048263140265090425 0.046220855200574423 -0.044464844542922995 0.078819445215537284 0.0015125384764420522
leaf_weight=0.68453481327742238 0.87733290391042773 1.975509468000382 1.6521358578465877 0.95321119646540253 1.6126951742917288 0.81800744868814879 0.8688762760721146 0.6894539212808013 2.3283230704255393 1.1567467865534116 1.1665819021873165 1.536159184295683 1.4916475396603335 1.5655034314841021 0.96991115249693294 2.1124355220235875 1.2132137361913766 1.6847736595664176 16.321521983947591 0.61713876063002615 4.8395458976738004 2.1204610411077742 2.6238957415334729 1.1376170786097493 2.2187007837928836 0.69548228755593289 2.3667772477492468 4.4868603372014908 1.0543048772960899 38.972204773686961
leaf_count=21 27 96 30 55 78 28 11 17 81 23 10 44 23 72 36 81 12 109 354 25 179 24 120 43 93 7 32 184 9 1276
internal_value=-0.000177876 0.0209575 -0.00334607 -0.00114642 -0.000763422 -0.00131386 -0.0303483 -0.00123958 -0.000576986 -0.00152436 -0.000842534 -0.000180662 -0.00111705 -0.000223282 -0.00118451 -0.00178315 -0.000906123 -0.000342882 -0.00105969 -0.0302197 -0.000186101 -0.00309708 -0.000237188 0.030713 -0.00260295 -0.0142743 2.21704e-05 -0.0215536 0.00985475 0.00407222
internal_weight=102.812 4.50498 2.52947 98.3066 97.6221 96.0094 2.37634 1.50746 93.633 91.3047 90.1479 88.9814 87.4452 85.9536 84.3881 83.4181 81.3057 80.3525 79.1393 2.30191 76.8374 60.5159 55.6763 3.95356 51.7227 1.8331 49.0988 7.75987 3.27301 41.339
internal_count=3200 153 57 3047 3026 2948 56 45 2892 2811 2788 2778 2734 2711 2639 2603 2522 2467 2455 134 2321 1967 1788 74 1714 50 1594 286 102 1308
is_linear=0
shrinkage=0.05


Tree=111
num_leaves=31
num_cat=0
split_feature=0 7 9 2 2 6 6 6 2 9 8 12 2 2 2 9 9 9 9 0 5 4 4 10 4 0 10 10 0 9
split_gain=0.844869 0.715536 1.0956 0.62687 0.606162 0.616799 0.676732 1.1335 1.13791 0.909721 0.995583 0.852128 0.790876 0.911882 1.6862 1.4398 2.7083 1.42837 2.46597 1.98731 1.64491 1.16217 2.76182 1.86093 1.81425 1.33763 1.14272 1.09304 1.63956 2.34115
threshold=2.229636751043357 2.3040973512739593 -0.31355617911888728 3.005692153639917 2.8214319521275733 -1.2556540802840159 -1.1869673590632133 -1.0610417034917423 -0.29780832664808204 0.13425693715579584 -0.39728260322546866 1.0000000180025095e-35 -0.639735105464044 -0.60942377085899468 -0.59782257499795122 -0.80354214332994855 -0.98640739684122802 -1.1333149585006315 -1.0900239759565429 0.038021038688891624 -0.60710728456739205 -0.23726377203574714 -0.54179494364878866 -0.88331118178820778 -0.19746899049965502 -1.0135496544860667 0.37716066179429231 -0.59925465563337144 -0.35219342830129935 -0.40800200812596354
decision_type=2 2 2 2 2 2 2 2 2 2 2 2 2 2 2 2 2 2 2 2 2 2 2 2 2 2 2 2 2 2
left_child=1 3 -3 4 5 -1 9 8 -8 10 11 -7 -9 17 -15 16 21 -14 -19 20 -20 22 23 -16 -23 -26 -27 28 -17 -30
right_child=-2 2 -4 -5 -6 6 7 12 -10 -11 -12 -13 13 14 15 27 -18 18 19 -21 -22 24 -24 -25 25 26 -28 -29 29 -31
leaf_value=-0.04721967496621754 0.050434327120841373 -0.047080747448207241 0.051319138416441437 0.034447646212683695 -0.034163264831459893 -0.05267620007111648 -0.051238871158102439 -0.034839614707051089 0.0022380227871513286 0.04569749615164926 0.031568657398982895 0.015809772135206814 -0.052166111223271749 -0.05130254996666124 0.082377779722017305 -0.028634744564494864 -0.051433006654688834 0.092053647337181008 0.10536423221559998 -0.051736273670255961 0.012093422365137642 0.070927924542841053 -0.05144086102917296 -0.017231644804419546 0.05582552842206337 -0.05126389397975642 0.027983640798145033 0.0059932364311724414 -0.051584364169558861 0.02341566883174372
leaf_weight=0.719767726957797 0.81813444802537461 0.35554650612175476 1.3841301351785646 1.2224162323400367 1.4069264419376839 1.0502092037349937 2.2565357428975403 1.6503753792494524 1.7789764786139119 1.7870380049571393 1.5185787007212632 0.80031308997422446 0.82130091171711583 1.7052098771091397 0.85810990165919054 6.3231321033090353 3.824776432942584 0.98109261132776637 0.49508881568908414 1.1895405845716585 10.455989818787202 1.1842106012627485 2.602362958714366 1.0337480301968742 0.70988667756319079 1.3216197700239711 0.69364059716463078 44.837600692175371 1.3205557661131022 4.906486121006294
leaf_count=21 120 4 85 50 17 37 139 67 28 30 27 17 30 106 9 250 210 8 2 54 231 19 149 34 9 75 21 1176 60 115
internal_value=-0.000171878 -0.000581015 0.0312087 -0.00113708 -0.0015799 -0.00110645 -0.000761092 -0.00176009 -0.0276646 0.0168604 0.00156458 -0.0230574 -0.000557319 0.000106248 -0.00218 -0.000976774 -0.0165541 0.0118009 0.0158047 0.00964291 0.0163101 -0.000679374 -0.0180213 0.0279492 0.019257 -0.00319652 -0.0239874 0.00234248 -0.0107005 0.00751057
internal_weight=102.013 101.195 1.73968 99.4555 98.2331 96.8261 96.1064 90.9502 4.03551 5.15614 3.3691 1.85052 86.9147 85.2644 71.3213 69.6161 12.2284 13.943 13.1217 12.1406 10.9511 8.40358 4.49422 1.89186 3.90936 2.72515 2.01526 57.3878 12.5502 6.22704
internal_count=3200 3080 89 2991 2941 2924 2903 2792 167 111 81 54 2625 2558 2233 2127 526 325 295 287 233 316 192 43 124 105 96 1601 425 175
is_linear=0
shrinkage=0.05


Tree=112
num_leaves=31
num_cat=0
split_feature=0 7 9 1 9 10 5 0 1 7 10 10 9 6 0 9 9 2 12 2 9 0 1 7 7 2 1 10 2 2
split_gain=0.803179 0.671588 1.03023 0.66706 0.588478 1.95617 2.15097 0.981899 2.20669 2.28254 1.33101 1.50603 1.30572 1.04581 0.925782 0.584459 1.57835 1.87292 1.46231 1.31359 1.15689 1.11829 1.09583 1.70068 1.08235 1.53321 2.05555 1.61618 1.59867 1.93533
threshold=2.229636751043357 2.3040973512739593 -0.31355617911888728 -0.68499479762380366 -1.1536718034416982 -0.62555272104108373 -0.26118370153134735 -0.98753960173662036 -0.5435585705320255 -0.7088178460563298 -0.95193858953903132 0.18400310009189699 -1.1497220215039763 -0.25969662258238069 -0.98225688861275284 -0.98640739684122802 -0.76541830991751136 -0.61428788614928975 1.0000000180025095e-35 -0.6115726644886349 -1.1117790966095757 -0.76040882525767406 -0.24712776795106892 -0.21028594833247291 -0.86679013174991326 -0.55419094122981816 -0.66930197890938004 -0.76207503649445896 -0.58240805072356128 -0.58994098381045734
decision_type=2 2 2 2 2 2 2 2 2 2 2 2 2 2 2 2 2 2 2 2 2 2 2 2 2 2 2 2 2 2
left_child=1 3 -3 -1 5 6 -5 8 -6 -10 -11 13 -9 -12 -14 18 17 -17 20 -20 -16 -22 -19 -24 -18 26 -26 -28 29 -29
right_child=-2 2 -4 4 7 -7 -8 12 9 10 11 -13 14 -15 15 16 24 22 19 -21 21 -23 23 -25 25 -27 27 28 -30 -31
leaf_value=-0.050732899890716235 0.050413128728831996 -0.044287833656218113 0.051255547664500092 -0.052134720032771392 -0.052180231942459548 -0.05155306348709035 0.056140625335532046 0.075747186993896889 -0.051466908744387002 -0.051438401677098802 0.070198474084358767 -0.021991376022561709 0.056658261553218507 0.0086114859493691999 -0.021852999705333265 0.014701332775158628 0.0160261581407618 -0.051500107552374642 0.032077722466512824 -0.051470750110562805 -0.018266565849512695 0.04951602810876151 -0.051389768418310916 0.081104608390031974 0.068537892145206988 0.0033731897878467223 -0.051766281138507043 -0.012147888223387197 -0.051697362775364214 0.05356358844202648
leaf_weight=0.67238670936785538 0.7785525512881567 0.35897831618785869 1.3182175867259489 0.71947562461718906 2.8324145129881799 2.201718416530638 1.2654401864856479 0.59155284892767568 1.5437532621435819 0.58865623734891404 1.8628756231628354 1.0625943210907278 0.74591449275612731 1.0941816368140267 0.96870226738974441 2.2897335714660585 11.114231716841443 4.0109523735009134 0.72877285536378655 1.3273027390241621 0.72733154799789179 3.7242399211972943 0.54533801274374127 0.43569933483376999 0.67863242863677342 44.694357281085132 3.1446803719736627 5.8853454119525823 1.8499133652075981 1.3839979348704226
leaf_count=65 120 4 85 34 136 122 21 12 81 28 28 36 12 30 37 44 256 212 9 71 26 69 31 13 17 1146 138 204 86 27
internal_value=-0.000175666 -0.000568085 0.0308059 -0.00110127 -0.000760807 -0.0191018 0.0168939 5.75475e-05 -0.0156606 0.00115309 0.0187805 0.0290636 0.00172195 0.0474098 0.00120222 0.000706882 -0.000604785 -0.0227405 0.0140463 -0.0218571 0.0276655 0.0384412 -0.0399144 0.00745377 0.0017397 -0.00101518 -0.0161695 -0.0208568 -0.010198 0.000362808
internal_weight=101.146 100.367 1.6772 98.6902 98.0178 4.18663 1.98492 93.8312 8.98448 6.15206 4.60831 4.01965 84.8467 2.95706 84.2551 83.5092 76.0329 7.28172 7.47635 2.05608 5.42027 4.45157 4.99199 0.981037 68.7512 57.6369 12.9426 12.2639 9.11926 7.26934
internal_count=3200 3080 89 2991 2926 177 55 2749 339 203 122 94 2410 58 2398 2386 2174 300 212 80 132 95 256 44 1874 1618 472 455 317 231
is_linear=0
shrinkage=0.05


Tree=113
num_leaves=31
num_cat=0
split_feature=0 1 3 1 0 0 8 10 2 4 3 3 1 9 3 4 10 0 0 2 10 2 2 3 5 4 9 8 9 9
split_gain=0.763651 0.645667 1.15537 0.693297 0.675381 0.558115 0.860661 1.0578 0.654293 0.575892 2.00276 2.25089 1.42853 1.51514 1.2465 1.48396 1.38339 1.20042 1.93913 1.51852 2.34697 1.21473 1.3985 1.28588 1.44513 2.0304 1.62753 1.84552 2.19284 2.03577
threshold=2.229636751043357 2.5289177641824563 1.9458569951648856 2.3776027048635706 2.1432782136874171 -1.1004094268191746 -0.6345239612728929 -0.20462884119722452 -0.64372147380909817 1.0800313386245708 0.55848596876919809 0.52375838640263439 0.64593486761137875 -0.19033200282897814 2.5549216383180724 5.0581982709663604 0.97699101548487877 0.4359493256153853 0.36497072049860563 -0.34449425741718026 0.17423742220486654 -0.60942377085899468 -0.59782257499795122 -0.5673752561669626 -0.52810177895233334 -0.449698846770969 -0.32545265583951155 -0.27315520311424452 0.35319731513960112 1.2125791011000751
decision_type=2 2 2 2 2 2 2 2 2 2 2 2 2 2 2 2 2 2 2 2 2 2 2 2 2 2 2 2 2 2
left_child=1 3 -3 4 5 6 7 -1 -7 10 11 12 17 -14 16 -16 -11 18 21 -19 -21 -10 -23 -24 25 -25 -26 28 -28 -29
right_child=-2 2 -4 -5 -6 8 -8 -9 9 14 -12 -13 13 -15 15 -17 -18 19 -20 20 -22 22 23 24 26 -27 27 29 -30 -31
leaf_value=-0.051576584729674795 0.050392966056072901 0.051309377113705951 -0.01787652233118292 -0.036571861387819558 0.048820120904634487 -0.051996748098419698 -0.051734706962375969 0.037430331611557038 0.011760306886351032 0.0016104829837256529 0.03867920190800056 -0.09415186265606762 -0.039756723538388099 0.040558395998270783 0.052917457481193864 -0.025748907100187457 -0.05597009201858455 -0.051084579458398317 0.050056489080334457 0.034980543893392065 -0.032515815957835439 -0.051248739531162192 -0.051018925528283236 -0.017630642205715735 -0.013647094487089985 0.053096648339449465 0.024292881231114078 -0.033980161140954396 -0.017193973603489333 0.054615859993100806
leaf_weight=0.53478085389360785 0.74087093537673254 1.5481302244588726 0.98886798601597536 1.3665202585980285 0.68349462375044723 0.61026014015078445 1.3513265862129618 0.88825399568304442 15.166124095441758 1.8664651634171594 3.3957127910107365 0.63673489261418481 0.69732218608260144 3.7188846194185308 1.2289787945337596 1.1704287044703958 2.3646662621758878 2.604264494497329 1.9381980779580761 2.2039496805518857 3.0986755713820457 1.541295921662807 1.3504183355253037 1.640518278814852 22.568239830201478 2.6600996768101899 12.347055619582539 4.3470284109935866 4.2924161516129962 0.76206349581480015
leaf_count=28 120 84 18 19 19 26 74 28 343 45 120 8 15 151 38 18 31 172 41 35 51 97 102 47 837 31 275 174 139 14
internal_value=-0.00018211 -0.00055842 0.0243422 -0.00120946 -0.000704339 -0.00106071 -0.0231567 0.00398126 -0.000395898 -5.21199e-05 0.00105537 -0.00051083 0.000225852 0.0278766 -0.0142443 0.0145441 -0.0305698 -0.00136995 0.000755964 -0.019818 -0.00446206 -0.000677164 -0.0043392 -0.00289224 -0.00155545 0.0261169 -0.00424085 0.0055199 0.0135907 -0.0207653
internal_weight=100.312 99.5712 2.537 97.0342 95.6677 94.9842 2.77436 1.42303 92.2098 91.5995 84.969 81.5733 80.9366 4.41621 6.63054 2.39941 4.23113 76.5203 68.6135 7.90689 5.30263 66.6753 51.5091 49.9678 48.6174 4.30062 44.3168 21.7486 16.6395 5.10909
internal_count=3200 3080 102 2978 2959 2940 130 56 2810 2784 2652 2532 2524 166 132 56 76 2358 2100 258 86 2059 1716 1619 1517 78 1439 602 414 188
is_linear=0
shrinkage=0.05


Tree=114
num_leaves=31
num_cat=0
split_feature=0 7 1 2 2 10 0 2 10 0 5 0 0 1 8 4 2 10 3 3 10 10 5 3 3 5 0 4 0 4
split_gain=0.725761 0.625075 0.81645 0.564363 0.581233 2.62441 1.13459 1.05072 0.786192 2.27481 2.23231 2.23053 1.62352 1.28939 1.23461 0.949169 1.24743 0.983638 0.906919 1.05928 1.00776 2.27815 0.947376 1.78367 1.62114 1.85043 1.69922 1.40857 1.31383 1.26665
threshold=2.229636751043357 2.3040973512739593 -1.0000000180025095e-35 3.005692153639917 2.2738930693361579 0.57265146778375275 1.1017766387462871 2.0636603349898412 1.3041644750934258 1.5805432220787325 1.0689182628952916 1.2067818746389163 2.0229533401720441 1.595272100321514 0.80990130410173455 1.0800313386245708 0.39417534796347414 1.266104878445238 0.081936206628921773 0.064043504423612424 -0.57552857066891017 -0.76207503649445896 0.26088870322712737 -0.036231127272439344 -0.1110842262608993 -0.12270695266526256 -0.40513010400760469 0.026223705490051517 0.66825594350383422 0.01107049274913428
decision_type=2 2 2 2 2 2 2 2 2 2 2 2 2 2 2 2 2 2 2 2 2 2 2 2 2 2 2 2 2 2
left_child=1 3 -3 4 7 -6 -7 8 10 11 12 14 13 15 -10 16 17 18 19 22 21 -20 23 24 27 26 -26 28 29 -1
right_child=-2 2 -4 -5 5 6 -8 -9 9 -11 -12 -13 -14 -15 -16 -17 -18 -19 20 -21 -22 -23 -24 -25 25 -27 -28 -29 -30 -31
leaf_value=-0.0012506111028886095 0.050373788402148158 -0.030950855888001828 0.051230331183338855 0.03347526683897812 -0.060016710599927942 -0.016167882122453455 0.052514092224952749 0.052404382167742784 -0.024178902220282936 0.051720595358550038 0.040311680004615359 -0.063203479713575969 -0.063456770330375473 0.051440924423903467 0.030664377481626998 -0.060248368970141887 0.036511290499025482 0.060538257720842141 -0.051518390319830812 0.061571689335687733 -0.047906622626853301 0.052419893133118282 0.045353277982720534 -0.050474243814763002 0.010816224342330122 -0.0083124841237935988 0.093280963771899275 -0.041213968207402418 -0.047670929996672495 0.066660274240340045
leaf_weight=56.406294380314634 0.70499977027065952 0.40444737765938055 1.1957058785483228 1.1695526163093735 2.0899644205346695 1.2626389078795912 1.1480189869180319 0.92532745376229186 2.9310784533154202 1.0786010017618535 3.3476730985566965 2.5890977028757334 1.0391960255801667 1.1747352038510133 1.5789812514558432 0.67779228463768859 2.1742450175806871 0.62518103327602048 1.0587912062183025 0.66876860707998176 2.2436831686645737 1.0500251641497014 1.0549389328807581 1.8755953079089653 1.1328032156452539 1.9754545553587366 1.3926292569376526 2.3384083090350023 1.5103224106132973 0.69508169288746913
leaf_count=1715 120 7 82 50 24 22 37 32 94 46 81 31 13 55 41 11 65 10 57 15 120 23 19 91 40 68 18 118 80 15
internal_value=-0.000177082 -0.000537739 0.0304586 -0.00104794 -0.00146833 -0.0190107 0.0165403 -0.000605894 -0.00114719 -0.0159342 0.0003196 -0.0262132 -0.00137308 -0.000546514 -0.00497816 -0.00134089 -0.000816926 -0.00191328 -0.00244519 -0.00104983 -0.0245818 0.000234723 -0.00166227 -0.00239895 -0.00102128 0.0279362 0.0562907 -0.00315966 -0.00164142 -0.000423948
internal_weight=99.52 98.815 1.60015 97.2149 96.0453 4.50062 2.41066 91.5447 90.6194 8.17776 82.4416 7.09916 79.0939 78.0547 4.51006 76.88 76.2022 74.028 73.4028 69.0503 4.3525 2.10882 68.3815 67.3266 65.451 4.50089 2.52543 60.9501 58.6117 57.1014
internal_count=3200 3080 89 2991 2941 83 59 2858 2826 212 2614 166 2533 2520 135 2465 2454 2389 2379 2179 200 80 2164 2145 2054 126 58 1928 1810 1730
is_linear=0
shrinkage=0.05


Tree=115
num_leaves=31
num_cat=0
split_feature=0 1 2 11 1 7 6 4 4 2 2 0 11 4 6 9 6 2 8 6 1 8 1 4 4 7 9 4 0 0
split_gain=0.689671 0.635568 0.605754 0.567906 1.2409 0.969444 0.5823 0.519708 0.842666 0.485803 0.767155 0.88584 1.28014 0.859339 1.7439 1.67257 1.53563 1.47838 1.20028 0.810943 1.26844 0.799822 0.967664 0.752936 1.16076 1.09855 1.02342 0.789116 0.838242 1.22955
threshold=2.229636751043357 -0.68499479762380366 -0.64372147380909817 1.4436749202024679 1.0168475337475449 1.1574853415732238 0.65612632702831852 -0.62050816202769388 -0.61701940545681822 3.005692153639917 2.8214319521275733 1.869841407555904 0.98649928985631286 1.2026250631138924 1.1884484164895375 2.2417173007326912 0.6217829664179173 0.93257453326227113 1.0795081217124203 -1.2556540802840159 1.2799681179653957 1.9450463599621288 -0.040533503198712122 0.099369598729839012 0.38993173380268409 -0.74274614806194927 -0.70594925819635124 0.071106762154513989 0.54335610264837564 0.36497072049860563
decision_type=2 2 2 2 2 2 2 2 2 2 2 2 2 2 2 2 2 2 2 2 2 2 2 2 2 2 2 2 2 2
left_child=1 -1 -3 7 5 -5 -7 -4 -9 10 11 13 -13 14 16 17 19 -15 -19 -10 23 22 -18 27 25 -25 -26 28 29 -21
right_child=-2 2 3 4 -6 6 -8 8 9 -11 -12 12 -14 15 -16 -17 21 18 -20 20 -22 -23 -24 24 26 -27 -28 -29 -30 -31
leaf_value=-0.050701120037388851 0.05035554788043678 -0.051969639605123866 -0.036079815520612873 -0.042576795184033955 0.052080772142287894 -0.012739402836052153 0.052363635965541312 0.040937550919967113 -0.064052124128975416 0.032064365437812485 -0.039520497149537072 0.052473142112133143 -0.019002637745468079 -0.046092566801818002 0.038782186487513963 -0.072218048874791593 -0.051205086861104636 -0.023510347287804351 0.052569857929520417 -0.00041984460528220972 0.051429370323213687 -0.070633849247963898 0.050260069312808367 0.0084176678749494829 -0.051005044232630449 -0.047708962087610579 0.029184637714310131 0.04114075084175281 -0.025933654921036164 0.032692471263264328
leaf_weight=0.62680473644286294 0.67085332400165398 0.56160220270976324 1.0256526828743506 0.98201542161405075 1.6331455125473437 0.63648165855556704 0.74607127625495195 1.2229332290589798 0.49983014073221355 1.1076352759264398 1.2907994911074627 1.7765410309657448 0.96765102539211501 1.3219777927733951 2.7458162521943441 1.2392976637929676 0.57237601815722894 0.88280088361352715 1.2559752082452176 60.446989839896574 1.1732248403131951 1.1959336232393978 0.39863223629072242 1.2048769467510281 0.50984873017296228 3.1537624993361524 1.8118528579361735 1.1801778841763724 2.9996421013493082 2.939882887993007
leaf_count=65 120 24 62 9 74 16 25 12 14 48 18 61 18 22 115 12 42 15 39 1787 54 12 18 48 38 129 66 29 136 72
internal_value=-0.000168412 -0.000513882 -0.000191186 0.000108839 0.0185614 -0.00458962 0.0223923 -0.000685013 -0.000289981 -0.000846013 -0.001253 -0.000693445 0.0272695 -0.00159059 -0.000382104 -0.0223745 -0.00175926 -0.00452557 0.021167 -0.000574665 -0.000153983 -0.0432622 -0.00955016 -0.000969085 -0.0169822 -0.0321936 0.0115749 0.00061414 -0.000106317 0.0011159
internal_weight=98.7811 98.1102 97.4834 96.9218 3.99771 2.36457 1.38255 92.9241 91.8985 90.6755 89.5679 88.2771 2.74419 85.5329 80.8328 4.70005 78.087 3.46075 2.13878 75.9201 75.4203 2.16694 0.971008 74.247 6.68034 4.35864 2.3217 67.5667 66.3865 63.3869
internal_count=3200 3080 3015 2991 124 50 41 2867 2805 2793 2745 2727 79 2648 2560 88 2445 76 54 2373 2359 72 60 2305 281 177 104 2024 1995 1859
is_linear=0
shrinkage=0.05


Tree=116
num_leaves=31
num_cat=0
split_feature=0 1 7 9 9 10 5 9 8 4 8 5 1 9 0 8 8 4 8 8 10 5 1 7 4 4 7 7 8 8
split_gain=0.655338 0.604596 0.5652 0.902716 0.532135 1.84999 1.92283 1.16644 0.952719 1.77744 1.00076 1.37358 1.28938 1.59003 0.853746 1.08241 2.99226 0.759953 0.698463 1.8227 1.28712 1.19458 2.22255 1.65822 1.14582 1.85389 1.78789 1.78756 1.44166 2.16208
threshold=2.229636751043357 -0.68499479762380366 2.3040973512739593 -0.31355617911888728 -1.1536718034416982 -0.62555272104108373 -0.26118370153134735 -1.1497220215039763 -0.94934480707556113 -0.058196488134231041 -0.89884376613022876 -0.24288674449610928 -0.52299735883038256 -0.94524115888533677 -1.068913057441949 -0.64119655746608784 -0.65825336148056179 -0.32962537078581083 -0.61627028200523648 -0.65825336148056179 -1.5537790012182586 -0.26547673432301416 -0.6597344905261292 -0.072412693130621195 -0.20502727244929961 -0.23251925235962498 -0.978830470735086 -0.94316671086567228 -0.49910644657854658 -0.48755758334671301
decision_type=2 2 2 2 2 2 2 2 2 2 2 2 2 2 2 2 2 2 2 2 2 2 2 2 2 2 2 2 2 2
left_child=1 -1 4 -4 5 6 -3 -6 9 -9 11 12 13 -10 15 16 -12 -14 19 20 -16 22 -22 -23 25 26 -20 -28 -29 -30
right_child=-2 2 3 -5 7 -7 -8 8 10 -11 14 -13 17 -15 18 -17 -18 -19 24 -21 21 23 -24 -25 -26 -27 27 28 29 -31
leaf_value=-0.0506668306903649 0.050338197554477188 -0.051995761144513264 -0.040330672685697469 0.051153439097144787 0.068944531197869169 -0.051474177152190909 0.052890914473567432 -0.051496858799742397 0.05506775762752824 0.029527226830712017 -0.05186477864675252 -0.026442373490513035 0.027008051043855744 -0.051852628987533039 -0.051990842091949041 -0.051577258772849577 0.10224735864555703 0.079453280503234275 -0.051864615361681271 -0.053321259182803588 0.059498283821738877 0.022994680948275021 -0.020044965761676553 -0.036410790408714339 -0.0044687725154244047 0.05056612598074689 0.050750898616804541 -0.02810907984484361 0.085771896982532542 0.0060127155394290614
leaf_weight=0.59662843914702435 0.63834982388652761 0.66785871936008323 0.35041851736605178 1.1698825098574148 0.61148888245224853 2.0613140598870805 1.263862273655832 2.2458961973898117 0.62929945485666394 0.96887126797810097 0.81169312633574009 1.16345003992319 1.3050774480216203 0.77709847083315187 1.2447771867737234 1.8019531206227828 0.51468377374112628 1.4673846103250987 1.2738527450710488 1.9629872546065517 0.97952381661162213 7.5071388869546354 8.4883372560143471 1.3926223930902724 26.520884904544815 2.5455942861735847 2.316678194794803 2.9304371341131654 0.88533711805940285 21.090231295209378
leaf_count=65 120 34 4 85 13 122 21 116 11 34 48 42 28 33 50 99 4 17 51 77 21 178 307 50 810 46 36 104 15 559
internal_value=-0.000157778 -0.00048823 -0.000179428 0.030067 -0.000661294 -0.0185281 0.0166282 0.000118961 -0.00034442 -0.0270777 0.000636543 0.021607 0.0349846 -0.00401059 -0.000725254 -0.0263441 0.00793649 0.0547658 0.000287455 -0.00738511 -0.0027874 0.000547122 -0.0118156 0.013699 0.00316324 0.00968365 0.00603162 0.00874081 0.00483316 0.009226
internal_weight=98.1836 97.5453 96.9486 1.5203 95.4283 3.99304 1.93172 91.4353 90.8238 3.21477 87.609 5.34231 4.17886 1.4064 82.2667 3.12833 1.32638 2.77246 79.1384 21.5754 19.6124 18.3676 9.46786 8.89976 57.563 31.0421 28.4965 27.2227 24.906 21.9756
internal_count=3200 3080 3015 89 2926 177 55 2749 2736 150 2586 131 89 44 2455 151 52 45 2304 683 606 556 328 228 1621 811 765 714 678 574
is_linear=0
shrinkage=0.05


Tree=117
num_leaves=31
num_cat=0
split_feature=11 1 1 6 6 1 1 10 3 10 1 1 2 2 6 5 2 6 1 1 2 8 6 6 2 4 0 8 8 10
split_gain=0.632047 1.20504 1.50984 0.628869 0.629287 1.36101 0.832559 1.42226 1.50432 1.44478 0.961903 1.69876 1.24146 0.933969 0.725127 1.07747 1.2933 0.874687 0.709362 1.60465 0.793865 1.80789 1.62709 1.47851 2.30352 1.38298 1.26645 1.24233 1.35037 1.12391
threshold=1.4436749202024679 1.0168475337475449 0.45805458259395293 -1.2556540802840159 -1.1869673590632133 -0.43921187833385439 -0.64448539392447113 -1.37065914427896 -0.51176164108056066 0.38811606483161354 -0.63184954001899396 -0.62054438135280299 -0.50922135702251492 -0.61694999916001914 -1.0610417034917423 -0.19638726556517552 -0.29780832664808204 -1.0495939166216084 -0.61692712644205228 -0.59926777812536425 -0.60942377085899468 -0.8149864838064137 -0.91222047418000374 -0.8320859660890676 -0.22175113384545886 -0.59162046264247503 -0.86965156213769335 -0.99779796382513897 -0.94614398794680932 -0.66223135849169101
decision_type=2 2 2 2 2 2 2 2 2 2 2 2 2 2 2 2 2 2 2 2 2 2 2 2 2 2 2 2 2 2
left_child=3 2 -2 -1 5 -5 7 -6 9 -9 12 -12 13 -8 15 -13 -17 -16 -19 -20 21 -21 -23 24 -22 -25 -24 -27 -29 -30
right_child=1 -3 -4 4 6 -7 10 8 -10 -11 11 14 -14 -15 17 16 -18 18 19 20 23 22 26 25 -26 27 -28 28 29 -31
leaf_value=-0.051105370511822824 0.053061615132474774 0.051877289831945998 -0.031783486081496073 0.031033457057364735 0.035101892040549733 -0.030204816905540943 0.027777589153986357 -0.050684607467921361 -0.051044681179722523 0.066655520694946443 -0.051382738370527752 -0.053022452096448507 0.041889636632624329 -0.051663169032691518 0.054888961716999911 -0.051347045060048717 0.054793714823792986 0.032886833033492317 -0.040200240632275112 0.041160155508954757 -0.051463956732804364 0.05715693000572613 0.026094269745872326 -0.037670685618808541 0.034210452720319647 0.064403138979077471 -0.022311291508451916 -0.051323925522342856 -0.01320994530770505 0.0060351116435730622
leaf_weight=0.62202437408268352 0.784060575999319 1.6609554877504704 1.5829668324440715 3.8355896212160587 0.92053661867976178 1.1884339861571778 0.69502989761531331 0.4517658313270656 3.1310643607284865 0.62560947751626372 1.6836957172490645 1.5661793895997109 2.8403468132019034 0.79112966451793909 0.72725950134917994 0.49439898738637567 0.68412181828170904 1.5833084979094554 2.5124502405524245 3.715278713963925 3.1904109064489603 1.0463699363172043 1.8280927441082884 2.2926629707217066 1.0404177475720491 0.78595236502586274 5.1803724477067448 1.201227022334918 9.391017978079601 39.477852497715588
leaf_count=21 27 96 30 62 28 51 12 45 243 15 91 81 34 37 14 28 16 25 110 67 167 11 44 75 36 19 152 68 315 1180
internal_value=-0.000163104 0.0192298 -0.00367916 -0.000998527 -0.00066296 0.0165475 -0.00164713 -0.021195 -0.0335092 0.0174524 -0.000435192 -0.00170173 0.0225159 -0.0145112 -0.000611395 -0.0258473 0.0102668 0.000324964 -0.000216806 -0.000948201 0.000477964 0.0123067 -0.00100198 -0.00194842 -0.0303955 0.000316063 -0.00968515 0.00202856 0.00104946 0.00233683
internal_weight=97.5306 4.02798 2.36703 93.5026 92.8806 5.02402 87.8566 5.12898 4.20844 1.07738 82.7276 78.4011 4.32651 1.48616 76.7174 2.7447 1.17852 73.9727 73.2454 71.6621 69.1497 11.7701 8.05484 57.3795 4.23083 53.1487 7.00847 50.856 50.0701 48.8689
internal_count=3200 153 57 3047 3026 113 2913 331 303 60 2582 2499 83 49 2408 125 44 2283 2269 2244 2134 274 207 1860 203 1657 196 1582 1563 1495
is_linear=0
shrinkage=0.05


Tree=118
num_leaves=31
num_cat=0
split_feature=0 1 2 2 3 5 10 6 6 1 8 2 2 10 0 2 0 11 10 6 5 6 8 4 0 4 1 3 3 6
split_gain=0.615185 0.557016 0.55779 0.530286 0.497541 1.15974 0.678001 0.683942 1.03284 1.02439 0.904908 0.835329 0.74908 2.05211 1.37786 1.25017 0.879095 1.5683 1.33249 2.16046 2.02307 1.1057 1.79982 1.09266 1.71457 1.12653 0.981708 1.24084 1.96104 0.917348
threshold=2.229636751043357 -0.68499479762380366 -0.64372147380909817 3.005692153639917 -0.5673752561669626 -0.60710728456739205 1.9502346260213264 -1.1869673590632133 -1.0610417034917423 -0.43921187833385439 0.41200743760732328 -0.29780832664808204 2.2738930693361579 0.57265146778375275 1.1017766387462871 1.9622995548891227 2.1082722643615655 1.4436749202024679 1.3041644750934258 0.64467854015818482 1.0689182628952916 0.16387149161256767 0.58715927232898213 0.032540542191864204 -0.43766492532122853 0.018200078826350885 1.3647751302091884 0.052047153643017964 -0.1110842262608993 -1.0495939166216084
decision_type=2 2 2 2 2 2 2 2 2 2 2 2 2 2 2 2 2 2 2 2 2 2 2 2 2 2 2 2 2 2
left_child=1 -1 -3 4 5 -4 7 9 11 -6 -11 -9 15 -14 -15 16 17 18 20 21 23 22 -20 25 -25 29 27 28 -26 -10
right_child=-2 2 3 -5 6 -7 -8 8 12 10 -12 -13 13 14 -16 -17 -18 -19 19 -21 -22 -23 -24 24 26 -27 -28 -29 -30 -31
leaf_value=-0.050613241535122283 0.050318693384731855 -0.051828373588973145 0.028642649013410394 0.033376708869427021 0.030541379267483123 -0.036845790073896732 0.033561189207576246 -0.051081796255484806 0.060024646522292759 -0.050495773210166232 0.041986629439437512 -0.00097113096335165155 -0.055878332512971599 -0.02768796259431431 0.052322231550890719 0.052004930239052505 -0.044966444016134088 0.052275229880958035 -0.058129105044823486 -0.054467089158576502 0.049655398635293731 0.047024083188643401 0.052692559786100782 -0.051217907864641303 -0.051314547487469254 0.053914942306577611 0.051455268812647809 -0.038444764545899159 0.046237441051319446 0.00091031159259950453
leaf_weight=0.55091688479296763 0.59967540460638602 0.52016053115948935 0.92814655555412207 1.1816201023757447 3.8066169852390885 2.4888917077332726 1.5136348702944804 1.839965262450278 0.66412631515412002 0.85352549189701565 0.38327381107956171 1.5175675461068738 2.0895377267152062 1.0411412417888644 1.1136628161184488 1.1831749249249686 1.0618221769109357 1.4536618054844428 1.0199924036860459 2.8124233353883028 2.1348332841880611 1.0910317702218888 0.57172900065779675 2.5304639274254441 0.7609960371628407 1.0485899811610568 0.76099362922832359 2.0539569952525198 1.5948313078843046 55.540736345574274
leaf_count=65 120 24 25 55 60 159 70 124 12 42 14 26 24 15 42 50 20 63 40 41 59 22 17 159 46 20 35 89 41 1621
internal_value=-0.000166531 -0.000481525 -0.000192512 9.00914e-05 -0.000328963 -0.0190576 0.000378633 -0.00018616 -0.00126133 0.0176968 -0.0218362 -0.0284323 -0.000128462 -0.0205727 0.0136635 0.00100904 0.000205618 0.000853453 -0.000176376 -0.0238473 0.00176246 0.00825249 -0.0183232 0.000188392 -0.0174934 0.0025668 -0.000989408 -0.0100398 0.0147255 0.00160882
internal_weight=96.7117 96.112 95.5611 95.0409 93.8593 3.41704 90.4423 88.9287 83.8852 5.04342 1.2368 3.35753 80.5277 4.24434 2.1548 76.2834 75.1002 74.0384 72.5847 5.49518 67.0895 2.68275 1.59172 64.9547 7.70124 57.2535 5.17078 4.40978 2.35583 56.2049
internal_count=3200 3080 3015 2991 2936 184 2752 2682 2566 116 56 150 2416 81 57 2335 2285 2265 2202 120 2082 79 57 2023 370 1653 211 176 87 1633
is_linear=0
shrinkage=0.05


Tree=119
num_leaves=31
num_cat=0
split_feature=0 1 9 10 5 9 0 1 7 3 5 3 2 5 3 7 6 12 2 10 3 1 10 2 2 2 9 1 1 9
split_gain=0.584682 0.529827 0.506945 1.75841 1.7629 0.967249 0.81723 2.00605 2.03543 1.21581 1.59184 1.12128 2.07187 0.519531 0.970812 1.29553 0.830538 1.04848 1.35435 0.821608 0.703771 1.92839 1.58193 1.32921 1.19495 3.13614 2.38861 1.67616 1.57422 1.3944
threshold=2.229636751043357 -0.68499479762380366 -1.1536718034416982 -0.62555272104108373 -0.26118370153134735 -1.1497220215039763 -0.98753960173662036 -0.5435585705320255 -0.7088178460563298 -0.36869463899994204 -0.5238446889404057 -0.3398415475563642 -0.57162242565207066 -0.60710728456739205 -0.5673752561669626 1.203888152190054 -1.1984151459333472 -0.74002698477181994 -0.39804270866968167 1.9502346260213264 -0.48184563559686372 -0.29543068525098165 -0.44882964495216293 -0.63735761389618728 -0.60942377085899468 -0.55069853381578837 -1.0900239759565429 -0.66930197890938004 -0.64448539392447113 -0.53158145684734681
decision_type=2 2 2 2 2 2 2 2 2 2 2 2 2 2 2 2 2 2 2 2 2 2 2 2 2 2 2 2 2 2
left_child=1 -1 3 4 -3 -4 7 -7 -9 10 -10 -11 -13 -8 15 -15 17 -16 -19 20 21 22 -18 -22 26 -26 -25 -28 -27 -29
right_child=-2 2 5 -5 -6 6 13 8 9 11 -12 12 -14 14 16 -17 19 18 -20 -21 23 -23 -24 24 25 28 27 29 -30 -31
leaf_value=-0.050583253925542387 0.050303144374534293 -0.051950954806365524 0.062821109658928967 -0.051436300869359568 0.050416910490864331 -0.052056858457575877 0.041603665093633314 -0.051386149043430154 0.04581154443659035 0.079355965954807955 -0.05167759658003819 0.062705337517714815 -0.051423952659143381 -0.05065585822111135 0.056526420827646209 0.052196858643286298 -0.0096470461638119842 -0.05144770152398899 0.037051412088880763 0.038022828882355697 -0.051421121536707783 -0.027534071635617743 0.033180493721421907 0.093061873047021182 -0.037341229333157595 -0.05117167571365671 0.091369789645155575 0.018711268529194559 0.00250469479864774 -0.026495748877228654
leaf_weight=0.52435118984430928 0.57060077064670522 0.63083771849051107 0.61965942941605945 1.9408433306962241 1.2617904311046007 2.5184436950366944 0.80583537882193823 1.3933459869585929 0.67964255530387108 1.052408982999623 1.09068231517449 0.91402652533724904 0.70389211736619317 1.7205508451443159 1.5569955701939764 0.37244107108563174 3.055842208210378 0.73853869969025243 1.0425932956859458 1.4751838860101987 1.3255477123893644 2.6064054886810331 7.3235055604018262 0.90969818457961071 6.1015007928944973 1.4097358053549971 0.55154207348823536 4.330247541423887 43.99502119049437 2.8143617925233979
leaf_count=65 120 34 13 122 21 135 18 81 10 7 51 18 36 115 24 11 87 33 20 70 65 72 110 5 365 93 6 75 1217 101
internal_value=-0.000159452 -0.000461069 -0.000184248 -0.0179959 0.0162964 0.000565201 0.000138874 -0.0147618 0.0013379 0.0178812 -0.0142507 0.0391833 0.0130522 0.00165414 0.00125831 -0.0323536 0.00214614 0.0265553 0.000355636 0.0010726 0.000340187 0.010916 0.0205714 -0.00189517 -0.000803061 -0.00368464 0.0164433 0.00738682 0.00083814 0.000903591
internal_weight=96.0361 95.4655 94.9411 3.83347 1.89263 91.1076 90.488 8.35244 5.834 4.44065 1.77032 2.67033 1.61792 82.1355 81.3297 2.09299 79.2367 3.33813 1.78113 75.8986 74.4234 12.9858 10.3793 61.4377 60.1121 51.5063 8.60585 7.69615 45.4048 7.14461
internal_count=3200 3080 3015 177 55 2838 2825 338 203 122 61 61 54 2487 2469 126 2343 77 53 2266 2196 269 197 1927 1862 1675 187 182 1310 176
is_linear=0
shrinkage=0.05


Tree=120
num_leaves=31
num_cat=0
split_feature=7 9 9 0 0 1 7 3 5 4 11 9 0 0 3 9 6 0 0 0 2 6 5 7 0 9 1 1 5 4
split_gain=0.561566 1.17443 0.467922 1.56934 0.802783 1.9537 1.91431 1.10958 1.48375 1.02441 1.19125 0.882241 0.765474 0.717034 0.577294 1.71448 0.777981 1.21075 1.01186 0.907371 1.74106 0.863587 1.02418 0.878976 0.988956 1.60855 0.90499 0.960155 1.55872 0.932972
threshold=2.3040973512739593 -0.50909210862769505 -1.1536718034416982 -0.91886615792484605 -0.98753960173662036 -0.5435585705320255 -0.7088178460563298 -0.36869463899994204 -0.5238446889404057 -0.48930158921575306 0.98649928985631286 -1.1497220215039763 -0.98225688861275284 0.36497072049860563 -0.5673752561669626 0.42750761806088611 -1.1984151459333472 -0.93505044014414518 -0.92540951807127958 -0.66359182837190367 -0.22175113384545886 -1.0610417034917423 -0.19638726556517552 2.1027043013255291 0.88291895521107089 1.8443686351201831 1.666174963909911 3.9886130209923598 -0.080812678547923192 5.0581982709663604
decision_type=2 2 2 2 2 2 2 2 2 2 2 2 2 2 2 2 2 2 2 2 2 2 2 2 2 2 2 2 2 2
left_child=2 -2 3 -1 5 -4 -7 8 -8 -9 -11 -6 -13 -5 15 -14 19 -18 -19 -16 -21 22 -20 26 -25 -26 29 28 -28 -23
right_child=1 -3 4 13 11 6 7 9 -10 10 -12 12 14 -15 16 -17 17 18 21 20 -22 23 -24 24 25 -27 27 -29 -30 -31
leaf_value=0.030058580046680147 -0.064031038425889947 0.051112386607934907 -0.051915909196329581 -0.051585897354015642 0.061156423605541022 -0.051318321854690964 0.043233526036651523 0.087151612116734362 -0.051595153360207528 -0.021010447133173498 0.058346972911787025 0.051250541530628413 -0.050718139124978356 0.018947803180288398 0.053548506440687295 0.036095164645766772 -0.040949585485861639 0.054622130338502141 -0.052013284735870781 -0.051460763400895095 0.047152884347680751 0.0020338113225628839 0.0039401503248900783 -0.072194238759754142 0.051552847749919778 -0.052837867997394351 -0.020939705114166818 -0.023317733694786701 0.052135858200681312 -0.050920942106257062
leaf_weight=1.1706270282156768 0.27043834608048212 1.2226895561907427 2.479202164337039 2.1463411392178382 0.61643633618950744 1.3270992808975277 0.68404408823698704 0.748290250077844 1.0391050712205467 0.96094776922836744 0.93111123703420162 0.75420823320746322 1.7531897138105699 0.43300999468192447 1.5197265581227841 0.84179378324188281 1.7323844102211285 0.88042593887075682 1.6573936447966846 0.84028019616380334 0.95774729596450814 60.565718978876248 1.6144743422046293 0.82806508848443572 0.69374872976914026 0.7883719524834305 0.96538373176008496 0.88489226973615576 2.9894712669774881 0.84334345813840528
leaf_count=37 3 105 146 128 12 81 10 5 51 42 14 12 116 17 23 30 75 13 85 39 18 1823 43 9 36 21 38 20 139 9
internal_value=-0.000164572 0.0302574 -0.000649627 -0.0179545 7.22325e-05 -0.014872 0.00126676 0.0172598 -0.0139507 0.0376285 0.0180426 0.00156613 0.00111324 -0.039745 0.000642665 -0.0225565 0.00141685 0.00036105 0.0013453 0.0251068 0.00106733 0.000692287 -0.0244036 0.00188995 -0.0284275 -0.00397483 0.00294716 0.0237637 0.034298 0.00130657
internal_weight=95.14 1.49313 93.6468 3.74998 89.8969 8.1698 5.6906 4.3635 1.72315 2.64035 1.89206 81.7271 81.1106 2.57935 80.3564 2.59498 77.7614 74.4437 72.7113 3.31775 1.79803 71.8309 3.27187 68.559 2.31019 1.48212 66.2488 4.83975 3.95485 61.4091
internal_count=3200 108 3092 182 2910 349 203 122 61 61 56 2561 2549 145 2537 146 2391 2311 2236 80 57 2223 128 2095 66 57 2029 197 177 1832
is_linear=0
shrinkage=0.05


Tree=121
num_leaves=31
num_cat=0
split_feature=7 9 2 7 9 4 4 3 2 1 2 10 2 7 9 1 3 3 9 3 0 5 11 3 3 7 3 5 2 10
split_gain=0.529518 1.10095 0.471466 0.462112 0.840154 0.571709 0.731708 0.786044 1.01135 0.81334 1.06988 1.99358 1.05491 1.02154 0.965937 1.27962 1.23229 0.662352 1.77749 1.72 1.57398 1.36907 2.12401 1.30719 1.4061 2.14341 2.13502 1.35296 2.26249 1.48313
threshold=2.3040973512739593 -0.50909210862769505 3.005692153639917 2.1807425792161284 1.8443686351201831 -0.62050816202769388 -0.61701940545681822 -0.5673752561669626 -0.6381226920533446 1.666174963909911 2.2738930693361579 0.64311850389521974 1.6891274532491829 1.8588166914481479 -0.2588097299006285 3.9886130209923598 -0.25871313966137527 -0.48184563559686372 -0.69584036864675192 -0.50033097130084458 -0.19969147626913489 -0.39742967276441404 0.52932365951015792 -0.43295134401924623 -0.41690527970286867 -0.80281367414365101 -0.39577796915671082 -0.3625738381022901 -0.62025950798046459 0.058127762853457852
decision_type=2 2 2 2 2 2 2 2 2 2 2 2 2 2 2 2 2 2 2 2 2 2 2 2 2 2 2 2 2 2
left_child=2 -2 3 5 -5 -1 -7 8 -8 10 13 -12 14 17 -11 16 -16 18 -9 20 21 22 -20 -19 25 -25 -26 28 -28 -29
right_child=1 -3 -4 4 -6 6 7 9 -10 12 11 -13 -14 -15 15 -17 -18 23 19 -21 -22 -23 -24 24 26 -27 27 29 -30 -31
leaf_value=-0.040446971274259717 -0.061199676539215458 0.051058805999686145 0.032023861370025879 0.011758138823871264 -0.0558930073426121 0.038989829687417946 0.045466089859433956 -0.024804974135601236 -0.043273923009075663 -0.049723274922086419 -0.073184018501930834 0.0060657114649134494 0.05206348580104625 0.051565245749812229 -0.047928447575922038 -0.042676179538422843 0.05177907333841078 -0.025187232702994961 -0.033083289882850087 0.045281688133304271 -0.035132519025504357 0.062107251028359789 0.039250194476726341 0.062244679894206768 -0.048804666775705559 -0.013496177859013912 0.026605884435352379 0.010254267619471472 -0.037752147049899827 -0.0088877965042757096
leaf_weight=0.88710186677053471 0.26884308923035871 1.1642480061855154 1.092633545398711 0.82879037573002179 1.0283894296735523 1.1807922702282656 0.38265876937657628 3.0250050486065438 1.9948837258853007 0.67975624534301493 1.4355623517185443 1.7744322610087691 1.6678026963490991 0.95172658981755276 0.3724343175999828 0.69604033697396506 1.845073781441896 5.8944379324093381 2.0074592013843349 3.882062466815106 1.8941571004688738 1.3197121606208382 2.0525896763429046 2.1258477433584635 2.3828150215558557 1.6661927443928863 1.8572262302041052 26.582752260845211 5.1587801652494667 16.338579185307026
leaf_count=60 3 105 54 28 17 13 6 107 142 10 14 41 78 50 9 10 97 218 62 57 53 21 22 24 127 53 39 860 242 578
internal_value=-0.000162023 0.0299995 -0.00062677 -0.00101491 -0.0257028 -0.000505784 -0.000108426 -0.000633122 -0.0289915 0.000154436 -0.00109263 -0.0293761 0.0192001 8.4325e-05 0.00394677 0.0164685 0.035033 -0.000558769 0.00918974 0.0184076 0.00406499 0.017866 0.00348547 -0.00278826 -0.00043531 0.0289647 -0.00256616 -0.000359835 -0.0207158 0.00296758
internal_weight=94.4388 1.43309 93.0057 91.9131 1.85718 90.0559 89.1688 87.988 2.37754 85.6104 80.3493 3.20999 5.26111 77.1393 3.5933 2.91355 2.21751 76.1876 14.181 11.156 7.27392 5.37976 4.06005 62.0066 56.1122 3.79204 52.3202 49.9373 7.01601 42.9213
internal_count=3200 108 3092 3038 45 2993 2933 2920 148 2772 2568 55 204 2513 126 116 106 2463 322 215 158 105 84 2141 1923 77 1846 1719 281 1438
is_linear=0
shrinkage=0.05


Tree=122
num_leaves=31
num_cat=0
split_feature=6 6 8 12 9 9 8 10 1 5 2 6 1 10 9 4 9 9 8 8 0 4 4 0 1 11 6 4 8 5
split_gain=0.548139 1.73744 1.29307 1.49947 1.41693 1.74424 1.36241 1.99108 1.79302 1.60855 1.60195 1.51566 1.43825 1.56837 0.946149 0.987576 0.919585 0.916892 1.18617 1.90025 2.55653 2.46002 2.32191 2.05308 1.83127 1.20179 1.08771 0.911293 0.896904 0.910917
threshold=0.083736983521631461 0.10663255726189894 1.8473808696127203 1.0000000180025095e-35 -1.1536718034416982 -0.98640739684122802 -0.55945159566791514 0.16513032046852624 1.0168475337475449 -0.26547673432301416 -0.62253014278912089 -0.68326473677732891 -0.63494236003316429 1.4324024751185578 -1.105438174950047 -0.53405404427811465 0.69293794669428055 0.57944151231838004 0.064969812155983311 -0.49357506536296752 -0.49872557221912678 -0.3583857906035775 -0.22876492566645221 0.41775503379414541 -0.50635432523051049 -0.84220323152830712 -0.38562227815385181 -0.34038347672486485 -0.94934480707556113 -0.49097255210125434
decision_type=2 2 2 2 2 2 2 2 2 2 2 2 2 2 2 2 2 2 2 2 2 2 2 2 2 2 2 2 2 2
left_child=2 -2 3 4 -1 14 7 9 12 10 -5 -11 -8 -14 15 -6 -12 18 19 20 22 24 25 -22 -21 -7 -23 -4 -3 -30
right_child=1 28 27 6 5 17 8 -9 -10 11 16 -13 13 -15 -16 -17 -18 -19 -20 21 23 26 -24 -25 -26 -27 -28 -29 29 -31
leaf_value=-0.05134417381919254 0.050022852955521752 -0.051235678632248066 -0.031545897185949127 0.043365802144272943 0.046101474642735479 0.022204870555241916 0.012837383279196524 -0.04035527302131485 0.024657649893793553 -0.023912208365359018 -0.051566096497235994 0.055692278393167163 -0.052327520490812421 0.036236971437589589 0.043316154489879632 -0.051233662054622015 0.034265172626375108 -0.024785924478830261 -0.030082728662810587 0.0082041202610618636 -0.051653915791142119 0.0084530673580310023 0.036269012065636562 0.0314629220303718 0.067390427360918534 -0.034228139416044072 -0.051681465445636836 0.052163277721747017 0.024284361073991258 8.513363488682436e-05
leaf_weight=1.2324831294827152 1.983077457640319 0.77548370743170281 0.40514310519211028 0.88197909668087993 0.45110395643860102 1.3974154600873605 1.2198290114756662 2.4378257754724473 1.3460234745871265 0.78281735023483667 1.7868179548531773 2.5320295919664222 6.7843939976301035 0.53964540408924211 3.6850238521583369 0.61707712383940794 0.37809484126046289 3.6549989839550099 2.5835683213081202 2.1375714400783181 3.8655889744404712 2.7536184522323315 4.2326619033701718 0.91973774600774039 3.3631931077688932 2.9038473046384752 1.0344831487163935 1.646188115235417 4.446754425414837 30.992766486713663
leaf_count=77 27 48 10 11 9 37 44 102 54 33 102 51 272 20 80 36 11 145 120 53 188 88 101 37 47 111 48 77 122 1039
internal_value=-0.000158079 0.00445289 -0.00332742 -0.00482056 0.00130972 0.00324113 -0.0162458 -0.00193413 -0.0289797 0.0127889 -0.0134353 0.0368933 -0.0374299 -0.045802 0.0313057 -0.010128 -0.0365759 -0.00138321 0.00201223 0.00567992 -0.00642563 0.023038 0.0099779 -0.0356789 0.0443909 -0.0158939 -0.00796892 0.0356305 0.00195755 0.00312152
internal_weight=93.7712 38.1981 55.5732 53.5218 34.8324 33.5999 18.6895 8.79956 9.88989 6.36174 3.04689 3.31485 8.54387 7.32404 4.7532 1.06818 2.16491 28.8467 25.1917 22.6081 13.3193 9.28887 8.53392 4.78533 5.50076 4.30126 3.7881 2.05133 36.215 35.4395
internal_count=3200 1236 1964 1877 1177 1100 700 310 390 208 124 84 336 292 125 45 113 975 830 710 474 236 249 225 100 148 136 87 1209 1161
is_linear=0
shrinkage=0.05


Tree=123
num_leaves=31
num_cat=0
split_feature=0 4 8 6 0 4 10 4 11 6 9 4 4 6 1 0 2 1 0 10 2 8 6 9 4 6 0 10 1 6
split_gain=0.527386 2.406 2.06163 1.94433 1.28184 1.72566 1.39639 1.24413 1.65286 1.38578 1.20982 1.00727 2.54297 1.3849 2.40314 2.56424 2.02858 2.31012 1.4802 1.11914 2.1073 1.07749 2.06806 2.14849 2.10665 1.75804 1.66792 1.78727 1.57343 1.35706
threshold=-0.77737289144586874 -0.29355422887269261 -0.26158706778672614 0.31269272092430628 -0.92540951807127958 -0.4922412449165342 -0.55994841720712485 -0.054494291094055118 0.98649928985631286 -0.8320859660890676 -1.1536718034416982 -0.3583857906035775 -0.38173003263391186 0.48440952397631237 -0.4067129285001933 -0.49872557221912678 -0.5491734194217891 -0.59316825847168986 -0.44227187395058193 -0.92972612319219528 -0.58994098381045734 -0.023933338064652712 0.083736983521631461 -0.20531373790507165 -0.13157156760723329 0.10663255726189894 -0.75288375657835027 -0.31933582374911101 -0.4067129285001933 -0.6374735892967941
decision_type=2 2 2 2 2 2 2 2 2 2 2 2 2 2 2 2 2 2 2 2 2 2 2 2 2 2 2 2 2 2
left_child=1 4 3 7 5 6 -1 9 -9 -3 -2 12 13 14 15 -12 17 -17 -15 -19 -21 22 23 24 -13 -24 -26 -28 -29 -23
right_child=10 2 -4 -5 -6 -7 -8 8 -10 -11 11 21 -14 18 -16 16 -18 19 -20 20 -22 29 25 -25 26 -27 27 28 -30 -31
leaf_value=-0.05132868351683198 -0.036521786443928075 -0.021768586877750715 -0.049997320400761762 -0.051604677336176366 -0.051476518402756993 -0.040292529493343401 0.032139778318728961 -0.051352156279957234 0.044565929785394219 0.043303921063024303 0.032126058077983626 -0.039483030892343479 0.046298905489872852 -0.042447601919511094 -0.027909221994341916 -0.051469499046594251 -0.031417419297457456 0.083460682862218208 0.049445275986439136 -0.051619908182406242 0.05821093753158716 0.032895030657822628 0.072396979891955426 -0.051404990430657493 0.0803402267336355 0.00090066411033761255 -0.051402121109243241 -0.0105401271355837 0.061683418119558409 3.9353743992940024e-05
leaf_weight=0.63763733790256116 2.0030626519583157 0.95309760654344966 1.3225498555693764 0.94119155942462462 3.2611622384283709 2.8247125807683915 2.3395962945651263 1.0982044148258854 0.75991376163437951 5.7790680220350614 6.9725292511284414 3.2280185353010884 4.1564259205479166 0.52318364521488581 5.8543298623990294 0.90388950030319426 4.5567874729167599 0.9826571242883807 2.6985801006667307 0.69318171916529592 1.1805104324594182 3.8146583710331496 0.97395796980708649 4.326341463718566 0.76302129961550136 7.3361207153648138 1.209244799800216 1.7644689753651608 1.316934909671547 17.844704123679549
leaf_count=38 117 34 93 52 178 161 57 70 15 95 142 140 64 27 200 53 156 13 86 34 16 140 11 192 7 219 70 75 29 616
internal_value=-0.000164693 -0.00737742 0.00850247 0.0166197 -0.0263953 -0.0122976 0.0142632 0.0240946 -0.0121246 0.0340914 0.00180045 0.00288009 0.0101513 0.00398507 -0.000668055 0.00976251 -0.00898583 0.0181976 0.0345228 0.0402436 0.0175785 -0.00199082 -0.0100845 -0.022848 -0.00792991 0.00928018 0.0122246 0.000111305 0.0203269 0.00582591
internal_weight=93.0197 19.9171 10.854 9.53148 9.06311 5.80195 2.97723 8.59028 1.85812 6.73217 73.1026 71.0995 28.5221 24.3656 21.1439 15.2896 8.31703 3.76024 3.22176 2.85635 1.87369 42.5775 20.9181 12.608 8.28169 8.31008 5.05367 4.29065 3.0814 21.6594
internal_count=3200 793 359 266 434 256 95 214 85 129 2407 2290 791 727 614 414 272 116 113 63 50 1499 743 513 321 230 181 174 104 756
is_linear=0
shrinkage=0.05


Tree=124
num_leaves=31
num_cat=0
split_feature=7 9 10 1 3 1 0 4 3 3 6 1 9 0 0 0 1 0 0 4 5 7 0 6 0 1 10 10 10 7
split_gain=0.507685 0.993234 0.443486 0.412053 1.01085 0.663663 0.898772 0.804796 1.41521 1.72978 1.36729 0.850808 1.17575 0.854331 0.821918 1.55156 0.75581 1.78655 1.86834 1.31904 1.65298 0.94123 0.915489 1.64252 2.60418 1.15303 1.2908 1.30035 2.15629 1.82709
threshold=2.3040973512739593 -0.50909210862769505 2.2826143941991313 2.5289177641824563 1.9458569951648856 2.3776027048635706 2.1432782136874171 1.0800313386245708 0.55848596876919809 0.52375838640263439 1.9840696039638324 0.64593486761137875 -0.11997481825606671 0.36497072049860563 0.4359493256153853 0.36497072049860563 -0.27547996969716942 -0.45828381650516692 -1.0441996313413673 -0.36261441544348011 -0.37641788488831157 0.50730582923164325 -0.33848811709985066 0.39282722901524242 -0.44227187395058193 -0.31932271082224306 1.0299529547327795 -0.95193858953903132 -1.5537790012182586 -0.96918947908450082
decision_type=2 2 2 2 2 2 2 2 2 2 2 2 2 2 2 2 2 2 2 2 2 2 2 2 2 2 2 2 2 2
left_child=2 -2 3 5 -5 6 7 8 9 11 -9 14 -13 -14 15 16 22 18 -18 20 -19 -21 23 -1 -25 26 27 28 -24 -29
right_child=1 -3 -4 4 -6 -7 -8 10 -10 -11 -12 12 13 -15 -16 -17 17 19 -20 21 -22 -23 25 24 -26 -27 -28 29 -30 -31
leaf_value=0.0078646849852847655 -0.057093297491559107 0.050991688190893336 0.039832411000791365 0.051109996878435426 -0.019254860251283965 -0.038112168386871738 0.049054232259128541 0.0046103529427008894 0.034166446871417996 -0.082448528452457842 -0.044629182794308532 -0.039309142448173823 -0.015541440669971693 0.051544241457414458 -0.018481313414592516 0.044371750119419143 0.017320537704392926 -0.018970289527494494 -0.05152269474794851 -0.051487512907712064 0.059687365142626271 0.03467958682977422 -0.052182325588984883 -0.051547201948126925 0.041170924265373603 0.035571218236718619 0.033389182768537584 0.022895482179222257 0.032375337129420777 -0.040548620868140713
leaf_weight=36.606040206504971 0.26345215644687403 1.1000849013216782 0.67219068086706002 1.1941179158166044 0.89142759097740043 1.2174889901652921 0.8898184287827452 2.8541506198234847 2.8922594240866593 0.65368175879120727 2.7860864279791713 0.61116967070847783 0.60381921846419517 2.2172183115035295 6.7866545626893631 1.8956083990633477 1.3171194044407455 1.084034728817642 3.914750711992383 1.1411503390409174 1.7400355022400615 0.43878146912902583 1.0964035126380625 2.8037658489774917 1.0375868151895691 1.2624343829229463 1.2733836085535575 1.3536674981005461 2.4138320598285619 7.0184724880382445
leaf_count=1106 3 105 40 84 16 18 94 64 104 7 37 13 12 108 253 40 42 33 215 60 38 12 47 162 21 30 37 30 65 304
internal_value=-0.00017422 0.0301083 -0.000629638 -0.000931857 0.0210338 -0.00145297 -0.000938131 -0.00145658 -0.000172097 -0.00145741 -0.0197123 -0.000766403 0.0235639 0.0371851 -0.00190746 -0.00021339 -0.00152369 -0.0144387 -0.0341915 0.00902712 0.0294942 -0.027557 0.000744545 0.00460072 -0.0265031 -0.0100732 -0.0144533 -0.0195803 0.0059642 -0.0302905
internal_weight=92.0307 1.36354 90.6672 89.995 2.08555 87.9094 86.6919 85.8021 80.1619 77.2696 5.64024 76.6159 3.43221 2.82104 73.1837 66.3971 64.5015 9.63587 5.23187 4.404 2.82407 1.57993 54.8656 40.4474 3.84135 14.4182 13.1558 11.8824 3.51024 8.37214
internal_count=3200 108 3092 3052 100 2952 2934 2840 2739 2635 101 2628 133 120 2495 2242 2202 400 257 143 71 72 1802 1289 183 513 483 446 112 334
is_linear=0
shrinkage=0.05


Tree=125
num_leaves=31
num_cat=0
split_feature=6 6 5 5 8 12 7 8 8 9 9 1 1 7 7 11 10 7 11 2 1 5 6 8 6 7 4 5 10 9
split_gain=0.488257 1.41439 1.1868 2.14485 1.16506 1.378 1.81421 2.0765 1.36225 2.12308 2.3967 1.2352 1.61013 1.65284 2.58077 1.57857 1.21532 1.05791 1.78049 2.4155 2.10731 1.16626 1.02573 2.3015 2.02823 2.09918 1.64126 0.939458 0.926261 1.80607
threshold=0.083736983521631461 0.15242370474243391 -0.32558045314279765 -0.23318472739264581 1.8473808696127203 1.0000000180025095e-35 -0.86679013174991326 -0.58809805340732835 -0.99779796382513897 -1.105438174950047 -0.98640739684122802 1.0168475337475449 -0.51992262921161736 -0.37409621458701747 -0.64357903728272348 -1.0000000180025095e-35 1.3452438030625775 -0.32759101262509632 -0.84220323152830712 -0.62639762872770943 -0.50951628003741223 0.082077344573208116 -0.40851785189411932 -0.42956260406462488 -0.21390547510184574 0.63484350145758528 -0.37182686069070831 -0.45779569553606864 -0.10193570952309841 0.098667581412017744
decision_type=2 2 2 2 2 2 2 2 2 2 2 2 2 2 2 2 2 2 2 2 2 2 2 2 2 2 2 2 2 2
left_child=4 2 -2 -4 5 8 7 -7 -1 -10 -11 12 13 14 -8 -16 -14 18 20 -20 -12 -21 23 -19 26 -26 -24 -6 -22 -30
right_child=1 -3 3 -5 27 6 11 -9 9 10 17 -13 16 -15 15 -17 -18 22 19 21 28 -23 24 -25 25 -27 -28 -29 29 -31
leaf_value=0.068909351781735406 -0.0087832438666913919 0.00060561680607887683 0.08569766415124036 0.0034241948945853227 -0.037831698737121132 0.039719974339065545 -0.051595592566216701 -0.051047402358168563 -0.051323706687710781 0.041022672326471027 -0.034792911542313155 0.023375519519987432 -0.04891747816805142 -0.051461428413697732 0.06163273643011629 -0.015281833718267563 0.027954601419704975 -0.040217519997174017 0.034455228082838317 -0.039744069009732971 0.05186154347798036 0.016019522200651969 -0.0090118128784101286 0.018744071802401865 -0.050386953398221204 0.051421327487567031 0.081195466598365351 0.051888259570539275 -0.051620754768856962 0.060997519182339227
leaf_weight=0.72870627092197438 1.3561833556741474 33.009523336193524 1.6876473100855944 1.4929395793005817 0.35908870911225688 2.5371471534017478 1.2512372487690293 0.83829375263303774 1.9137336013372976 3.6473193271085611 1.6464882350992409 1.2813766684848804 6.9724954678677005 1.5909396582283077 1.8752203015610578 1.035440248437226 0.55508892564102996 2.6007911311462522 1.5654975883662672 7.7111585645470786 2.3962970462162048 1.0674277227371929 0.687694153748453 4.5514576025307178 1.2474664505571165 0.852211542893201 1.8901449232362209 1.5563245140947388 0.76172848930582338 0.66838812455534935
leaf_count=17 37 1150 12 37 5 59 78 58 119 79 73 54 281 93 30 29 18 121 33 344 49 42 26 124 57 22 31 82 33 7
internal_value=-0.00017229 0.00420332 0.0303802 0.0470792 -0.00322658 -0.0046406 -0.0158499 0.0171778 0.00128409 -0.000199862 0.00292653 -0.0235057 -0.0280291 -0.00811405 0.00845605 0.0342711 -0.0432489 -0.00209934 -0.010558 -0.0227602 0.012505 -0.0329635 0.00921025 -0.00269629 0.0274162 -0.00906529 0.0571307 0.0350682 0.0328571 0.00101322
internal_weight=91.3355 37.5463 4.53677 3.18059 53.7892 51.8738 17.9372 3.37544 33.9365 33.2078 31.2941 14.5618 13.2804 5.75284 4.1619 2.91066 7.52758 27.6468 15.817 10.3441 5.4729 8.77859 11.8298 7.15225 4.67752 2.09968 2.57784 1.91541 3.82641 1.43012
internal_count=3200 1236 86 49 1964 1877 700 117 1177 1160 1041 583 529 230 137 59 299 962 581 419 162 386 381 245 136 79 57 87 89 40
is_linear=0
shrinkage=0.05


Tree=126
num_leaves=31
num_cat=0
split_feature=7 1 2 0 8 5 1 1 10 10 5 10 6 5 5 3 5 11 0 8 8 10 10 10 0 1 10 0 10 5
split_gain=0.491264 0.592054 0.480691 0.438006 1.87215 1.53317 1.61417 1.52727 1.43906 1.3901 1.30503 1.13821 0.999211 0.752341 0.721371 0.683294 0.962359 0.899714 0.607476 0.50002 1.53142 1.17365 1.3568 1.1583 1.12533 1.42786 1.63892 1.81098 1.5421 1.01701
threshold=2.3040973512739593 -1.0000000180025095e-35 -0.64372147380909817 -0.77737289144586874 -0.26158706778672614 -0.29571449879646855 -0.58968995146156022 -0.45787841992707229 -0.41697723392695651 -0.53927552071834006 -0.42356124282628993 -0.66223135849169101 -0.17956211449144452 -0.24165748000997522 -0.54342980462193946 -0.48381697949935337 -0.5848652383777303 -0.84220323152830712 -1.1378416414948589 -0.5975267336777329 -0.64119655746608784 0.67184367909794185 -1.5537790012182586 0.58867795929606193 -0.61883739268692206 -0.32698662658882333 -0.90221013684432816 -0.5519096122240178 -0.62555272104108373 -0.26547673432301416
decision_type=2 2 2 2 2 2 2 2 2 2 2 2 2 2 2 2 2 2 2 2 2 2 2 2 2 2 2 2 2 2
left_child=2 -2 -1 4 5 9 13 12 11 -4 15 -9 -8 -7 -6 16 -11 -17 -12 20 21 22 -5 24 -24 26 -26 -28 -27 -30
right_child=1 -3 3 19 14 6 7 8 -10 10 18 -13 -14 -15 -16 17 -18 -19 -20 -21 -22 -23 23 -25 25 28 27 -29 29 -31
leaf_value=-0.051504477103657846 -0.024834628868568225 0.050921959918041264 -0.0513646604078693 -0.051794452878442192 0.015196290543296048 0.030161572430355995 0.061713882051601603 -0.010724308159242139 -0.051448544714555899 0.050790301111733285 0.015376585660322118 0.068213468470004132 0.0075901977758556644 -0.051986342695495659 -0.051358394896206555 0.0574883423057772 -0.051374895996731722 -0.0028771196849352474 -0.051582718588703426 0.0044197820658003571 -0.053310244092962568 -0.036432248162375044 -0.025744192334124102 0.05341947567711787 0.031505085137935075 -0.01838700420555579 0.037537586986385207 -0.025711650464755431 0.014010443209776458 0.078091287791984543
leaf_weight=0.46180355874821444 0.35430768178775907 0.94788254774175473 2.0597920888103545 1.0731542436406076 0.47706065000966225 0.3683742987923323 2.7641238970682029 1.0674905986525116 0.9936319568660118 0.33869048021733761 0.43881484819576133 0.79805619549006213 1.233202844159677 1.1451409321743993 2.7777794364374122 1.3181653795763852 0.72158175415825077 1.1608532401733103 1.4850429559592164 47.004885100526735 1.5080518447794009 2.1192397386766961 2.8821474006399628 1.2054740311577905 2.7889110760297724 0.97808289201930199 1.4008298814296818 5.8914421137887878 0.96917430451139863 1.7144861710257691
leaf_count=26 9 99 124 52 19 11 45 39 49 6 11 8 37 65 196 14 47 31 84 1478 63 111 104 22 72 44 28 255 26 25
internal_value=-0.000179198 0.0303097 -0.000624563 -0.000359615 -0.00705589 1.9375e-05 0.0147423 0.0250586 -0.00284377 -0.0163613 -0.0031639 0.0230442 0.0450164 -0.0319924 -0.0416035 0.0148533 -0.0187395 0.0292209 -0.0363099 0.00148431 -0.00463977 -0.00114846 0.00280711 0.00609337 0.00266179 0.00861905 -0.00109412 -0.0135616 0.0353605 0.0549492
internal_weight=90.4477 1.30219 89.1455 88.6837 19.1478 15.893 8.37002 6.85651 2.85918 7.52294 5.46315 1.86555 3.99733 1.51352 3.25484 3.53929 1.06027 2.47902 1.92386 69.5359 22.531 21.0229 18.9037 17.8305 16.6251 13.7429 10.0812 7.29227 3.66174 2.68366
internal_count=3200 108 3092 3066 786 571 254 178 96 317 193 47 82 76 215 98 53 45 95 2280 802 739 628 576 554 450 355 283 95 51
is_linear=0
shrinkage=0.05


Tree=127
num_leaves=31
num_cat=0
split_feature=2 10 2 6 6 8 9 5 10 11 9 5 8 12 4 10 4 2 10 2 9 6 2 4 2 2 9 9 6 9
split_gain=0.489478 0.442136 0.452634 0.544709 1.24317 0.926687 0.830283 1.45279 1.41522 1.57182 1.38495 1.40543 1.29484 1.57116 1.29318 1.16009 1.03852 1.34436 1.03848 1.19229 0.976492 0.974579 1.55848 0.844952 0.839331 0.838059 0.827999 1.33322 1.36732 1.49753
threshold=3.005692153639917 2.2826143941991313 2.8214319521275733 0.083736983521631461 0.10663255726189894 -0.99779796382513897 -0.24784238097039532 -0.51602433894632216 0.29838233605974346 1.0000000180025095e-35 -1.2380469847259292 0.22119224682757102 -0.078643949034813684 -1.0000000180025095e-35 -0.13522259525599664 -0.10193570952309841 1.3852663352234089 1.4775055533280745 -2.0818439501917854 -0.61332728268376158 0.04462185539539628 0.40427501588537623 -0.1164473943384542 0.061207343343489144 -0.62172425790687458 -0.31065878629843879 -1.1185685682044857 -0.62618322737723475 -0.1337709670109096 -0.64663732409781027
decision_type=2 2 2 2 2 2 2 2 2 2 2 2 2 2 2 2 2 2 2 2 2 2 2 2 2 2 2 2 2 2
left_child=1 2 3 5 -5 -1 7 15 9 14 -9 18 -10 -14 20 -6 17 -15 -12 24 -8 -11 -23 -13 -20 -16 -7 28 29 -28
right_child=-2 -3 -4 4 6 26 8 10 12 21 11 23 13 16 25 -17 -18 -19 19 -21 -22 22 -24 -25 -26 -27 27 -29 -30 -31
leaf_value=0.047311944921747617 0.033470431190539142 0.040101479999673839 -0.029333694078682495 0.042551740820469176 -0.016813311116489864 -0.031254708333950464 0.019557880972339903 0.044594385993668328 -0.051114277276946257 0.056714274673448521 0.049589858985945263 0.058389300745336485 0.043007028614772902 0.043996703582073117 -0.0066714075252767308 0.060417277108536449 -0.037196565658105106 -0.014430774270389361 -0.031587103347040013 -0.045341713010979966 -0.033195930264491032 -0.051760575682758526 0.048919136887854472 -0.012594596830481168 0.033343972338409321 0.062680694507621801 0.0095262040729752039 -0.0090378298318943753 -0.032542176956524019 0.075291643736285274
leaf_weight=0.87432726752012868 1.0676583200693119 0.66264227754436333 1.3771777197252948 2.0081576346419743 0.79340254934504661 2.7560346147511146 1.3819042760878804 0.88036452583037217 1.337236726656555 3.3661390144843608 0.39401212381198725 0.78865573788061627 1.8202872541733048 1.4564366103149966 0.69284103997051705 1.2559645727742452 2.2361116060055792 3.0383959896862507 1.035818265751004 5.6685646285768643 2.4018509697634727 0.63231193507090189 0.98027760465629399 0.89497938682325184 0.95801845565437904 1.1732775215059534 13.423269325634465 31.620651023462418 1.7931419690139545 0.92527022887952703
leaf_count=24 60 45 22 27 31 157 31 22 53 45 10 11 108 77 25 26 39 78 40 289 72 31 54 31 17 36 447 1186 86 20
internal_value=-0.000182282 -0.000587682 -0.000894195 -0.000441864 0.00435033 -0.00372368 0.00203874 -0.00802532 0.00825353 0.0209198 -0.0154628 -0.0208911 -0.00536083 0.00179407 0.00286999 0.0305178 -0.00935139 0.00450117 -0.0295737 -0.0336444 -0.0139292 0.0414029 0.00944165 0.020656 -0.000388376 0.0369321 -0.00460696 -0.0030693 0.00862272 0.0137671
internal_weight=89.6952 88.6275 87.9649 86.5877 35.195 51.3927 33.1869 12.6698 20.5171 10.6286 10.6204 9.74005 9.88847 8.55123 5.64987 2.04937 6.73094 4.49483 8.05641 7.6624 3.78376 4.97873 1.61259 1.68364 1.99384 1.86612 50.5184 47.7623 16.1417 14.3485
internal_count=3200 3140 3095 3073 1153 1920 1126 477 649 294 420 398 355 302 164 57 194 155 356 346 103 130 85 42 57 61 1896 1739 553 467
is_linear=0
shrinkage=0.05


Tree=128
num_leaves=31
num_cat=0
split_feature=7 9 1 0 8 2 7 8 9 8 10 7 1 1 2 8 0 5 9 7 9 11 7 9 9 2 2 11 5 7
split_gain=0.454892 0.875239 0.463901 0.407727 0.652882 0.458032 0.410201 1.83881 1.05941 0.85039 1.47472 0.985288 0.957094 1.19928 1.08427 1.11709 0.999126 0.996253 0.895176 1.22484 1.31592 1.06308 1.19341 1.63655 0.715841 1.28064 1.85206 2.48988 2.45682 1.76962
threshold=2.3040973512739593 -0.50909210862769505 -0.68499479762380366 -1.1004094268191746 -0.6345239612728929 -0.64372147380909817 2.1027043013255291 2.3775163797786161 0.019946999448628908 2.0878290443118614 1.3452438030625775 0.70557035139073532 1.6278516238823164 3.9886130209923598 2.2738930693361579 1.7240782338737346 2.2150226325931626 0.35244754849572929 0.57944151231838004 -0.86679013174991326 0.91930353183908164 -1.2993788618744622 -0.081320128343368311 1.9551775253224879 -0.32545265583951155 -0.6115726644886349 -0.51952253974935225 -0.38502760118215218 -0.48000511944065 0.030953870518233333
decision_type=2 2 2 2 2 2 2 2 2 2 2 2 2 2 2 2 2 2 2 2 2 2 2 2 2 2 2 2 2 2
left_child=2 -2 -1 4 -4 -5 9 8 -8 12 -11 -12 14 16 15 18 -14 -16 24 -20 -21 -22 -23 -24 25 -7 28 29 -27 -28
right_child=1 -3 3 5 -6 6 7 -9 -10 10 11 -13 13 -15 17 -17 -18 -19 19 20 21 22 23 -25 -26 26 27 -29 -30 -31
leaf_value=-0.050547234706010857 -0.053161807830966093 0.050925786848274639 0.0033055022268416515 -0.051470209647356359 -0.051401320205243253 0.013585616923782885 -0.051590997011910347 -0.063852343998489713 0.051495096278779434 0.052457016193901529 -0.057397434708076636 0.021045104502727605 0.05207758168039326 -0.030861290356649612 0.0048237563797422882 0.052622871385017006 -0.02837605815836898 -0.051357529736593015 0.024940021108234844 -0.051858794608625275 -0.060244356760252686 -0.045764668236387876 0.043126927423624867 -0.024342627782752129 0.0080881321499714359 0.014963581051049524 0.026965611230824554 -0.017133391416013107 -0.043401195997048142 -0.051371513355995026
leaf_weight=0.4625073439674442 0.25340817123651505 0.99479526677168795 1.1981446461286398 0.42659303126856585 1.0010097734630097 8.8238982574548448 0.34490378759801321 1.2006161347962914 0.89849750441499054 2.0767998711671676 0.67316830623894908 0.9876231630332768 2.4600203386507928 0.765418130904436 1.3008366608992212 0.99559931876137753 0.45769136189483095 2.0058286234270781 1.6263024075888086 2.612316055223344 0.85386904585175116 1.0825855329167082 2.0810776820872006 1.5820263619534669 24.799703258555397 2.5078404450323433 8.0075231995433462 9.3596117743291156 6.4159606718458111 0.79223999776877541
leaf_count=65 3 105 54 24 71 207 5 16 51 92 12 39 112 16 36 39 29 34 41 97 20 55 78 27 748 89 233 361 396 45
internal_value=-0.00017794 0.0297941 -0.000604035 -0.000339554 -0.0215959 0.000209504 0.000469753 -0.0197167 0.0229003 0.00106945 0.0243711 -0.01075 -3.95727e-05 0.0248437 -0.00126405 2.97619e-05 0.0394571 -0.0292559 -0.000712483 -0.0147036 -0.0225547 -0.00888376 0.000357301 0.0139881 0.00155493 -0.00295732 -0.00834713 0.000818712 -0.026999 0.0199129
internal_weight=89.0484 1.2482 87.8002 87.3377 2.19915 85.1386 84.712 2.44402 1.2434 82.2679 3.73759 1.66079 78.5303 3.68313 74.8472 71.5406 2.91771 3.30667 70.545 9.83818 8.21187 5.59956 4.74569 3.6631 60.7068 35.9071 27.0832 18.1594 8.9238 8.79976
internal_count=3200 108 3092 3027 125 2902 2878 72 56 2806 143 51 2663 157 2506 2436 141 70 2397 318 277 180 160 105 2079 1331 1124 639 485 278
is_linear=0
shrinkage=0.05


Tree=129
num_leaves=31
num_cat=0
split_feature=2 1 3 8 3 10 1 1 1 4 1 2 2 8 4 4 5 8 9 5 12 1 1 0 1 4 10 8 0 2
split_gain=0.472767 0.441488 0.402708 0.992867 0.680774 1.61421 1.03637 1.09474 1.04646 0.62285 0.616677 0.908212 0.785266 0.775546 0.678912 0.954214 1.3935 1.01157 1.64545 0.921727 1.03285 1.07155 1.52918 1.16717 1.56497 1.1336 0.893615 1.10917 0.766602 1.19646
threshold=3.005692153639917 -0.68499479762380366 2.5549216383180724 0.49910078562768412 1.483426971368867 1.182757133119076 2.5289177641824563 2.3776027048635706 1.6278516238823164 2.4077310965297207 1.4244312102128338 2.4853501501649236 2.3286866434053652 2.4154181828601593 -0.042052330150773802 -0.06734891957222737 -0.12778224368281629 -0.94934480707556113 -1.1416551648470044 1.0689182628952916 1.0000000180025095e-35 -0.54841222683799962 -0.51494593986672565 -0.13577276184303741 -0.30159663339220039 0.93383325107905379 -1.6737416076862408 -0.097377268281641602 1.530513257050377 -0.33688123024890454
decision_type=2 2 2 2 2 2 2 2 2 2 2 2 2 2 2 2 2 2 2 2 2 2 2 2 2 2 2 2 2 2
left_child=1 -1 4 -4 6 9 7 8 10 -6 11 13 -12 14 15 17 -17 18 -3 20 21 25 -23 -24 -25 -16 27 -19 29 -22
right_child=-2 2 3 -5 5 -7 -8 -9 -10 -11 12 -13 -14 -15 19 16 -18 26 -20 -21 28 22 23 24 -26 -27 -28 -29 -30 -31
leaf_value=-0.050520532607692736 0.033280910917974714 0.065172813426332424 -0.035862764943081639 0.0371096011744858 0.052350739505751399 -0.05156792904396007 0.051006268076865369 -0.052250576358674798 0.036014386223261557 -0.021435426885570499 0.00071374113300632475 0.052525812302917696 -0.081601876266023887 0.052199484477549886 -0.050957834262167358 -0.015474227311455035 0.066554524623639436 -0.051558162082150229 -0.051417924002240711 0.03864064268477431 -0.050940306196237677 0.055924829084931849 -0.029421728236529457 -0.051327808015533938 0.048171642802332389 0.056670632968207429 0.0023985192357965117 0.021902743552126371 -0.056079884814794381 0.0047655291394803415
leaf_weight=0.44017725926823814 1.0436207512393583 0.35947650158777866 0.61623066384345238 1.9138063904829321 0.70318129751831226 1.9613031274639068 0.98287742002867062 1.01487606903538 1.9681299699004728 0.48208280513063073 0.63281271420419105 0.80344086862169106 0.5344010116532445 0.68097798014059563 1.6169998017139722 0.86526207579299841 1.2890997570939351 1.6570762163028123 1.9132605695631202 0.87346835806965906 1.6106209920253602 1.3155857222154717 2.3647520155645894 0.53512722998857531 1.5112052110489602 0.28826304478570808 53.305915723321974 0.74478045012800365 1.9112335143145172 2.4005890486296266
leaf_count=65 60 12 9 69 36 29 83 17 107 10 35 28 7 29 123 36 15 83 114 23 130 23 115 34 58 6 1719 20 38 67
internal_value=-0.0001726 -0.000572531 -0.000319402 0.019336 -0.00090912 -0.0237281 -2.46515e-05 -0.000650073 1.12871e-05 0.0223397 -0.000906402 -0.000352818 -0.0369739 -0.000917448 -0.00140256 0.000934409 0.0336091 -0.000279673 -0.0329769 -0.011143 -0.0143511 -0.00219258 0.00861393 -0.00549633 0.022152 -0.0346738 0.00105429 -0.028779 -0.0300192 -0.017602
internal_weight=88.3406 87.297 86.8568 2.53004 84.3268 3.14657 81.1802 80.1974 79.1825 1.18526 77.2143 76.0471 1.16721 75.2437 74.5627 60.1349 2.15436 57.9805 2.27274 14.4278 13.5544 7.63193 5.72667 4.41108 2.04633 1.90526 55.7078 2.40186 5.92244 4.01121
internal_count=3200 3140 3075 78 2997 75 2922 2839 2822 46 2715 2673 42 2645 2616 1999 51 1948 126 617 594 359 230 207 92 129 1822 103 235 197
is_linear=0
shrinkage=0.05


Tree=130
num_leaves=31
num_cat=0
split_feature=11 1 1 6 6 1 9 5 1 10 3 10 1 1 6 6 1 1 10 10 10 8 3 4 10 8 6 9 12 3
split_gain=0.422757 1.02682 1.22422 0.430285 0.466412 0.83927 1.07196 0.599452 0.592786 1.17231 1.2644 1.14854 0.853163 1.40238 0.616776 1.52314 0.611597 1.43945 0.624563 0.543864 2.06387 1.32616 1.57109 1.59956 1.54352 1.66761 1.57944 1.39699 1.31128 1.99841
threshold=1.4436749202024679 1.0168475337475449 0.45805458259395293 -1.2556540802840159 -1.1869673590632133 -0.48421267813725072 0.78894611965009986 -0.29571449879646855 -0.64448539392447113 -1.37065914427896 -0.51176164108056066 0.38811606483161354 -0.63184954001899396 -0.62054438135280299 -0.38562227815385181 0.38137944214510872 -0.61692712644205228 -0.59926777812536425 0.73423625335963749 0.019128297546128926 -0.21179715288573966 -0.38007041199667174 -0.51852309068056368 0.081919371092023283 -0.31318027098483309 -0.61627028200523648 -0.40851785189411932 -1.0972518430228704 1.0000000180025095e-35 -0.12584798609551348
decision_type=2 2 2 2 2 2 2 2 2 2 2 2 2 2 2 2 2 2 2 2 2 2 2 2 2 2 2 2 2 2
left_child=3 2 -2 -1 5 7 -7 -5 9 -6 11 -11 14 -14 -10 -16 -15 18 -18 20 21 22 -19 24 25 27 -27 -24 29 -21
right_child=1 -3 -4 4 8 6 -8 -9 12 10 -12 -13 13 16 15 -17 17 19 -20 28 -22 -23 23 -25 -26 26 -28 -29 -30 -31
leaf_value=-0.04577140027470937 0.052564245605657492 0.051622091258725016 -0.029867899330711108 0.0012456339163088681 0.032947787466164578 -0.046183311804774169 0.046668808959524188 0.047358014820179775 0.041093080334487532 -0.050626762800048519 -0.050864280113269371 0.059518600582525727 -0.051227872164802658 0.031044168837864452 -0.052026922532301879 0.038066061721445679 -0.05164035743038195 -0.038035856735613063 0.017628161699823102 -0.0089475839664132969 0.025709412304931834 -0.018173526851942175 0.050841384960454053 -0.051205559290634001 -0.051613664589343293 -0.0064854756054624615 0.0547824378548648 -0.0037910725026829729 -0.015944755970337589 0.027938513598598544
leaf_weight=0.53014619834720988 0.64993757940828789 1.3204734998289493 1.4671422431711105 1.1244760612025859 0.86117845238186408 0.96917528100311645 0.45760436356067657 1.8883567815646527 2.0600814113859087 0.39238147018477354 2.531322448863647 0.59642918535973877 1.4004609202966083 1.4856315981596697 0.78419681265950103 1.1676820041611788 1.9383500171825283 1.884136303327973 0.39107608143240202 9.6957770893350226 8.4678751905448788 9.0673403565306234 1.3827460543252463 0.99713245616294521 0.8437740579247518 1.4050032165832815 4.18560174293816 7.6098125362768778 14.281568221747873 5.9103335344698307
leaf_count=21 27 96 30 30 28 50 10 23 38 45 243 15 91 26 30 15 109 94 12 346 219 369 33 65 39 46 60 255 505 230
internal_value=-0.00016708 0.0170204 -0.00456146 -0.000867866 -0.000583722 0.0151873 -0.0164033 0.0301475 -0.00146622 -0.0193427 -0.0321352 0.0158105 -0.000421342 -0.00168983 0.0220104 0.00186984 -0.000692279 -0.00138503 -0.0400112 -1.61633e-05 0.00413692 -0.00253593 0.00520876 0.0101697 0.0141367 0.017941 0.0393849 0.00460952 -0.00499684 0.00502189
internal_weight=87.7472 3.43755 2.11708 84.3096 83.7795 4.43961 1.42678 3.01283 79.3399 4.38131 3.52013 0.988811 74.9586 70.9466 4.01196 1.95188 69.5462 68.0605 2.32943 65.7311 35.8434 27.3755 18.3082 16.4241 15.4269 14.5832 5.5906 8.99256 29.8877 15.6061
internal_count=3200 153 57 3047 3026 113 60 53 2913 331 303 60 2582 2499 83 45 2408 2382 121 2261 1180 961 592 498 433 394 106 288 1081 576
is_linear=0
shrinkage=0.05


Tree=131
num_leaves=31
num_cat=0
split_feature=2 1 10 2 6 6 0 5 5 9 9 10 6 10 10 10 5 3 6 3 5 10 4 1 1 1 6 1 9 6
split_gain=0.439967 0.407173 0.385403 0.368275 0.472633 1.14537 1.19373 0.965259 1.68715 0.844253 1.06075 1.54957 1.41358 1.68524 1.37186 1.52202 2.20145 2.76387 1.666 2.2685 1.39604 1.56015 1.36232 1.58773 1.90769 1.48408 1.32376 1.17331 1.10017 1.45228
threshold=3.005692153639917 -0.68499479762380366 2.2826143941991313 2.8214319521275733 0.083736983521631461 0.15242370474243391 1.869841407555904 -0.32558045314279765 -0.23318472739264581 -1.2076969733923621 -0.62618322737723475 -0.96827329876349266 -0.1337709670109096 0.46340824459147872 -1.2762687166533417 0.38811606483161354 -0.41429438101266963 -0.48834420201985546 -1.2213107196736146 -0.16485053153286366 -0.095278762767357875 -1.5537790012182586 -0.61026752394455841 -0.227133545727497 -0.12599319565942518 0.86024861378846029 -0.95801162166053866 -0.54558561461518407 -0.64663732409781027 -0.30548777006291566
decision_type=2 2 2 2 2 2 2 2 2 2 2 2 2 2 2 2 2 2 2 2 2 2 2 2 2 2 2 2 2 2
left_child=1 -1 3 4 9 7 -7 -6 -9 -3 11 26 13 28 20 22 -17 -18 -19 -20 21 -12 -16 -24 -25 -26 -11 -15 29 -13
right_child=-2 2 -4 -5 5 6 -8 8 -10 10 14 12 -14 27 15 16 17 18 19 -21 -22 -23 23 24 25 -27 -28 -29 -30 -31
leaf_value=-0.050478283346703692 0.032541836386304958 -0.05139742958728321 0.038976186530178238 -0.026525042325978326 -0.0081622114840228226 -0.0020050245199481477 0.036959801845954897 0.076776236352290514 0.0029911945802813997 0.019749546881959859 -0.0516705196109499 0.012986233279582286 -0.030294845556156077 0.015525182838564345 0.036367947383237946 -0.045716200077922535 0.078503517989918836 0.08075809904579577 -0.050831097954565412 0.012820317958164086 0.063142025972106428 0.031051578266945042 -0.033590835537106026 0.049738560225264766 -0.045531064481157235 0.042873815510022784 -0.05163263226718337 -0.052266811658288753 0.082302332907017869 0.059207023898270199
leaf_weight=0.40647639892995258 1.0160498339682806 0.89499167492613096 0.61954236589372058 1.3484599695075292 1.2959875920787451 27.205096402904022 2.1186974160373202 1.700780210085213 1.4229013889562332 1.0028119110502305 0.94424665695987675 7.7769618651363972 1.623312598559999 1.3141673915088179 0.97225659689866084 1.905346225015818 1.3811959060840298 0.60803908458910694 1.9710083059035222 4.8300331749487695 1.2718266029842187 1.4380532240029427 12.031375739257781 1.4042354701086881 1.8681504828855513 0.63646146375685919 1.8433579748962099 1.2409656851086772 0.85149605944752593 2.1747156647033998
leaf_count=65 60 63 45 22 37 911 138 12 36 29 53 250 79 50 22 68 12 9 99 163 19 40 551 31 71 40 103 70 11 41
internal_value=-0.000167757 -0.000553743 -0.000316941 -0.000603079 -0.000185602 0.00438655 0.000810255 0.0281147 0.0431656 -0.00327213 -0.00239473 0.00733815 0.0137632 0.0191172 -0.00794506 -0.0117556 0.00300699 0.013568 0.00146282 -0.00562648 0.0208449 -0.00173609 -0.0210916 -0.0245963 0.00308871 -0.023066 -0.026482 -0.0173997 0.0277541 0.0230867
internal_weight=87.119 86.103 85.6965 85.0769 83.7285 33.7435 29.3238 4.41967 3.12368 49.985 49.09 17.8278 14.9816 13.3583 31.2622 27.6081 10.6956 8.79028 7.40908 6.80104 3.65413 2.3823 16.9125 15.9402 3.90885 2.50461 2.84617 2.55513 10.8032 9.95168
internal_count=3200 3140 3075 3030 3008 1134 1049 85 48 1874 1811 633 501 422 1178 1066 351 283 271 262 112 93 715 693 142 111 132 120 302 291
is_linear=0
shrinkage=0.05


Tree=132
num_leaves=31
num_cat=0
split_feature=7 9 2 7 8 9 8 7 3 5 3 1 1 1 8 1 2 2 8 8 4 8 4 8 10 10 3 7 9 10
split_gain=0.423053 0.790006 0.372127 0.377878 1.71538 0.800406 0.717094 0.837099 0.601434 1.80838 0.666583 0.638763 0.84713 0.776835 0.737627 0.719031 0.641161 0.743516 1.13764 1.17369 0.691716 0.705045 0.669831 0.609174 1.68531 2.56214 1.7353 1.41694 1.46883 1.14172
threshold=2.3040973512739593 -0.50909210862769505 3.005692153639917 2.1027043013255291 2.3775163797786161 0.29461558979727226 2.3775163797786161 0.45074665414405063 4.9662738841152505 1.6806643856118415 1.1196828020726919 2.5289177641824563 2.4454530311493792 1.4626685491682803 2.0563023314174669 1.3267554525566434 2.4853501501649236 2.2738930693361579 1.5178545624048658 0.91795931872602143 -0.62050816202769388 0.71684937258182424 -0.61026752394455841 -0.2286921259656465 -2.0818439501917854 -0.20462884119722452 -0.33068769449154395 0.61349777342636969 0.9652176858437056 0.0097951678780547873
decision_type=2 2 2 2 2 2 2 2 2 2 2 2 2 2 2 2 2 2 2 2 2 2 2 2 2 2 2 2 2 2
left_child=2 -2 3 6 5 -5 8 -8 9 10 11 12 13 15 -15 16 17 18 19 20 -1 22 -22 27 -25 -26 29 28 -24 -27
right_child=1 -3 -4 4 -6 -7 7 -9 -10 -11 -12 -13 -14 14 -16 -17 -18 -19 -20 -21 21 -23 23 24 25 26 -28 -29 -30 -31
leaf_value=-0.05118232436059398 -0.050112090776864453 0.05087899667404 0.030644540169107878 -0.036212636715653689 -0.064357882745886483 0.051418703439126592 -0.0221201295789973 0.051734947247065899 -0.042514422314308159 0.052630003172559781 -0.028406032622994355 0.050957596171401248 -0.063126625847942097 0.051643075110023785 -0.026539214566782779 -0.05236354185983582 0.052548531907389534 -0.048273342245927345 0.044538078761722513 -0.037031772825523765 0.026388183503274321 0.034347352738407506 0.0033345400048770506 0.068990001074337698 -0.043899504348918157 0.058782313385151164 -0.034259411688986482 -0.04725943223301976 -0.051318471358862167 0.0039695137931746918
leaf_weight=0.6709133950061944 0.24500535055994987 0.92372853308915981 0.94362834445200761 0.39341135835274987 1.1443141871131954 0.77171775116585195 0.54053401597775419 1.3220619389321653 0.86636643251404066 1.5624656355939794 2.2682286580093196 0.58927142852917214 0.55004187952726979 1.263493743026628 0.3963200997095554 0.69146195612847705 0.55198616557754476 0.84131493652239342 1.3459274501074094 2.295267956564202 2.1689346954226343 1.448154562152921 48.150834497995653 0.60581088438630004 4.841889743693172 1.4437744715251026 1.9555320322979728 1.5081466644769523 1.261582210427149 2.7779768295586109
leaf_count=56 3 105 54 9 14 45 11 70 9 56 48 51 5 75 14 21 16 10 51 66 25 36 1637 9 287 25 144 80 75 93
internal_value=-0.000169978 0.0297079 -0.000579967 -0.000929785 -0.0208758 0.0218296 -0.000367467 0.0303019 -0.00108103 -0.000627728 -0.00169969 -0.000895857 -0.00130452 -0.000846358 0.0329752 -0.00162003 -0.00113182 -0.0015473 -0.000989494 -0.00187591 -0.00066855 -0.000156321 -0.000928431 -0.00187571 -0.0122031 -0.016667 0.00467847 0.000482011 0.00193916 0.0227147
internal_weight=86.3401 1.16873 85.1714 84.2277 2.30944 1.16513 81.9183 1.8626 80.0557 79.1893 77.6269 75.3586 74.7694 74.2193 1.65981 72.5595 71.868 71.3161 70.4747 69.1288 66.8335 66.1626 64.7145 62.5455 11.625 11.0192 6.17728 50.9206 49.4124 4.22175
internal_count=3200 108 3092 3038 68 54 2970 81 2889 2880 2824 2776 2725 2720 89 2631 2610 2594 2584 2533 2467 2411 2375 2350 558 549 262 1792 1712 118
is_linear=0
shrinkage=0.05


Tree=133
num_leaves=31
num_cat=0
split_feature=7 9 2 7 1 7 1 5 1 2 10 6 6 5 4 4 4 6 5 9 9 5 6 5 2 10 5 1 9 9
split_gain=0.398675 0.74438 0.343089 0.344943 0.7467 0.605408 0.541222 1.30259 1.55863 0.829196 1.29483 0.655514 0.522547 0.95379 0.933397 0.532105 0.56703 0.571225 0.947299 0.931248 2.16904 1.55621 1.49481 1.08791 0.889858 2.1855 1.14579 1.22593 1.10328 1.75789
threshold=2.3040973512739593 -0.50909210862769505 3.005692153639917 2.1027043013255291 1.5562290602573567 2.0042180106187075 1.666174963909911 -0.080812678547923192 3.9886130209923598 2.2738930693361579 0.64311850389521974 2.8941686601394649 1.9840696039638324 1.6806643856118415 1.7559896087907816 -0.62050816202769388 -0.61701940545681822 -0.40851785189411932 0.420254713443382 -0.80354214332994855 -1.0739376465845245 -0.28706670737934864 0.55309624519711487 -0.47302575585438961 -0.34449425741718026 -0.66223135849169101 -0.23859459797145935 -0.47183627938922462 0.27086052614417755 0.12279378598043163
decision_type=2 2 2 2 2 2 2 2 2 2 2 2 2 2 2 2 2 2 2 2 2 2 2 2 2 2 2 2 2 2
left_child=2 -2 3 5 -5 6 9 -8 -9 11 -11 12 13 15 -14 -1 -17 18 24 20 21 22 -19 -22 28 -26 27 -27 29 -18
right_child=1 -3 -4 4 -6 -7 7 8 -10 10 -12 -13 14 -15 -16 16 17 19 -20 -21 23 -23 -24 -25 25 26 -28 -29 -30 -31
leaf_value=-0.04359970826929073 -0.048099889670773902 0.050836589169804262 0.029744157677259804 0.019242583149269341 -0.040913561853895213 0.051658838423262625 -0.029494523992503026 0.051872851631777989 -0.031437481971745077 -0.062186449292946082 0.0044918595347531584 0.052070195464733085 0.0017186983792895933 0.052667031779710896 -0.065810846790478481 0.035389820554573993 -0.011351984948123698 -0.051410617788284797 -0.04949159229772887 0.0066485989342176246 0.0073153104493965289 0.038605932819920245 0.046989385050433305 -0.051463818292285406 -0.048996640410172904 0.027670225161299924 0.042853952689853703 -0.044523666074317556 -0.040176309744709995 0.038311058532023115
leaf_weight=0.72446699184365471 0.24255581572651863 0.87939226976595708 0.92408915446139772 0.78921335283666794 1.4893124187365172 0.55567076755687494 1.1352493707090614 2.461667219176888 0.72728439909405995 1.4133489828091108 1.5016813469119368 0.58499900880269606 1.2701057905796909 0.83871835435274888 0.85695816203951825 1.0818170011043537 14.896288065705461 1.2886478463187812 1.2311020458582778 31.810114665189783 1.0403137460816649 2.5085402177646756 0.55097059626132239 3.235462971264484 1.2582681225612757 1.4120593629777429 3.316893751034498 1.007673448417336 2.6379574486054471 2.0239221416413775
leaf_count=58 3 105 54 36 32 28 38 137 16 15 38 25 42 29 8 13 704 85 43 1000 39 68 14 202 50 27 59 37 143 52
internal_value=-0.000162191 0.0294473 -0.000554993 -0.000889715 -0.0200773 -0.000352426 -0.000710049 0.0164992 0.0328728 -0.00168294 -0.027837 -0.000646719 -0.00106923 -0.000336272 -0.0254878 -0.000971119 -0.000525477 -0.00109503 -0.00661451 0.00269767 -0.0118757 0.0129904 -0.0219396 -0.0371626 -0.00462656 0.0106789 0.0237681 -0.0023942 -0.0101005 -0.00541151
internal_weight=85.6947 1.12195 84.5728 83.6487 2.27853 81.3702 80.8145 4.3242 3.18895 76.4903 2.91503 73.5753 72.9903 70.8632 2.12706 70.0245 69.3 68.2182 27.7842 40.4341 8.62394 4.34816 1.83962 4.27578 26.5531 6.99489 5.73663 2.41973 19.5582 16.9202
internal_count=3200 108 3092 3038 68 2970 2942 191 153 2751 53 2698 2673 2623 50 2594 2536 2523 1115 1408 408 167 99 241 1072 173 123 64 899 756
is_linear=0
shrinkage=0.05


Tree=134
num_leaves=31
num_cat=0
split_feature=0 8 10 2 9 2 2 5 11 9 7 10 7 2 1 10 8 4 5 10 9 9 7 3 9 8 8 8 11 10
split_gain=0.421326 0.587564 0.660003 0.424415 0.399116 1.0799 1.84956 1.65219 1.51425 1.45466 1.29738 1.25489 1.0799 0.994948 1.9992 1.42274 1.28087 0.99197 0.977717 1.82492 1.12348 0.973101 0.972192 0.894824 0.87699 1.62 0.935715 0.922903 1.52902 0.976376
threshold=-1.1004094268191746 -0.6345239612728929 -0.20462884119722452 -0.64372147380909817 -0.29331643695406112 -0.6115726644886349 -0.52934258735173034 -0.48000511944065 -0.38502760118215218 -0.68389673277621854 0.030953870518233333 -0.16589287190152704 -0.978830470735086 -0.38793017288895792 -0.60049177804698961 -0.11405958839267211 -0.39728260322546866 -0.34346383809702669 -0.46821050434375083 -0.03140796935762389 -0.35191206728460717 -1.2714285120506144 -0.79604763064242368 -0.29291066560903417 -0.23910702840095541 -0.91283737994998082 -0.90508018712186267 -0.81865738961252987 0.98649928985631286 -1.0772201835772848
decision_type=2 2 2 2 2 2 2 2 2 2 2 2 2 2 2 2 2 2 2 2 2 2 2 2 2 2 2 2 2 2
left_child=1 2 -1 -2 5 9 7 11 10 17 12 -7 -8 15 -15 -14 -17 -5 19 -10 -20 -9 -11 -19 -6 -26 -27 28 -28 -29
right_child=3 -3 -4 4 24 6 8 21 18 22 -12 -13 13 14 -16 16 -18 23 20 -21 -22 -23 -24 -25 25 26 27 29 -30 -31
leaf_value=-0.051226936774633317 -0.051273141616747946 -0.05130694000095011 0.028027548603049679 0.038743842574815744 0.033461630532729512 -0.051254442611364207 -0.051273026896535359 0.044939543408193394 -0.05134870174261006 0.022110085929797175 -0.043512238371608586 0.033040507812869005 0.055239451542965924 0.049194037002365597 -0.035973518222514565 -0.051429047854242918 0.048325310254882986 -0.052693455528603154 -0.02629196465996549 0.043171215639007068 0.019676242925675061 -0.047600362503777444 -0.051227732981872304 0.015624322154675633 -0.051221625545615747 0.05755598544275297 -0.05169087633048941 0.026350631817211957 0.040238620091107714 0.0018098403970855587
leaf_weight=0.39494141703471541 0.39537802245467801 0.95275174384005268 0.78443926735781155 4.1026644674129775 2.3691341225057831 0.62022655038163099 0.48116581747308274 0.29995130002498616 0.71411937032826278 0.6975232372060417 0.84876603423617858 1.5322515283478422 3.6711053634062396 1.2439908748492601 1.5445913346484319 0.70190732926130295 0.59422338008880637 0.62654278194531787 8.1337060106452537 1.7924375835573307 1.5888517559506006 5.3685819410020477 1.2832574986387024 2.0395577820017947 1.3730376616585989 0.79945005849003692 1.7236147238872939 4.6183990873396317 0.61325120972469438 33.108702616533272
leaf_count=28 26 74 28 60 66 41 25 7 41 19 53 42 88 17 69 37 20 22 341 32 36 386 69 50 86 8 86 112 13 1218
internal_value=-0.000157855 -0.0221039 0.00148745 0.000406676 0.000654376 -0.00311939 -0.00774537 -0.0285423 -0.000114399 0.0122851 0.0153468 0.00875131 0.0214119 0.0259212 0.00201986 0.0393393 -0.00569572 0.0233137 -0.0116015 0.0162424 -0.0187799 -0.0427036 -0.0254021 -0.00043059 0.00385959 0.00219915 0.00399412 0.00292533 -0.0275663 0.00481402
internal_weight=85.0185 2.13213 1.17938 82.8864 82.491 37.8854 29.1359 7.82101 21.3149 8.74955 9.08575 2.15248 8.23698 7.75582 2.78858 4.96724 1.29613 6.76877 12.2291 2.50656 9.72256 5.66853 1.98078 2.6661 44.6056 42.2365 40.8634 40.064 2.33687 37.7271
internal_count=3200 130 56 3070 3044 1455 1235 476 759 220 309 83 256 231 86 145 57 132 450 73 377 393 88 72 1589 1523 1437 1429 99 1330
is_linear=0
shrinkage=0.05


Tree=135
num_leaves=31
num_cat=0
split_feature=0 4 10 8 9 4 5 1 0 2 8 1 4 4 6 1 0 2 1 0 10 0 1 6 5 5 8 8 2 0
split_gain=0.393486 1.7055 1.62281 1.85599 1.08222 1.07203 1.66084 1.06873 1.28315 0.853609 0.822769 0.77444 0.764084 2.01879 1.02096 2.01306 1.71704 1.69061 1.92664 1.24276 0.993699 1.12509 1.0315 1.30545 1.70471 1.53566 1.28048 1.22448 1.04987 1.00319
threshold=-0.79791685066319606 -0.29355422887269261 0.26140899017783498 -0.31529459020250356 -1.1536718034416982 -0.4922412449165342 -0.28073704901623436 -0.56671364405920677 -0.94193629397106149 -0.6381226920533446 0.60356886189142001 -0.44942550845499801 -0.3583857906035775 -0.38173003263391186 0.48440952397631237 -0.4067129285001933 -0.49872557221912678 -0.5491734194217891 -0.59316825847168986 -0.44227187395058193 -1.37065914427896 -0.74657034756074236 -0.32698662658882333 0.083736983521631461 -0.39951790527015779 -0.41893082029603262 -0.72305262565899253 -0.74794093139134477 -0.4875075561924242 0.82834968917500384
decision_type=2 2 2 2 2 2 2 2 2 2 2 2 2 2 2 2 2 2 2 2 2 2 2 2 2 2 2 2 2 2
left_child=1 5 3 7 -2 6 9 8 -3 -1 -7 -9 13 14 15 16 -6 18 -18 -16 -14 -22 23 24 25 -23 -25 -24 -28 -26
right_child=4 2 -4 -5 12 10 -8 11 -10 -11 -12 -13 20 -15 19 -17 17 -19 -20 -21 21 22 27 26 29 -27 28 -29 -30 -31
leaf_value=0.038741409342727455 -0.036698607810895262 -0.052600141287584258 -0.036115648173004264 -0.051069785138122263 0.02724633565312597 -0.051293006881800385 0.037645998057255679 0.056809383524263041 0.033635245099556565 -0.043005914868076311 0.027258797586829454 0.017154029540575984 -0.034450295816080313 0.041844967801906677 -0.042505800560313903 -0.02714302285789082 -0.051283058377641771 -0.029510870109252463 0.038001162650630076 0.044776861402945761 0.038631512430190341 -0.018494976156567585 0.043369232752053948 -0.034637248235991035 -0.046779149639252671 0.062352293865745645 -0.0085536487252495588 0.0012278498264219381 0.044635358324254845 0.023724835778779641
leaf_weight=0.37651668442413244 1.8002477479167271 0.82337897061370313 1.7408430427312849 0.87414722051471283 6.751822635997093 3.3828019028296716 1.3925062082707889 2.6296875718981019 0.90604444383643457 2.1028612477239226 0.36979485023766745 2.3150756868999469 2.2061525110620996 4.0063219335861495 0.48725983779877458 5.2995126391761032 0.77817825274542007 4.0366753794951293 2.7027753081638428 2.5015413914807132 1.8015325136948366 1.7588919990230354 1.8904690793715406 1.3509332018438724 5.2290773340500847 0.88183592166751523 1.6127687590196726 19.546269860351465 2.1842364030890162 0.55841796775348473
leaf_count=8 122 46 101 72 152 232 32 36 23 131 9 64 101 64 29 204 53 156 63 86 39 69 47 62 321 16 62 738 44 18
internal_value=-0.000164374 -0.00698285 0.0074016 0.0174378 0.00154707 -0.0245079 -0.00605039 0.0264106 -0.00742145 -0.0305918 -0.0435522 0.0382432 0.00259688 0.0091378 0.00332891 -0.000828195 0.00894483 -0.00749233 0.0180414 0.0305473 -0.00185599 9.72695e-05 -0.00188545 -0.0126695 -0.0247869 0.00850289 0.00716918 0.00494423 0.0220435 -0.0399764
internal_weight=84.2986 16.9137 9.28918 7.54833 67.3849 7.62448 3.87188 6.67419 1.72942 2.47938 3.7526 4.94476 65.5847 26.5641 22.5578 19.569 14.2695 7.51763 3.48095 2.9888 39.0206 36.8144 35.0129 13.5762 8.42822 2.64073 5.14794 21.4367 3.79701 5.7875
internal_count=3200 754 342 241 2446 412 171 169 69 139 241 100 2324 807 743 628 424 272 116 115 1517 1416 1377 592 424 85 168 785 106 339
is_linear=0
shrinkage=0.05


Tree=136
num_leaves=31
num_cat=0
split_feature=7 1 0 6 6 5 1 2 5 10 8 0 5 4 4 4 0 0 11 7 1 0 0 0 4 0 5 2 2 0
split_gain=0.383234 0.484227 0.347628 0.65812 1.52398 0.329881 0.938515 0.716008 0.631604 1.09985 0.658477 0.736342 0.571795 0.66073 1.25731 1.81894 1.76773 1.04941 1.52277 1.42081 1.61944 1.02153 1.23467 1.15305 1.2698 1.15398 1.03273 0.858702 1.52875 1.70058
threshold=2.3040973512739593 -1.0000000180025095e-35 -1.1004094268191746 -0.24824883571224698 -0.33983113067331688 -0.54006500472546171 -0.50635432523051049 -0.39804270866968167 -0.49280438539099541 1.2420384119879995 -0.097377268281641602 -1.0260760021469928 -0.49097255210125434 -0.48930158921575306 -0.38173003263391186 -0.3583857906035775 -0.45241590682150862 0.21483046273062203 -0.38502760118215218 -0.19868611276367645 -0.54558561461518407 -0.70778991346071596 -0.92540951807127958 -0.18671770073463043 -0.49722722263387187 0.36497072049860563 -0.28073704901623436 -0.55069853381578837 -0.6104437432506814 -1.0441996313413673
decision_type=2 2 2 2 2 2 2 2 2 2 2 2 2 2 2 2 2 2 2 2 2 2 2 2 2 2 2 2 2 2
left_child=2 -2 3 4 -1 6 7 -4 9 10 11 -7 -10 21 17 16 -16 19 -19 -15 -21 22 26 -23 25 -25 -14 28 -17 -30
right_child=1 -3 5 -5 -6 8 -8 -9 12 -11 -12 -13 13 14 15 27 -18 18 -20 20 -22 23 -24 24 -26 -27 -28 -29 29 -31
leaf_value=-0.050695676584801563 -0.02334077814553746 0.050792436652920471 -0.0513175829785288 -0.051522444565185489 0.068886074159684688 0.024678983900668642 0.024443151161461348 0.020081227483851292 0.047010837922589303 0.03532013180726204 0.0064586697556742101 -0.051911038706562496 -0.028188731128381102 -0.051420530888768759 -0.025465596573773591 0.0011832590308074094 0.052047733319845295 -0.050129041940368817 0.04384406599463421 0.033949644448346736 -0.047532711833938986 0.030551561500059415 -0.051206844721028481 -0.053655375815700949 0.061107260652381618 0.015326148520658443 0.051848902245048824 0.0015035420322535753 0.032525134219775591 -0.051002991165166746
leaf_weight=0.56418663100339472 0.30913173197768629 0.76632367854472139 0.86868522176519036 0.94336071494035323 0.50484525086358212 0.35952358180657062 3.9738076890353105 0.58936819294467546 0.64792953687719901 0.77227149705868203 0.92326996172778253 2.4683978746179491 0.76557855168357491 3.5492415350163355 0.9751730710268024 6.2698979051783681 2.9931490360759119 0.65830367989838112 1.2489786134101448 1.3801571903750303 1.0924667199142195 6.3309988032560787 1.3215800637844939 1.3446747846901423 0.55666533950716157 1.1040809990372507 0.85106076719239376 34.900981508428252 0.72986682876944531 3.690548905520691
leaf_count=59 9 99 58 66 5 10 105 19 13 10 35 132 33 204 32 204 43 26 53 39 46 122 82 62 11 40 13 1238 27 305
internal_value=-0.000171032 0.0294834 -0.00055817 -0.021084 0.00577624 -4.42001e-05 0.0118539 -0.0224571 -0.000906668 -0.0190174 -0.0302041 -0.0421739 0.000256828 -0.000177401 -0.00242584 0.000531829 0.0329997 -0.0209122 0.011409 -0.0311491 -0.00205129 0.0103532 -0.015359 0.018445 -0.00705772 -0.0225534 0.0139461 -0.00229421 -0.0146928 -0.0372114
internal_weight=83.4545 1.07546 82.3791 2.01239 1.06903 80.3667 5.43186 1.45805 74.9348 4.52346 3.75119 2.82792 70.4113 69.7634 57.4888 49.5596 3.96832 7.92915 1.90728 6.02187 2.47262 12.2746 2.93822 9.33642 3.00542 2.44876 1.61664 45.5913 10.6903 4.42042
internal_count=3200 108 3092 130 64 2962 182 77 2780 187 177 142 2593 2580 2217 1849 75 368 79 289 85 363 128 235 113 102 46 1774 536 332
is_linear=0
shrinkage=0.05


Tree=137
num_leaves=31
num_cat=0
split_feature=10 7 9 0 6 6 12 8 7 7 4 8 8 0 2 11 0 3 11 9 7 9 10 4 2 7 11 2 6 0
split_gain=0.363972 0.337945 0.666365 0.319093 0.627353 1.41277 0.340959 0.974574 1.30355 1.87321 1.19077 1.05039 0.909563 2.55396 1.35193 1.34922 1.04658 1.62739 1.49108 1.46911 1.01702 1.06072 0.943346 0.90686 0.893305 1.32188 0.864083 0.836382 1.61068 1.88391
threshold=2.2826143941991313 2.3040973512739593 -0.50909210862769505 -1.1004094268191746 -0.24824883571224698 -0.33983113067331688 -0.74002698477181994 -0.81865738961252987 -0.43590381729838895 -0.45643410923787892 -0.28924486602422433 -0.88230454305299777 -0.38007041199667174 -0.39674024381204592 -0.62025950798046459 -1.2993788618744622 -0.18671770073463043 -0.047108634477242554 1.0000000180025095e-35 -0.76541830991751136 -0.74638878282001009 0.13425693715579584 0.073298068940192015 -0.41608224457724252 -0.42192790925958246 -0.29036964312325736 -1.2993788618744622 0.32453745143199936 0.31269272092430628 -0.28017539168835409
decision_type=2 2 2 2 2 2 2 2 2 2 2 2 2 2 2 2 2 2 2 2 2 2 2 2 2 2 2 2 2 2
left_child=1 3 -3 4 5 -1 27 8 9 10 11 -8 15 14 -14 23 18 -18 22 -20 21 -15 24 -9 25 -17 -22 28 29 -5
right_child=-2 2 -4 6 -6 -7 7 12 -10 -11 -12 -13 13 20 -16 16 17 -19 19 -21 26 -23 -24 -25 -26 -27 -28 -29 -30 -31
leaf_value=-0.050661657752723771 0.03915596720715895 -0.045386018105156134 0.050798421571890885 0.01660245118726476 -0.051448273552113226 0.066163758664042421 0.016528314172049828 -0.010426130476253999 -0.051351981995132606 0.081307772683012369 -0.051332345704163652 -0.051376258493223276 0.0067594685496822574 0.049335324819318689 -0.045493232463447122 -0.051522551743912619 -0.041982441000717324 0.025404653386007101 -0.030643206294699563 0.034932200047239265 -0.046180178257983845 -0.015986169768200123 -0.051673826074740595 0.046170014568924334 0.032886854557913431 0.035738500482346031 0.0010569287019517113 0.051172695866723489 -0.031787207786942516 -0.019099088865116645
leaf_weight=0.53702220576815307 0.58403748087584872 0.23491430468857288 0.77130078780464717 15.102197740809066 0.89861351461149652 0.49947342928498961 2.5573534485884011 0.90505677158944298 2.2173146506538606 0.55355302616953839 1.586376027902588 0.73265357455238733 1.6437134575098751 2.0931126063223959 5.0135530064580953 1.2337609496898947 2.745627757627517 1.3299094096291746 1.0100950099295003 5.5308186984620988 1.0235637156292821 0.88393569644540537 1.155317159835249 3.2473944902885732 1.3046586452983322 0.66951940720900882 17.872519902768552 0.92937966843601216 2.9368742611259213 4.8920469240983975
leaf_count=59 48 3 97 413 66 5 87 37 133 6 97 45 42 55 291 79 134 28 67 122 40 26 59 63 27 18 612 63 140 238
internal_value=-0.000175881 -0.000455638 0.0283429 -0.00081292 -0.020873 0.00563495 -0.000322605 -0.00247776 -0.0190474 -0.00585578 -0.0157503 0.00140661 0.000180762 -0.00547545 -0.0325918 0.00861546 0.00162463 -0.019993 0.00970442 0.0248056 0.00277762 0.0299403 -0.0129336 0.0338345 0.00101848 -0.0208266 -0.00150181 0.00467315 0.00278856 0.00786726
internal_weight=82.6957 82.1116 1.00622 81.1054 1.93511 1.0365 79.1703 55.3098 7.64725 5.42994 4.87638 3.29001 47.6626 28.5304 6.65727 19.1322 14.9797 4.07554 10.9042 6.54091 21.8731 2.97705 4.36326 4.15245 3.20794 1.90328 18.8961 23.8605 22.9311 19.9942
internal_count=3200 3152 100 3052 130 64 2922 2068 368 235 229 132 1700 1066 333 634 534 162 372 189 733 81 183 100 124 97 652 854 791 651
is_linear=0
shrinkage=0.05


Tree=138
num_leaves=31
num_cat=0
split_feature=7 9 10 7 8 9 8 10 1 1 0 5 5 9 5 4 8 7 4 5 11 6 4 6 1 10 9 9 9 0
split_gain=0.338875 0.63455 0.313917 0.329926 1.45507 0.884181 0.610144 1.39564 0.742631 1.05495 0.886572 0.883255 0.969946 0.863958 1.17095 1.00741 0.70265 1.30718 0.661696 0.819103 0.794269 0.714861 0.776769 0.650591 0.608286 1.66447 1.21 1.16633 1.27728 1.0572
threshold=2.3040973512739593 -0.50909210862769505 2.2826143941991313 2.1027043013255291 2.3775163797786161 0.019946999448628908 2.0878290443118614 1.3452438030625775 1.6278516238823164 3.9886130209923598 2.2150226325931626 0.30507157720566253 0.26088870322712737 -1.105438174950047 0.75351998877445647 0.3001907269685819 0.60356886189142001 1.6286526610971304 0.38993173380268409 0.11162052410022884 1.0000000180025095e-35 1.1312094821388687 0.14728197415228403 0.6217829664179173 -0.45787841992707229 0.59914703070774122 -1.105438174950047 -1.0972518430228704 -0.91691924116243173 -0.21042937941231296
decision_type=2 2 2 2 2 2 2 2 2 2 2 2 2 2 2 2 2 2 2 2 2 2 2 2 2 2 2 2 2 2
left_child=2 -2 3 6 5 -5 8 -8 11 10 -10 12 18 -13 -15 -16 -17 -18 19 21 -21 22 23 24 29 26 -26 -28 -29 -1
right_child=1 -3 -4 4 -6 -7 7 -9 9 -11 -12 13 -14 14 15 16 17 -19 -20 20 -22 -23 -24 -25 25 -27 27 28 -30 -31
leaf_value=0.0090011867284842846 -0.043557548356487327 0.050738210030556202 0.03760007100186908 -0.045480918402843906 -0.058713492634539899 0.051324029122671457 0.049714828353147895 -0.016397686873381428 0.051820337566292285 -0.030280601493661588 -0.028073511203536614 0.040982864162238022 0.048325243646277695 -0.044670496027371651 0.051615551118352747 -0.044185149629581338 0.048295274776565748 -0.035799612713172134 0.029410403739834664 -0.065825977211017517 0.0019265584849405362 0.05161185712935043 -0.039817547757493799 -0.046652177453353587 -0.051176071446602245 -0.044671717365900372 0.071521113948326373 -0.051530313016480922 0.0027590046144257262 -0.011560021790625465
leaf_weight=26.331777908955686 0.23259727843105793 0.76583743200171639 0.53599351295269926 0.34116747044026785 1.1602194386068729 0.76430453709326684 1.8358813941013061 1.412379565881565 2.0334560063201934 0.73037490504793812 0.41874358605127771 0.57084456551820029 1.0098051298409689 3.3176896513905367 0.66988285677507553 1.2940471931360664 0.87378261191770412 0.98079429962672293 1.7316512980032701 0.97078946838155278 0.78022961062379181 0.64017533324658771 1.2942699621198688 0.75843185698613425 1.1578313529025823 2.5288238816428921 0.57637045998126879 1.1579528131987995 16.831728777382526 8.1981558445841056
leaf_count=881 3 105 40 5 14 50 93 43 105 16 26 10 25 119 25 21 34 20 76 33 33 38 103 48 88 138 7 72 555 374
internal_value=-0.000180329 0.0287709 -0.000537599 -0.000791937 -0.0196011 0.0214484 -0.000246323 0.0209684 -0.00116688 0.0224669 0.0381775 -0.00221629 -0.000289689 -0.018207 -0.0229417 -0.00406279 -0.0159086 0.00382163 -0.00106944 -0.00193149 -0.0356364 -0.000939185 -0.00151098 -0.000649353 -3.49045e-05 -0.00648138 -0.00158495 0.00150769 -0.000735469 0.00411951
internal_weight=81.906 0.998435 80.9076 80.3716 2.26569 1.10547 78.1059 3.24826 74.8576 3.18257 2.4522 71.675 63.968 7.70704 7.1362 3.81851 3.14862 1.85458 62.9582 61.2265 1.75102 59.4755 58.8353 57.5411 56.7826 22.2527 19.7239 18.5661 17.9897 34.5299
internal_count=3200 108 3092 3052 69 55 2983 136 2847 147 131 2700 2471 229 219 100 75 54 2446 2370 66 2304 2266 2163 2115 860 722 634 627 1255
is_linear=0
shrinkage=0.05


Tree=139
num_leaves=31
num_cat=0
split_feature=2 8 2 3 9 3 10 3 6 12 7 2 6 4 11 9 6 9 3 9 3 5 6 3 6 5 6 7 9 5
split_gain=0.328555 0.419819 0.377704 0.316262 0.914015 0.617834 1.30692 0.611218 0.579134 0.458897 0.578519 0.568031 0.638875 1.51288 0.720959 0.904056 0.681198 0.578322 0.675773 0.505308 0.511867 1.04472 0.488807 1.14406 1.23414 1.12523 1.08936 1.39488 1.25471 1.0447
threshold=3.005692153639917 0.36733440048457644 -0.64372147380909817 2.5549216383180724 1.9551775253224879 1.483426971368867 1.182757133119076 1.2295007332826404 -0.41996563876425302 2.2474663095130718 0.53561537741963861 2.8214319521275733 1.2743068180155406 1.7559896087907816 -1.2993788618744622 2.7369688365350289 0.6217829664179173 0.75425081044723874 -0.19313674589259733 2.2417173007326912 -0.5673752561669626 -0.60710728456739205 0.083736983521631461 -0.55428211222392354 0.16387149161256767 -0.21569344561167134 -0.11087539327064211 0.16828222039122484 0.81103858648067917 -0.32558045314279765
decision_type=2 2 2 2 2 2 2 2 2 2 2 2 2 2 2 2 2 2 2 2 2 2 2 2 2 2 2 2 2 2
left_child=2 -2 -1 5 -5 7 8 9 -7 11 -11 12 16 14 -14 -16 19 -18 -19 20 21 -4 26 -24 25 29 28 -28 -22 -25
right_child=1 -3 3 4 -6 6 -8 -9 -10 10 -12 -13 13 -15 15 -17 17 18 -20 -21 22 -23 23 24 -26 -27 27 -29 -30 -31
leaf_value=-0.051173294115929302 -0.023358213018392929 0.050979216446996767 0.02562289638672359 0.051876746922603023 -0.011867442128382493 -0.023430754271146385 -0.04830743390037346 0.050299987938432128 0.051853505674209488 -0.026270322249208906 0.05188895751236932 -0.035909102662634619 -0.034375156104855649 -0.061596268833543258 0.051526679531171064 -0.032164563416184573 -0.050031652041901659 -0.042510558301428455 0.051317019873048979 0.051600463587493865 0.0022449132727498911 -0.045035857775364195 0.056848436277664449 0.0071744258469325917 -0.0031746733876502732 -0.015716689334552402 -0.041067721428587972 0.025664406881473728 -0.032865462501084033 0.064180805383219033
leaf_weight=0.36625326983630557 0.26722739217802782 0.65657661808654666 0.75593498907983336 1.0634805890731507 1.1934289624914525 0.43130689579993486 1.8811675140168516 0.6006809554528435 0.62653489899821513 0.32617197418585309 0.86360942013561726 1.1368524369318027 0.35971290059387762 0.49410211853682984 2.4983943293336774 0.37054002750664938 1.2968801215756678 0.3811917940620333 0.38645259663462628 0.46202821377664705 34.856763535644845 1.6985975515562888 1.0596989090554441 1.3426852074917404 15.469367682933806 1.1675217652227754 3.5287878683302827 1.0064164162613449 2.7449364609783506 2.0020100828260188
leaf_count=26 8 52 22 54 24 9 29 31 37 11 50 16 9 5 168 7 57 13 28 28 1332 153 8 36 563 38 198 34 137 17
internal_value=-0.000172719 0.0294757 -0.000513503 -0.00028159 0.0181695 -0.000817196 -0.0233045 6.62561e-05 0.0211583 -0.00034036 0.030462 -0.000842259 -0.000287658 0.019882 0.0323512 0.0407175 -0.00138929 -0.0296718 0.00472474 -0.000505865 -0.000872673 -0.0232747 -2.33178e-06 0.00622139 0.00353645 0.0265444 -0.00311018 -0.0262591 -0.000318156 0.0412963
internal_weight=81.2953 0.923804 80.3715 80.0053 2.25691 77.7483 2.93901 74.8093 1.05784 74.2087 1.18978 73.0189 71.882 3.72275 3.22865 2.86893 68.1593 2.06452 0.767644 66.0947 65.6327 2.45453 63.1782 21.0413 19.9816 4.51222 42.1369 4.5352 37.6017 3.3447
internal_count=3200 60 3140 3114 78 3036 75 2961 46 2930 61 2869 2853 189 184 175 2664 98 41 2566 2538 175 2363 662 654 91 1701 232 1469 53
is_linear=0
shrinkage=0.05


Tree=140
num_leaves=31
num_cat=0
split_feature=0 4 10 8 0 4 5 8 1 0 0 9 9 2 10 6 8 10 2 9 2 6 3 2 3 9 0 1 10 6
split_gain=0.340043 1.50462 1.40233 1.64054 0.99526 1.23727 1.26934 0.956011 0.934468 1.16119 0.920379 0.909042 0.758834 1.09951 1.51923 0.935471 0.923521 0.755662 0.730393 0.689944 1.94322 0.873327 0.980085 2.13348 1.82239 1.40468 1.1376 1.07225 0.981761 0.960453
threshold=-0.79791685066319606 -0.29355422887269261 0.26140899017783498 -0.31529459020250356 -0.92540951807127958 -0.4922412449165342 -0.28073704901623436 0.60356886189142001 -0.56671364405920677 -0.94193629397106149 -0.98753960173662036 -1.1536718034416982 -0.98640739684122802 -0.50430726856855335 -0.96827329876349266 -1.0152505560112075 -0.9726411382277943 -0.88331118178820778 -0.1164473943384542 -0.80354214332994855 -0.61428788614928975 -0.32838334380318313 -0.48834420201985546 -0.33688123024890454 -0.50033097130084458 -0.63496780181757628 -0.18069778812260295 -0.66930197890938004 -0.50788163593276581 -0.29403998319278191
decision_type=2 2 2 2 2 2 2 2 2 2 2 2 2 2 2 2 2 2 2 2 2 2 2 2 2 2 2 2 2 2
left_child=1 4 3 8 5 6 10 -7 9 -3 -1 -2 13 14 -13 -15 -14 -16 -4 20 -18 22 24 25 26 -24 -21 -27 -25 -23
right_child=11 2 18 -5 -6 7 -8 -9 -10 -11 -12 12 16 15 17 -17 19 -19 -20 21 -22 29 23 28 -26 27 -28 -29 -30 -31
leaf_value=-0.051373035343097555 -0.034875947103536566 -0.052548373077177093 -0.051282041886491707 -0.050998651394147942 -0.051208934136113028 -0.05107989010493709 0.052736232724203407 0.04659250802319561 0.035774508990264568 0.031241271454141767 0.028232855206345792 -0.05175414487143612 -0.051360880015369217 0.035419873701720971 0.1039369927826507 -0.034813018301653564 0.021269010276999789 0.037305367498581404 0.033995892076161362 0.016754469256003005 -0.048971558149707446 0.048310882187065349 0.010334577808557498 -0.030349259162683453 0.064620138975850644 0.035986871965560427 -0.039378395465289949 -0.05125627825099828 0.01587994050083821 0.0060651694599600748
leaf_weight=0.86188142758328468 1.6774576746392984 0.77218186482787132 1.3163436020258812 0.80526509461924245 2.2664333801949414 1.9352922874968501 1.1135409991256899 0.28778419084846962 4.8368971392046669 0.89014090434647986 0.62740257056430004 0.43711799825541708 0.84023653226904471 0.73883777856826816 0.50188607815653163 1.3232951764948655 1.7373225316405294 2.7960149042773987 0.31026902142912138 2.4269346368964761 2.2728296723216763 1.4043980319984246 1.4744596662931151 1.4394669658504424 1.2846785986330385 0.37976442347280759 1.4370574397034945 4.8499514679424456 5.6806646955665174 32.025349146220833
leaf_count=61 122 46 96 72 156 154 17 7 100 23 17 28 61 16 3 70 33 70 5 56 163 33 67 40 15 18 60 301 184 1106
internal_value=-0.000162866 -0.0066841 0.00696952 0.0163191 -0.0238776 -0.0110417 0.0123558 -0.0384359 0.0246599 -0.00768068 -0.0178368 0.00145147 0.00241797 0.0196562 0.035836 -0.00964941 0.000672516 0.0474456 -0.0350157 0.00144752 -0.0185412 0.00297717 -0.00559085 -0.0125261 0.0130304 -0.0327685 -0.00412191 -0.044921 0.00653385 0.00783993
internal_weight=80.7512 16.0234 8.9311 7.30449 7.09233 4.8259 2.60282 2.22308 6.49922 1.66232 1.48928 64.7277 63.0503 5.79715 3.73502 2.06213 57.2531 3.2979 1.62661 56.4129 4.01015 52.4027 18.973 13.8243 5.14867 6.70418 3.86399 5.22972 7.12013 33.4297
internal_count=3200 754 342 241 412 256 95 161 169 69 78 2446 2324 187 101 86 2137 73 101 2076 196 1880 741 610 131 386 116 319 224 1139
is_linear=0
shrinkage=0.05


Tree=141
num_leaves=31
num_cat=0
split_feature=0 4 10 8 0 4 5 0 3 9 1 2 2 9 2 10 8 9 10 1 0 9 4 4 2 8 4 0 2 3
split_gain=0.315013 1.40799 1.29981 1.51926 0.961389 1.16632 1.15218 0.915593 0.904156 0.842038 0.832982 1.11533 0.693893 0.690483 0.992107 1.38088 0.875549 0.803582 0.700714 0.676095 0.656893 0.642999 1.52779 1.45658 1.04368 0.597085 1.25941 0.519769 2.31826 0.927165
threshold=-0.79791685066319606 -0.29355422887269261 0.26140899017783498 -0.31529459020250356 -0.92540951807127958 -0.4922412449165342 -0.28073704901623436 -0.93505044014414518 -0.62365221120064573 -1.1536718034416982 -0.56671364405920677 -0.39804270866968167 -0.1164473943384542 -0.98640739684122802 -0.50430726856855335 -0.96827329876349266 -0.9726411382277943 -1.0739376465845245 -0.72843533535056448 -0.44942550845499801 0.36497072049860563 -0.76541830991751136 -0.3583857906035775 -0.40453228912572742 -0.6122365953158303 -0.87902072086857896 -0.25788929243202058 -0.21042937941231296 -0.34449425741718026 -0.48676529919091976
decision_type=2 2 2 2 2 2 2 2 2 2 2 2 2 2 2 2 2 2 2 2 2 2 2 2 2 2 2 2 2 2
left_child=1 4 3 10 5 6 8 -7 -1 20 11 -3 -4 14 15 -11 -15 -16 -17 -12 -2 22 23 24 -18 -21 -27 29 -29 -23
right_child=9 2 12 -5 -6 7 -8 -9 -10 13 19 -13 -14 16 17 18 21 -19 -20 25 -22 27 -24 -25 -26 26 -28 28 -30 -31
leaf_value=0.064133338665920345 -0.051203209928321218 -0.051453014564478441 -0.051219635745205286 -0.050949856887172823 -0.051150170367660064 -0.050961194824216773 0.050235750774162716 0.04581098052219422 -0.036542415968901495 -0.051670802470448002 0.051589156371216471 0.031500289868244553 0.03233311855807372 -0.051296164039714182 -0.051071229728463355 0.080955333285026174 0.021376370656560433 0.014425075592340662 0.030233097250303799 0.044735536858996706 0.024656402764524656 0.024835655853742648 -0.047850208871218547 0.06336957784555225 -0.051243827663303404 0.04514189912947858 -0.051441655159924021 -0.026573638242081046 0.0067065871392979759 0.0023992440854119969
leaf_weight=0.2752501486102118 1.2637108648195852 0.7645098865032196 1.2536319068167356 0.76670693303458204 2.1583124483004212 1.8483811328187578 1.1105950665660191 0.28166951052844602 1.1751586556201803 0.4164532569702718 2.5508074664976439 0.86218222742900141 0.30992302205413569 0.80024064588360388 0.73512233747169409 0.95889790169894773 0.98365095537155878 1.2903171208454285 2.3486421077977861 0.94549429323524203 0.36861478607170273 6.3714699777774539 2.1255244850181034 0.84187841624952842 0.99545086955185991 0.62510675936937288 0.73364945361390976 6.9496913735056252 21.18072163057515 16.604297441197552
leaf_count=8 105 58 96 72 156 158 17 3 70 28 36 11 5 61 47 8 16 39 65 15 17 130 144 13 75 8 41 392 785 521
internal_value=-0.000170513 -0.00652881 0.00668846 0.0156073 -0.0235334 -0.0108272 0.0119098 -0.0381644 -0.0174368 0.00137974 0.0234801 -0.00748596 -0.0346581 0.00230413 0.0188167 0.0341344 0.000634246 -0.00934646 0.0449381 0.0338553 -0.0340725 0.00137563 -0.0158377 0.00828281 -0.0151502 0.014224 -0.00700761 0.00304169 -0.00151538 0.00862114
internal_weight=79.8961 15.6614 8.81201 7.24846 6.84937 4.69105 2.561 2.13005 1.45041 64.2347 6.48175 1.62669 1.56355 62.6024 5.74943 3.72399 56.8529 2.02544 3.30754 4.85506 1.63233 56.0527 4.9465 2.82098 1.9791 2.30425 1.35876 51.1062 28.1304 22.9758
internal_count=3200 754 342 241 412 256 95 161 78 2446 169 69 101 2324 187 101 2137 86 73 100 122 2076 248 104 91 64 49 1828 1177 651
is_linear=0
shrinkage=0.05


Tree=142
num_leaves=31
num_cat=0
split_feature=10 0 1 7 10 3 5 9 10 9 8 6 8 6 6 3 3 4 6 8 7 9 9 5 4 4 7 7 6 9
split_gain=0.312551 0.285614 1.70644 1.56781 1.03787 0.960295 1.05756 0.63789 0.901728 0.550757 1.13318 0.877587 0.613669 1.9845 1.57839 1.59644 1.83005 1.49014 1.3083 0.962259 1.14161 1.11317 0.896968 1.01632 0.810727 1.36958 1.18686 1.29511 0.931311 1.49877
threshold=2.2826143941991313 -0.98753960173662036 -0.5435585705320255 -0.7088178460563298 -0.95193858953903132 -0.36869463899994204 -0.5238446889404057 -1.1536718034416982 -1.0452784150543535 -1.0972518430228704 -0.78840457752608395 0.38137944214510872 -0.61627028200523648 0.3470360815347075 0.095184770391765192 -0.16485053153286366 0.081936206628921773 -0.58698813852144871 -1.0953850641021436 -0.89884376613022876 -0.87209525065553539 -0.9307272032351106 -0.61905617340477725 -0.45779569553606864 -0.20502727244929961 -0.23251925235962498 -0.978830470735086 -0.94316671086567228 1.1312094821388687 0.62095133690317839
decision_type=2 2 2 2 2 2 2 2 2 2 2 2 2 2 2 2 2 2 2 2 2 2 2 2 2 2 2 2 2 2
left_child=1 2 -1 -4 -5 6 -6 8 -3 10 -9 -12 13 14 15 17 19 -11 -19 -17 -21 -22 23 -16 25 26 -14 -28 29 -29
right_child=-2 7 3 4 5 -7 -8 9 -10 12 11 -13 24 -15 22 16 -18 18 -20 20 21 -23 -24 -25 -26 -27 27 28 -30 -31
leaf_value=-0.051525988420209806 0.038099593997293596 0.019762236860046661 -0.051011442446111034 -0.051311362006330991 0.042265814647760372 0.045930516982338583 -0.051273551711305876 0.049763979295737761 -0.051077617812418263 0.030236626446035 -0.051124303508745111 0.038365757096431169 -0.051465342982798423 -0.051411518950326841 0.03853106348824023 0.060528681551552943 -0.053937083678262013 0.011284180427911704 -0.039287168760628974 0.060493264799209238 0.04364875053054295 -0.051436435015783905 0.037901570218017322 -0.0519012353438882 -0.0036307983947995873 0.046787953054657438 0.046226495403224523 0.0077515381780420382 0.051601240886299277 -0.031763659159180689
leaf_weight=1.8313910620054228 0.52979522885288943 0.6769348215311769 1.0112340610940007 0.47091263462789301 0.55599715001881089 2.4026712223421782 0.66190415248274814 1.637837846297771 1.3354225431103248 1.2070992160588527 0.68171186326071509 0.4580165664665401 0.86522082542069867 2.2237966705579302 0.5588733940385282 1.5169203449040654 0.78609738685190667 1.5927958732936538 6.4895463444991011 0.6877053878270093 0.47055181674659274 0.88996385654900445 3.2849980753380796 0.69961488666012861 21.19360031478573 2.2584737907163754 2.0360786195378813 16.248804039554674 0.99223121115937729 2.8154264523182055
leaf_count=156 48 27 85 34 8 50 44 33 126 30 49 10 46 133 11 26 49 58 373 9 6 52 62 33 886 48 31 487 66 124
internal_value=-0.000175552 -0.000433733 -0.0101231 0.00473664 0.0185151 0.0275971 -0.0085709 0.000504531 -0.0272479 0.00130699 0.0231229 -0.0151614 0.000400122 -0.00682585 -0.00137333 -0.00987506 0.0151178 -0.0215819 -0.029321 0.0303441 0.00798936 -0.01855 0.024151 -0.0117418 0.00357762 0.00963612 0.0059813 0.00823111 0.00437392 0.00191589
internal_weight=79.0716 78.5418 6.93411 5.10272 4.09149 3.62057 1.2179 71.6077 2.01236 69.5954 2.77757 1.13973 66.8178 20.408 18.1842 13.6407 4.35124 9.28944 8.08234 3.56514 2.04822 1.36052 4.54349 1.25849 46.4098 25.2162 22.9578 22.0925 20.0565 19.0642
internal_count=3200 3152 377 221 136 102 52 2775 153 2622 92 59 2530 842 709 603 142 461 431 93 67 58 106 44 1688 802 754 708 677 611
is_linear=0
shrinkage=0.05


Tree=143
num_leaves=31
num_cat=0
split_feature=2 8 10 2 6 10 2 6 7 9 7 2 4 3 3 8 5 0 6 6 4 2 4 4 8 3 2 9 3 8
split_gain=0.307083 0.389859 0.288137 0.491131 0.348246 0.731719 1.84127 0.653641 0.458295 0.704396 0.664853 0.657968 0.442813 0.710857 0.690301 0.712745 0.554847 0.677737 0.756618 0.819287 0.531115 0.566951 0.668823 0.523392 0.796026 0.502687 1.32307 1.15648 0.665169 0.605664
threshold=3.005692153639917 0.36733440048457644 2.0842712252892728 0.070065466139794294 2.8655491929641301 1.4619991718941348 2.8214319521275733 2.5564589474705195 2.2119924761340939 -0.41739997224279674 2.1027043013255291 2.7236347652505892 5.0581982709663604 2.3326990877958611 1.483426971368867 2.3775163797786161 1.0689182628952916 1.7996030111991581 1.0110077200024647 0.6217829664179173 0.88607823581275535 -0.639735105464044 -0.59863597106157818 0.61344965428003506 1.6848471190316767 0.081936206628921773 0.32453745143199936 -1.0972518430228704 0.064043504423612424 -0.94934480707556113
decision_type=2 2 2 2 2 2 2 2 2 2 2 2 2 2 2 2 2 2 2 2 2 2 2 2 2 2 2 2 2 2
left_child=2 -2 4 -4 7 6 -6 8 10 -10 11 12 13 14 15 16 17 18 19 20 21 22 -1 24 -19 28 27 -27 29 -23
right_child=1 -3 3 -5 5 -7 -8 -9 9 -11 -12 -13 -14 -15 -16 -17 -18 23 -20 -21 -22 25 -24 -25 -26 26 -28 -29 -30 -31
leaf_value=0.037681111950168503 -0.021790440985430717 0.050920204660219882 -0.036921159194872662 0.051018345984494742 0.051568065854490412 -0.057926679426171114 -0.069517970574997909 0.051795831995142698 -0.049881019490107002 0.051030882950943816 -0.041111582067401203 0.052867183015255365 -0.046070507588110057 0.035285426653646638 -0.031970151036183399 0.051570644924911771 0.036453005594773297 0.04624219080350727 0.051161498122693987 -0.045668815187745383 0.04536437065201656 -0.024701634229251847 -0.051174861546849131 -0.050742568544321444 -0.03797087460852875 0.030204648460159009 0.052288966569990193 -0.048376965128541019 0.052471432231429131 0.0014063518450069881
leaf_weight=0.26490093232132483 0.26291932770982285 0.61693483218550682 0.2129053957760324 0.62442123354412615 0.77392309787683122 0.81657120911404479 0.52824964234605432 0.59810399485286225 0.21487017907202244 0.8859847243875254 1.0271503434050817 0.57086869026534159 0.54146745475008984 1.347574578016064 1.7965177299920458 0.64920267777051677 0.97071677749045093 0.47176750085782193 0.69706546398810942 1.0198180875740934 0.62523539178073306 2.3177324905991332 1.0560060010757144 1.2169545309152452 0.69255310331936926 0.58809887291863638 0.54960680566728104 2.296590478741563 0.6182261542417099 53.441893399576692
leaf_count=4 8 52 14 55 50 13 4 38 2 97 24 17 6 37 37 42 36 40 45 54 22 143 72 19 26 19 25 166 16 2017
internal_value=-0.000179658 0.0291927 -0.000513487 0.0286581 -0.00083246 -0.020821 0.00244735 -0.000263682 -0.000685245 0.0313344 -0.0011697 -0.000597769 -0.00102667 -0.000681306 -0.00138097 -0.000566553 -0.00107305 -0.00162618 -0.000643742 -0.00121897 -0.000484965 -0.000953887 -0.0333553 -0.027814 -0.00384884 -0.000238327 -0.0188104 -0.0323566 0.000893002 0.000321134
internal_weight=78.2948 0.879854 77.415 0.837327 76.5777 2.11874 1.30217 74.4589 73.8608 1.10085 72.7599 71.7328 71.1619 70.6205 69.2729 67.4764 66.8272 65.8564 63.4752 62.7781 61.7583 61.1331 1.32091 2.38128 1.16432 59.8121 3.4343 2.88469 56.3779 55.7596
internal_count=3200 60 3140 69 3071 67 54 3004 2966 99 2867 2843 2826 2820 2783 2746 2704 2668 2583 2538 2484 2462 76 85 66 2386 210 185 2176 2160
is_linear=0
shrinkage=0.05


Tree=144
num_leaves=31
num_cat=0
split_feature=11 1 7 6 6 6 8 3 5 3 6 9 9 1 10 6 3 3 8 8 8 8 0 10 10 3 9 1 6 7
split_gain=0.302006 0.899203 0.660274 0.613506 0.351617 0.846719 0.775771 0.755594 1.10941 0.867598 1.1559 0.709438 0.70327 0.560944 1.00202 0.543451 0.505617 0.990826 0.489674 0.403146 0.413177 0.45514 1.86594 1.13105 1.41395 1.56443 1.19043 0.928378 1.17232 0.913497
threshold=1.4436749202024679 1.0168475337475449 1.1574853415732238 -0.07653203266024089 2.8655491929641301 2.2359209151067749 2.6950201312696116 4.9662738841152505 1.7948913295550049 1.483426971368867 1.2743068180155406 2.4776721825650596 2.1958406649272622 1.4244312102128338 1.5456933814224616 0.6217829664179173 -0.5673752561669626 -0.62365221120064573 1.8231348425794385 1.3603630327814369 0.60356886189142001 -0.2286921259656465 -0.68395150822035389 -2.0818439501917854 -0.20462884119722452 -0.33068769449154395 -0.89970011742278055 -0.52939340038704008 -0.61457801555652658 0.80008907675030116
decision_type=2 2 2 2 2 2 2 2 2 2 2 2 2 2 2 2 2 2 2 2 2 2 2 2 2 2 2 2 2 2
left_child=4 2 -2 -4 5 6 7 8 9 10 12 -7 15 14 -6 16 17 -1 19 20 21 29 -23 -24 26 27 -25 -26 -29 -18
right_child=1 -3 3 -5 13 11 -8 -9 -10 -11 -12 -13 -14 -15 -16 -17 18 -19 -20 -21 -22 22 23 24 25 -27 -28 28 -30 -31
leaf_value=0.012544104969637574 -0.039760508709577286 0.051396287439189274 -0.02434452325134677 0.05174275735943789 0.051743126661287775 0.051856923216296008 -0.043575327433675419 -0.043905499870863562 0.051892521385016266 -0.040880519456822799 0.051202414398644737 -0.025381256161585708 0.049804662657057665 -0.049166678773632178 -0.043962732800900572 -0.03019114192588488 0.0028306364372437053 -0.052742405890754386 0.045566250411422947 -0.025357882099283587 0.019025446183369085 -0.05097794117805237 0.069893867341902186 0.015085661186496988 0.059770722487434459 -0.038161166362224427 -0.05088650689728158 0.054406204344092657 -0.02465299622562548 -0.049586943198788688
leaf_weight=1.06099936272949 0.80617872555740122 1.0985036122146992 0.45525975641794492 0.63371168833691616 0.53970596659928494 1.3268565885955457 1.0566888735629607 0.9845055234618475 1.0229193151462812 1.3090308841783542 1.0936621368164186 0.3831449532881378 0.68405194510705669 0.95700519531965245 0.554443777538836 1.5728797753108654 44.653646828257465 1.2850006140069883 0.59525368281174351 1.5284582569729526 2.9086390462471163 2.1705855653854078 0.55751141905784507 1.0073981903260567 1.5148508655838671 1.0944111619610621 2.1286227458622307 0.7911539478227495 1.1511788235511629 0.84694134187884529
leaf_count=48 11 96 12 34 29 84 26 11 49 25 82 10 45 26 11 83 1633 127 37 46 106 206 7 32 22 87 126 13 30 46
internal_value=-0.000169131 0.0154032 -0.00545981 0.0199334 -0.000792538 -0.000216753 -0.0010539 -0.000411662 0.000209122 -0.000568871 0.000222922 0.0345508 -0.00062762 -0.0212083 0.00324563 -0.00115945 -0.000438006 -0.023216 0.000438752 -6.33209e-06 0.000652381 -0.000303344 -0.00973173 0.00112662 -0.00386043 0.0139387 -0.029694 0.0304315 0.00754952 0.00185494
internal_weight=77.7732 2.99365 1.89515 1.08897 74.7795 72.7284 71.0184 69.9617 68.9772 67.9543 66.6452 1.71 65.5516 2.05115 1.09415 64.8675 63.2947 2.346 60.9487 60.3534 58.8249 55.9163 10.4157 8.24513 7.68762 4.55159 3.13602 3.45718 1.94233 45.5006
internal_count=3200 153 57 46 3047 2981 2887 2861 2850 2801 2776 94 2694 66 40 2649 2566 175 2391 2354 2308 2202 523 317 310 152 158 65 43 1679
is_linear=0
shrinkage=0.05


Tree=145
num_leaves=31
num_cat=0
split_feature=11 1 7 6 0 11 0 0 0 9 6 6 6 6 1 11 4 4 4 4 7 3 7 3 0 3 3 11 0 3
split_gain=0.28113 0.858364 0.601869 0.580309 0.333662 2.00284 0.622403 0.720175 0.888619 0.577048 0.472192 1.25362 0.668349 1.06702 0.948618 0.561014 0.505565 0.594061 0.477404 0.810003 0.827632 0.75668 0.867676 0.523091 0.679828 0.50676 1.44531 0.925225 0.897872 1.29204
threshold=1.4436749202024679 1.0168475337475449 1.1574853415732238 -0.07653203266024089 1.9028524291508331 0.98649928985631286 1.7996030111991581 1.5805432220787325 1.530513257050377 2.3057633490098497 2.2359209151067749 1.9840696039638324 1.1884484164895375 0.6217829664179173 1.2799681179653957 0.52932365951015792 -0.62050816202769388 -0.61701940545681822 0.099369598729839012 0.36696490462790371 -0.74274614806194927 -0.0094966540357088319 0.53561537741963861 -0.5673752561669626 -0.97620481726939701 -0.47497121617871546 -0.43295134401924623 -1.2993788618744622 -0.77737289144586874 -0.48381697949935337
decision_type=2 2 2 2 2 2 2 2 2 2 2 2 2 2 2 2 2 2 2 2 2 2 2 2 2 2 2 2 2 2
left_child=4 2 -2 -4 6 -6 7 8 9 10 11 12 13 14 16 -12 -1 -18 23 20 -20 -21 -23 24 -19 28 27 -27 29 -25
right_child=1 -3 3 -5 5 -7 -8 -9 -10 -11 15 -13 -14 -15 -16 -17 17 18 19 21 -22 22 -24 25 -26 26 -28 -29 -30 -31
leaf_value=-0.04588561784487287 -0.03790666863839226 0.051329281398533516 -0.02291738749968035 0.051656866998003474 0.051512988453192056 -0.038775507684831782 -0.031145335483435094 0.043102538022229603 -0.039308318008079421 0.051377611185293659 0.051617981660570439 -0.062966947809580745 0.051521614954259068 -0.044939062435455632 0.051543470726510034 -0.0057363211873132976 0.039129118139000316 0.026287926449716698 0.0053045241013686276 0.06105749100764099 -0.050135258975684896 -0.042073610998023508 0.020727350478490059 -0.051045095051103752 -0.050874832495547501 0.0079897333518224572 0.0012212291163656386 -0.049701266848937165 0.015935554615993504 0.023879705488883469
leaf_weight=0.62087272875940769 0.80339797399938051 1.0462586281355468 0.45932190283201624 0.60378220782149572 1.5997552711050951 0.99701107316650439 1.7162072255741794 0.9273180034942915 1.5008414699695993 0.53365352470427652 0.92132600536569842 0.81917342450469632 0.60642799222841759 1.3656376509461541 0.87132255523465474 0.7936414098367095 0.92948953341691165 0.39440370211377729 0.99216462555341456 0.49454367440193925 2.0938953501172355 0.99381119129247997 1.2316094939596949 1.3167105989996346 1.033250687527455 0.97878072573803399 36.54534723411787 2.3968449970707146 10.562443591887115 1.0220041130669404
leaf_count=56 11 96 12 34 140 36 40 67 22 26 56 12 36 66 52 27 12 25 49 9 121 93 27 99 107 36 1437 142 232 22
internal_value=-0.000161671 0.0150759 -0.0052457 0.0194365 -0.00075936 0.0168473 -0.00139736 -0.000667458 -0.00125554 -0.000409671 -0.000822255 -0.00150274 -0.000721514 -0.00121776 -0.000262093 0.0250759 -0.000994802 -0.000537782 -0.00115171 -0.0147786 -0.0323114 0.00511417 -0.00731782 0.000306688 -0.0295579 0.00111385 -0.00167019 -0.0329735 0.00972873 -0.0183034
internal_weight=77.1712 2.91276 1.8665 1.0631 74.2585 2.59677 71.6617 69.9455 69.0182 67.5174 66.9837 65.2687 64.4496 63.8431 62.4775 1.71497 61.6062 60.9853 60.0558 5.80602 3.08606 2.71996 2.22542 54.2498 1.42765 52.8221 39.921 3.37563 12.9012 2.33871
internal_count=3200 153 57 46 3047 176 2871 2831 2764 2742 2716 2633 2621 2585 2519 83 2467 2411 2399 299 170 129 120 2100 132 1968 1615 178 353 121
is_linear=0
shrinkage=0.05


Tree=146
num_leaves=31
num_cat=0
split_feature=2 3 10 2 6 10 2 6 7 9 7 2 4 4 4 5 3 6 11 6 9 3 3 4 4 6 6 5 0 0
split_gain=0.278332 0.323953 0.267278 0.561965 0.31717 0.57262 1.60944 0.570624 0.406153 0.63006 0.547642 0.595498 0.377432 0.638419 0.395051 0.674137 0.687094 0.547953 0.794875 0.52274 0.515498 0.399988 0.858049 0.376854 0.596811 0.471486 1.18163 1.23387 1.01772 1.51875
threshold=3.005692153639917 1.9458569951648856 2.0842712252892728 -0.16098469152165887 2.8655491929641301 1.4619991718941348 2.8214319521275733 2.5564589474705195 2.2119924761340939 -0.41739997224279674 2.1027043013255291 2.7236347652505892 5.0581982709663604 2.9580797114381077 1.7559896087907816 1.6806643856118415 1.573122256837953 1.3086501786259419 1.9008505505486228 0.6217829664179173 0.81103858648067917 -0.5673752561669626 -0.62365221120064573 -0.62050816202769388 -0.61026752394455841 0.083736983521631461 -0.11087539327064211 0.12469595557355537 -0.55968212710101473 -0.69444847158782974
decision_type=2 2 2 2 2 2 2 2 2 2 2 2 2 2 2 2 2 2 2 2 2 2 2 2 2 2 2 2 2 2
left_child=2 -2 4 -4 7 6 -6 8 10 -10 11 12 13 14 15 16 17 19 -19 21 -21 22 -1 -23 -25 26 -26 -28 29 -27
right_child=1 -3 3 -5 5 -7 -8 -9 9 -11 -12 -13 -14 -15 -16 -17 -18 18 -20 20 -22 23 -24 24 25 28 27 -29 -30 -31
leaf_value=0.012614722681131918 0.050771247005946797 -0.016612493293028715 -0.051045653190296317 0.05098069917895931 0.051359846276082061 -0.053239228692177204 -0.065422133993986428 0.051560746181491902 -0.04801679414169685 0.050918583724496647 -0.037790349386661995 0.052626808629449295 -0.043257669460481762 0.052400598454120331 -0.024107434935704643 0.052472339038036157 -0.058810927069902402 0.051342317826617204 -0.038353720223828401 -0.047039385096185653 0.0082038073523965967 -0.051435971169600504 -0.049188672263116545 0.032120017478386297 -0.00032072086382136088 0.002896284136672601 -0.040275011411982954 0.038855426669282364 0.014970619515868628 -0.052514401707485815
leaf_weight=1.0330442504491659 0.55015264474786718 0.26393798657227308 0.17304417630657554 0.61334719567093898 0.68907771597150647 0.79839029442518938 0.51591566344723105 0.52793323341756959 0.20145567320287228 0.79982676310464629 1.0002785231918085 0.52291233045980234 0.52271930524147947 0.56333002913743158 1.8080838008318085 0.59699726500548322 0.5082428224850436 1.0686175922164682 0.32125043519772578 1.186267201672307 0.65570892184041429 0.34828233299775391 1.2305980990640666 1.4765404891222562 34.302919388632276 6.2488736420636997 3.4472253870918044 0.57477100891992439 12.456723368261008 1.5417314565274889
leaf_count=48 51 9 11 58 50 13 4 38 2 97 24 17 6 19 34 26 7 78 10 55 30 24 127 15 1451 246 211 20 360 59
internal_value=-0.00015531 0.0289246 -0.0004679 0.02853 -0.000772161 -0.020399 0.00135986 -0.000233118 -0.000610708 0.031013 -0.00105409 -0.000532234 -0.000929955 -0.000611002 -0.00104502 -0.000422631 -0.000898199 -0.000451507 0.0306102 -0.00112081 -0.0273738 -0.000349072 -0.0209838 0.000424306 0.000725095 -6.63361e-05 -0.00332697 -0.0289667 0.00610551 -0.00806928
internal_weight=76.5482 0.814091 75.7341 0.786391 74.9477 2.00338 1.20499 72.9443 72.4164 1.00128 71.4151 70.4148 69.8919 69.3692 68.8059 66.9978 66.4008 65.8926 1.38987 64.5027 1.84198 62.6607 2.26364 60.3971 60.0488 58.5722 38.3249 4.022 20.2473 7.79061
internal_count=3200 60 3140 69 3071 67 54 3004 2966 99 2867 2843 2826 2820 2801 2767 2741 2734 88 2646 85 2561 175 2386 2362 2347 1682 231 665 305
is_linear=0
shrinkage=0.05


Tree=147
num_leaves=31
num_cat=0
split_feature=3 3 1 9 4 5 5 3 7 7 5 3 5 10 8 9 9 1 8 7 2 10 3 3 5 10 5 8 1 4
split_gain=0.26176 0.867796 2.13025 1.22878 1.2761 1.05718 1.73063 0.966816 0.970436 0.854862 1.15618 0.914276 1.39599 1.05954 0.853688 1.29956 1.22697 0.743829 0.714512 0.709013 0.656358 0.65286 0.660139 1.0989 1.01772 0.816712 0.749318 0.827998 0.643432 0.840509
threshold=-0.16485053153286366 -0.26513437044509197 -0.66930197890938004 0.49532658395159151 -0.12196817636858003 -0.14960298767096739 -0.17350767067303544 -0.26917560116164635 1.3838853872389729 -0.63945649945877059 -0.088173702862978723 0.0088618594171846424 0.22119224682757102 -1.5267273032082536 -0.89884376613022876 1.0000000180025095e-35 -1.0007138576871395 -0.66423068467975754 -0.83397379523256099 -0.56871771943999549 -0.13049713171448926 1.9502346260213264 0.18039566035848245 -0.13471014474427176 0.32113213570035332 0.038359835894988314 0.420254713443382 0.78319830396187984 0.56554074109709163 0.61344965428003506
decision_type=2 2 2 2 2 2 2 2 2 2 2 2 2 2 2 2 2 2 2 2 2 2 2 2 2 2 2 2 2 2
left_child=1 5 -3 -4 -5 6 7 8 17 11 14 12 13 -2 -11 16 -16 -1 -12 -20 -15 22 23 -21 -24 -26 -27 -28 -29 -30
right_child=9 2 3 4 -6 -7 -8 -9 -10 10 18 -13 -14 20 15 -17 -18 -19 19 21 -22 -23 24 -25 25 26 27 28 29 -31
leaf_value=-0.050565483915508726 0.039644032797394632 0.042472732173240775 -0.045098579267981387 0.051278083757523164 -0.049681522215757015 -0.049334256261481829 0.041271592859235116 0.065448727093256095 0.047190822930494564 0.060636016933722003 -0.051053725725114088 -0.050916413209149004 0.062888967363759471 -0.051222263544761538 0.045549401508536938 0.044080029705813963 -0.04407548482650149 -0.0023053620011021614 0.045338301996348224 0.033382613071410168 0.024164797889503493 0.051139097782786795 0.04334494913761669 -0.029408899739214723 0.027540564512765372 -0.051845223993229654 -0.027413708941093407 0.048174148775407884 0.05123916058476629 -0.0092272888630612858
leaf_weight=0.81687775219324166 0.59097372647374902 1.1610060393577439 4.2283445317298165 0.77467455877922475 0.52517240494489648 1.0450350339524437 2.573807926150038 0.53788349498063937 0.97359819954726745 1.4716110583394764 0.62148942844942823 1.339253904065117 0.66264414228498925 1.5361567785730588 0.5608264124020933 1.9128217614488674 1.1967342457501282 35.352391348569654 0.9574864073656596 0.86457939306274045 0.35555447917431848 0.62767515541054208 1.534765479969791 3.5901662422111178 2.0915948894107705 0.85246058879419973 2.2609799162019044 0.86820243496913452 0.68944432493299235 3.4536918235244229
leaf_count=120 10 28 289 29 26 69 45 13 52 24 46 124 5 115 16 74 81 1318 14 17 9 62 90 152 78 18 59 46 54 117
internal_value=-0.000148334 -0.00239091 -0.0190978 -0.0320285 0.0104877 0.000315062 0.00160399 -0.00110553 -0.00206933 0.00368982 0.00749925 -0.0163186 -0.0015871 -0.0187962 0.0284614 0.0155613 -0.0154768 -0.00339531 0.00164522 0.00348614 -0.037053 0.0011056 -0.000832259 -0.0172223 0.00538105 -0.00032212 -0.00749492 -0.00229619 0.00903616 0.000834715
internal_weight=76.0279 47.9888 6.6892 5.52819 1.29985 41.2996 40.2546 37.6808 37.1429 28.0391 23.5545 4.48458 3.14533 2.48268 5.14199 3.67038 1.75756 36.1693 18.4125 17.791 1.89171 16.8336 16.2059 4.45475 11.7511 10.2164 8.12478 7.27232 5.01134 4.14314
internal_count=3200 1989 372 344 55 1617 1548 1503 1490 1211 948 263 139 134 195 171 97 1438 753 707 124 693 631 169 462 372 294 276 217 171
is_linear=0
shrinkage=0.05


Tree=148
num_leaves=31
num_cat=0
split_feature=2 5 4 4 3 1 10 2 3 3 3 1 4 6 1 3 3 7 6 11 5 9 9 1 10 4 3 10 2 9
split_gain=0.261749 0.309449 0.255236 0.45538 0.368964 0.611436 0.39079 0.481714 0.452495 1.11056 0.946629 1.58438 1.08278 1.51799 1.44848 0.938757 1.51402 1.30604 1.15616 0.843285 0.779628 1.70255 1.60997 0.8896 0.85453 1.19941 1.12066 1.16276 1.07102 0.88523
threshold=3.005692153639917 2.0295290719119281 -0.62050816202769388 -0.61701940545681822 -0.5673752561669626 -0.29543068525098165 1.9502346260213264 0.1388800348719422 -0.47497121617871546 -0.43295134401924623 -0.50033097130084458 -0.5435585705320255 -0.36830864004593011 0.38137944214510872 -0.42031090848451907 -0.41690527970286867 -0.39577796915671082 -0.80281367414365101 0.2554537865736376 -1.2993788618744622 -0.3625738381022901 -0.69584036864675192 -0.75076311700519882 -0.5954003937027631 0.028478266248665996 -0.56250666843031716 -0.384636150706053 1.0000000180025095e-35 -0.55069853381578837 -1.0486088130242492
decision_type=2 2 2 2 2 2 2 2 2 2 2 2 2 2 2 2 2 2 2 2 2 2 2 2 2 2 2 2 2 2
left_child=2 -2 -1 -4 5 -5 8 -8 10 19 12 -12 13 14 -6 17 -17 -11 -19 -10 21 22 23 -18 25 -22 -27 -28 29 -26
right_child=1 -3 3 4 6 -7 7 -9 9 15 11 -13 -14 -15 -16 16 20 18 -20 -21 24 -23 -24 -25 28 26 27 -29 -30 -31
leaf_value=-0.030492687486141271 0.050736568594404008 -0.016263861159444983 0.034417650159278522 -0.050741711363706393 0.0075207748895235217 0.0081670700480485428 -0.031649032948370591 0.051103775954710773 0.0087998233364435918 0.051260307957584419 -0.029436739938402592 0.039302194186904713 -0.046825439719670535 0.049461407598811215 -0.051147517280241875 -0.048160159255027667 0.031386837951570067 -0.051929254866099228 0.041559991499205591 -0.046938729098203992 0.047829110439400212 -0.042084564385806489 0.065430764839879529 -0.049570881289125956 0.031184907326413294 0.059871577612513417 -7.1121933659527362e-05 0.060821231453031435 -0.001726311560147463 -0.051008838088312761
leaf_weight=0.70024679962079872 0.52313922333996643 0.25699581392109394 0.93989169504493375 0.94093233253806829 4.2021270238328716 0.82819279353134223 0.23062709765508671 0.74053220101632178 0.95847854018211398 1.9537834143266084 1.0612069955095647 3.9907078575342885 1.1857492786366481 1.5000734799541531 1.4034504948649553 1.7447382583049975 0.54398454376496386 0.78599834570194704 0.5709021701477468 2.3237525764852682 1.7628192482516087 3.207074084202751 0.92229732684791077 0.9019384183920921 0.39233506447635624 0.88681239099240983 19.107636877335661 0.8175191639456888 17.936214206623845 1.9847635619808013
leaf_count=64 52 8 13 113 106 36 16 70 35 24 46 77 59 25 59 127 26 44 9 150 21 189 9 66 19 11 847 21 690 168
internal_value=-0.000146572 0.028665 -0.000448175 -0.000163194 -0.000609135 -0.0231643 -4.8034e-05 0.031452 -0.000484156 -0.00243057 0.0078015 0.0248629 -0.00259392 0.00478717 -0.00716782 -0.000699177 -0.00239963 0.0250891 -0.0125946 -0.0306619 -0.0007522 -0.0183412 0.0138124 -0.019113 0.00153431 0.0082292 0.004875 0.00242726 -0.00590593 -0.0374429
internal_weight=75.3049 0.780135 74.5248 73.8245 72.8846 1.76913 71.1155 0.971159 70.1444 56.801 13.3433 5.05191 8.2914 7.10565 5.60558 53.5188 50.2081 3.31068 1.3569 3.28223 48.4634 5.57529 2.36822 1.44592 42.8881 22.5748 20.812 19.9252 20.3133 2.3771
internal_count=3200 60 3140 3076 3063 149 2914 86 2828 2456 372 123 249 190 165 2271 2194 77 53 185 2067 290 101 92 1777 900 879 868 877 187
is_linear=0
shrinkage=0.05


Tree=149
num_leaves=31
num_cat=0
split_feature=2 5 3 3 8 5 3 7 1 1 1 9 1 2 2 5 4 8 4 8 3 4 9 2 4 5 8 9 10 8
split_gain=0.244846 0.296726 0.244106 0.772819 0.480815 0.586864 0.731566 0.771203 0.72673 0.482307 0.73025 0.511747 0.423054 0.680135 0.402419 0.393403 0.626229 0.684163 0.518232 0.714038 1.27822 1.05321 0.759512 0.768223 0.699149 0.870762 0.753587 1.12942 0.714647 0.871617
threshold=3.005692153639917 2.0295290719119281 2.5549216383180724 4.9662738841152505 2.7674059731597915 1.9515762519691375 1.483426971368867 1.69023434397695 2.5289177641824563 2.4454530311493792 1.6278516238823164 -0.2588097299006285 1.4244312102128338 2.4853501501649236 2.3286866434053652 1.0689182628952916 1.2026250631138924 1.9743506893549754 -0.042052330150773802 -0.71806882046498621 -0.040146566140766816 0.88607823581275535 1.104163727419299 -0.62639762872770943 -0.06734891957222737 -0.12778224368281629 -0.94934480707556113 -1.1416551648470044 -1.6737416076862408 -0.097377268281641602
decision_type=2 2 2 2 2 2 2 2 2 2 2 2 2 2 2 2 2 2 2 2 2 2 2 2 2 2 2 2 2 2
left_child=2 -2 4 -4 5 6 8 -8 9 10 12 -12 13 15 -14 16 17 18 24 20 -20 22 23 -21 26 -26 27 -1 29 -28
right_child=1 -3 3 -5 -6 -7 7 -9 -10 -11 11 -13 14 -15 -16 -17 -18 -19 19 21 -22 -23 -24 -25 25 -27 28 -29 -30 -31
leaf_value=0.049956854030162264 0.050700395277481061 -0.015446691108936074 0.051432636100371625 -0.011193565385642845 -0.040848596588623026 0.052162137284262604 0.0052806961954625711 -0.057980583229693988 0.050807647503030476 -0.047814804087341511 -0.014823800650826722 0.050970541578357523 -0.0010781069834911632 0.052135693696458464 -0.065221062841121544 0.033319703305097113 -0.046260517570598347 0.046028901612814858 0.021451114361254117 0.0060675380434916278 -0.051104737060068031 0.04980347235150305 0.014610121860775597 -0.043564020538015044 -0.012184552017134252 0.056551474736710544 -0.051333369029416265 -0.051222197730510538 0.001910009183226073 0.019222938862718794
leaf_weight=0.33951821411028493 0.49797150900121678 0.25706040998920798 0.8914255314739411 1.101086664246395 0.74603065871633489 0.52515766373835404 0.84136095969006319 1.1271885087480766 0.69590821082238008 0.53546016535255958 0.39917150977998983 1.1383887224365012 0.48222151235677202 0.60851526074111362 0.49606826971285045 0.82550392067059775 0.76921938336454232 0.76808591652661462 2.8663552434882154 0.95429593382868905 0.77010764949955035 0.48045918042771507 0.92807173146866251 4.2607639827765649 0.75067599187605072 1.1930105765350152 1.3581321132369342 1.4699711734428849 45.876697867177441 0.64588127983732491
leaf_count=12 52 8 55 23 25 28 22 23 79 10 7 99 33 26 7 26 13 49 106 37 73 19 51 291 36 15 87 117 1751 20
internal_value=-0.000148841 0.0281798 -0.000438489 0.0168246 -0.000917207 -0.000498256 -0.000890075 -0.0309426 -2.78426e-05 -0.000548729 -0.000173118 0.0338894 -0.000968537 -0.00047634 -0.0336035 -0.00097458 -0.00142089 -0.000870453 -0.00145246 -0.0117161 0.00608568 -0.0214896 -0.0270654 -0.034482 0.000587001 0.0300048 -0.000563707 -0.0322378 0.000633306 -0.0285935
internal_weight=74.5998 0.755032 73.8447 1.99251 71.8522 71.1062 70.581 1.96855 68.6125 67.9166 67.3811 1.53756 65.8436 64.8653 0.97829 64.2568 63.4312 62.662 61.8939 10.2601 3.63646 6.62359 6.14313 5.21506 51.6339 1.94369 49.6902 1.80949 47.8807 2.00401
internal_count=3200 60 3140 78 3062 3037 3009 45 2964 2885 2875 106 2769 2729 40 2703 2677 2664 2615 577 179 398 379 328 2038 51 1987 129 1858 107
is_linear=0
shrinkage=0.05


Tree=150
num_leaves=31
num_cat=0
split_feature=1 7 9 4 4 3 11 8 5 3 5 5 9 4 5 5 8 6 3 8 3 7 2 3 5 5 8 5 2 2
split_gain=0.331599 0.243063 0.494022 0.236283 0.428716 0.326335 0.609059 0.660885 0.354508 0.551884 0.521506 0.804898 0.772557 0.586566 0.49335 0.899512 0.842598 1.00825 0.841795 0.663015 0.596131 1.2185 1.12815 0.831839 1.09391 0.623905 1.8344 0.882006 0.855075 1.33127
threshold=-0.68499479762380366 2.3040973512739593 -0.50909210862769505 -0.62050816202769388 -0.61701940545681822 -0.5673752561669626 1.0000000180025095e-35 -0.3905482533952343 -0.5848652383777303 -0.55862915082987807 -0.54006500472546171 -0.49280438539099541 -0.74235959423858899 -0.44143170142558324 -0.46821050434375083 -0.43885655912587801 -0.27746803814188586 0.14097591787230015 -0.29291066560903417 -0.22184342173987096 -0.48676529919091976 -0.45643410923787892 -0.5416101534632719 -0.43295134401924623 -0.41202019787409744 -0.35844832529511034 0.78319830396187984 -0.34490410742501859 -0.53091693639222648 -0.51418418224812157
decision_type=2 2 2 2 2 2 2 2 2 2 2 2 2 2 2 2 2 2 2 2 2 2 2 2 2 2 2 2 2 2
left_child=-1 3 -3 -2 -5 6 -6 -8 -7 -10 13 12 -12 -11 16 18 17 -13 -16 -18 21 -17 -23 24 -22 26 -25 -27 -29 -30
right_child=1 2 -4 4 5 8 7 -9 9 10 11 14 -14 -15 15 20 19 -19 -20 -21 23 22 -24 25 -26 27 -28 28 29 -31
leaf_value=-0.050422681721479325 -0.029474110305423407 -0.040119815447909483 0.050574280237096161 0.03393125296073226 -0.047348039166460069 -0.052380648185873915 -0.050658575369135289 0.049436869725950461 0.034297730383069353 -0.010331475539574043 0.003286280273345283 -0.051242719636788031 -0.04953343306388075 0.037721580140369089 -0.048537061986426044 0.040466734243613099 0.071903231027488676 0.023072929421099404 0.017417277322144768 0.014768096546732485 0.023436139409266414 0.032051511904051415 -0.049632656822084065 -0.031722498629035624 -0.048159071352011466 0.042098100318468931 0.055335031286842917 -0.010640768419041017 0.039430182489009404 0.0020097291357207498
leaf_weight=0.32647557754535128 0.68375994020607223 0.20109597779810429 0.59269492444582184 0.92213126085698505 0.99140532314777263 0.31972178909927507 0.25841831520665437 0.45571500086225569 1.1796411874238391 0.97545998729765448 1.2011010469868781 0.76609374966938082 1.6341367854038171 1.8198475479148317 1.790101745631546 2.5118630104698241 0.88556464761495624 1.1290172851877285 0.66296622005755423 1.1901675877161242 0.73657406680285964 0.74727810453623511 0.97317762370219807 3.7346441848203389 1.93536334461531 1.3306099877226945 0.7220843641553073 11.911948029650359 2.5895815356634442 28.923100587679187
leaf_count=65 62 3 105 12 91 10 35 19 18 36 46 49 74 31 103 52 5 27 18 37 17 22 31 229 125 36 18 639 62 1123
internal_value=-0.000142978 7.95232e-05 0.0275982 -0.000219786 5.6888e-05 -0.000380749 -0.021989 0.013216 0.000148226 0.000390396 -0.000196344 -0.00110064 -0.0271572 0.0209528 8.06325e-05 -0.00107568 0.017136 -0.00696898 -0.0307122 0.0391435 0.000219856 0.0182635 -0.0141532 -0.00125201 -0.0284224 0.000223187 -0.0176173 0.00199975 0.00077106 0.00508479
internal_weight=74.1017 73.7753 0.793791 72.9815 72.2977 71.3756 1.70554 0.714133 69.67 69.3503 68.1707 65.3754 2.83524 2.79531 62.5401 58.5693 3.97084 1.89511 2.45307 2.07573 56.1162 4.23232 1.72046 51.8839 2.67194 49.212 4.45673 44.7552 43.4246 31.5127
internal_count=3200 3135 108 3027 2965 2953 145 54 2808 2798 2780 2713 120 67 2593 2475 118 76 121 42 2354 105 53 2249 142 2107 247 1860 1824 1185
is_linear=0
shrinkage=0.05


Tree=151
num_leaves=31
num_cat=0
split_feature=7 0 1 7 0 5 4 8 5 2 2 3 1 10 2 7 12 5 2 5 7 11 2 12 2 2 7 5 5 1
split_gain=0.246776 1.22805 1.26495 1.25287 1.08662 0.992006 0.615322 0.610453 1.17546 1.50046 1.11541 0.843251 1.12389 0.771958 0.532346 0.48909 0.521438 0.926147 0.917097 1.65947 1.12081 1.13831 1.0802 0.935399 0.944627 0.924968 0.912762 0.810045 0.99311 0.871132
threshold=-0.7582426102791241 -0.98753960173662036 -0.41494257657078276 -0.94682666774756219 -0.51871396013762172 -0.16042549601306391 0.018200078826350885 -0.32473839999149695 -0.29571449879646855 -0.63488434538077343 -0.55935715586603918 -0.48676529919091976 -0.50951628003741223 -0.62555272104108373 -0.50768976144928135 -0.75277179100025904 1.0000000180025095e-35 -0.26547673432301416 -0.53677390386908086 -0.34111142809722811 -0.42426068045722298 0.52932365951015792 -0.55545674180950233 -0.74002698477181994 -0.40825893828502691 -0.58240805072356128 -0.43590381729838895 -0.23318472739264581 -0.21158340027400138 -0.28055188791295255
decision_type=2 2 2 2 2 2 2 2 2 2 2 2 2 2 2 2 2 2 2 2 2 2 2 2 2 2 2 2 2 2
left_child=1 -1 5 4 -4 7 -7 8 9 -3 -9 12 -11 -10 -12 -2 17 18 19 22 -20 23 25 24 -22 26 -17 29 -29 -19
right_child=15 2 3 -5 -6 6 -8 10 13 11 14 -13 -14 -15 -16 16 -18 27 20 -21 21 -23 -24 -25 -26 -27 -28 28 -30 -31
leaf_value=-0.051393250069612088 0.046368801249866601 0.045311047409969545 -0.052032771965620651 -0.051560702568205032 0.02495927414833319 -0.051097774435454935 0.0076360215516718087 -0.02282171941260585 0.067025756656546823 -0.05167310307598838 0.061998144780914803 -0.05177618789115071 0.033798986545678825 0.006600795518388658 0.020022197448620153 0.035628524542339363 -0.0044523076237890837 0.015904569076179511 -0.045179350006667146 -0.051670906523457252 -0.050823945975952127 0.023629959956775647 0.05834731797392282 -0.049755698907504378 0.031704948870739623 -0.051299250555035994 -0.010802942262594276 -0.049720845489752863 0.012130160675280492 0.077463689856886342
leaf_weight=1.3350903287064309 0.6005579405464222 0.8990953415632269 0.65245793620124493 2.1678782368544462 1.5397986203897742 1.0849361813161529 0.75712103769183148 0.82957947987597469 0.95397545164451036 0.65217774442862719 1.6338591815438126 1.7211328103439865 0.93742388905957563 1.1853147828951476 1.404715234180911 2.4709956781007345 24.424262010958046 1.4352599100675436 2.2623864052584395 0.96935352345462877 0.51606264896690857 2.2794909833464772 1.3443822045810518 1.5904374754754826 1.0566802202956749 0.58405769150704223 1.851585354888811 0.68378490302711448 12.757354781846518 0.95848907006438722
leaf_count=129 13 9 39 138 44 85 45 45 12 39 23 97 17 40 44 61 1082 42 117 60 45 77 29 78 29 44 95 41 563 18
internal_value=-0.000143522 -0.00527763 -0.0015279 -0.024608 0.00204495 0.00681688 -0.0269571 0.0129059 0.00336647 -0.0119698 0.0285638 -0.0275255 -0.00126829 0.0335461 0.0425929 0.00149049 0.00100209 0.00533299 -0.00360333 0.00919999 -0.0156013 -0.00330635 0.0186393 -0.0227175 0.00462482 0.00775962 0.0157395 0.0137561 0.00898364 0.0405537
internal_weight=73.5397 17.7546 16.4195 4.36013 2.19226 12.0593 1.84206 10.2173 6.34912 4.20983 3.86815 3.31073 1.5896 2.13929 3.03857 55.7851 55.1846 30.7603 14.9254 7.22037 7.70506 5.44267 6.25102 3.16318 1.57274 4.90664 4.32258 15.8349 13.4411 2.39375
internal_count=3200 806 677 221 83 456 130 326 214 162 112 153 56 52 67 2394 2381 1299 635 289 346 229 229 152 74 200 156 664 604 60
is_linear=0
shrinkage=0.05


Tree=152
num_leaves=31
num_cat=0
split_feature=7 1 0 6 6 12 8 7 7 4 8 6 0 0 1 1 7 8 8 3 8 0 2 11 0 3 11 1 6 4
split_gain=0.23353 0.363013 0.221229 0.536123 1.04861 0.237052 0.807547 1.12018 1.4485 1.02171 0.848839 0.680146 1.50443 1.17587 1.56181 1.39518 1.05888 0.865453 0.82628 0.729356 0.677805 2.10182 1.19503 1.10263 0.823267 1.34931 1.13513 1.02679 0.781082 0.9371
threshold=2.3040973512739593 -1.0000000180025095e-35 -1.1004094268191746 -0.24824883571224698 -0.33983113067331688 -0.74002698477181994 -0.81865738961252987 -0.43590381729838895 -0.45643410923787892 -0.28924486602422433 -0.88230454305299777 0.31269272092430628 0.22968832778853629 -0.28017539168835409 -0.40942477494011204 -0.34867988809831424 -0.71245176654266851 -0.64119655746608784 -0.94614398794680932 -0.53403861243848316 -0.38007041199667174 -0.39674024381204592 -0.62025950798046459 -1.2993788618744622 -0.18671770073463043 -0.047108634477242554 1.0000000180025095e-35 -0.47183627938922462 -0.030740885179705944 -0.37182686069070831
decision_type=2 2 2 2 2 2 2 2 2 2 2 2 2 2 2 2 2 2 2 2 2 2 2 2 2 2 2 2 2 2
left_child=2 -2 3 4 -1 11 7 8 9 10 -7 13 19 15 18 -4 -16 -17 -15 -13 23 22 -22 -8 26 -26 27 -25 29 -28
right_child=1 -3 5 -5 -6 6 20 -9 -10 -11 -12 12 -14 14 16 17 -18 -19 -20 -21 21 -23 -24 24 25 -27 28 -29 -30 -31
leaf_value=-0.050499582762759836 -0.023943025707911 0.050577380328700398 0.022548864104765302 -0.051197842446035605 0.060202555775151524 0.015289335156399634 0.031638609165309327 -0.051175045283487597 0.07142912762391386 -0.051244279142240882 -0.05121334420199828 0.034678505581604221 0.038301494079101973 0.040705833531866492 -0.051602614101430799 0.0098180001823053326 0.035132899040973734 -0.051015408845351301 -0.051865163927222006 -0.050976681453056165 0.0074731828040560709 0.0031700181011587013 -0.044796597300781296 -0.041509551580628148 -0.040603742026837891 0.024282056095876289 -0.051244271240487353 0.010619026859551534 0.037164017673909103 0.019395423094268473
leaf_weight=0.40781931974925101 0.23728182795457542 0.52501167205627908 11.388270610477777 0.7088778179604549 0.44990796991623938 2.3045877281110734 3.8942274790024412 1.8514333209022868 0.54405347537249316 1.3454969725571575 0.6060032877139746 0.28619118756614681 0.86357654945459206 0.27149923122487996 0.44397630915045772 1.1992278613615783 1.6962705063633627 1.140846291556955 2.1497557585826144 1.8883780726464456 1.4737696771044282 19.541885794722482 4.237949014059267 1.6871675499714913 2.4069462405750532 1.2010066313669021 0.64392273547127876 2.1464648055844009 3.6132058383664116 1.7331619556061921
leaf_count=59 9 99 301 66 5 87 100 133 6 97 45 12 57 10 22 47 69 66 159 113 42 767 292 105 134 29 41 78 84 66
internal_value=-0.000148269 0.0273811 -0.000439225 -0.0190234 0.00756756 -2.66072e-05 -0.00193413 -0.0181363 -0.00539309 -0.0152132 0.00144306 0.00437652 -0.0175312 0.00801563 -0.0139781 0.0153235 0.0171403 -0.0198399 -0.041485 -0.0397038 0.000596883 -0.0046284 -0.0313097 0.00821298 0.00142132 -0.0190047 0.00892302 -0.0123226 0.0225197 0.000260007
internal_weight=72.8882 0.762294 72.1259 1.56661 0.857727 70.5593 49.2313 6.65157 4.80014 4.25609 2.91059 21.328 3.03815 18.2898 4.5615 13.7283 2.14025 2.34007 2.42125 2.17457 42.5797 25.2536 5.71172 17.3261 13.4319 3.60795 9.82392 3.83363 5.99029 2.37708
internal_count=3200 108 3092 130 64 2962 2106 368 235 229 132 856 182 674 260 414 91 113 169 125 1738 1101 334 637 537 163 374 183 191 107
is_linear=0
shrinkage=0.05


Tree=153
num_leaves=31
num_cat=0
split_feature=10 2 5 5 6 4 3 3 5 9 5 4 4 4 10 5 11 5 5 9 3 3 3 3 5 7 7 2 10 2
split_gain=0.230738 0.38655 0.212585 0.774793 1.10405 0.987011 0.56274 0.435721 0.742756 0.726221 0.53208 0.448152 0.907785 1.50363 1.01143 1.3262 0.904084 1.21707 0.922954 0.813708 0.719654 0.917858 1.12622 1.2829 0.638845 1.34389 0.584485 1.78121 0.586086 1.23582
threshold=2.0842712252892728 0.070065466139794294 -0.54006500472546171 -0.55038700907684313 0.55309624519711487 -0.58698813852144871 -0.5673752561669626 -0.55862915082987807 -0.49280438539099541 -0.74235959423858899 -0.49097255210125434 -0.48930158921575306 -0.38173003263391186 -0.3583857906035775 0.66249164550436446 -0.46821050434375083 0.52932365951015792 -0.41202019787409744 -0.43706294013567248 -1.0972518430228704 -0.49362470313530632 -0.48834420201985546 -0.43295134401924623 -0.42403351308451415 -0.24165748000997522 -0.85443477093681619 -0.77558885829974356 -0.33688123024890454 0.76625217621423258 1.9145585702752566
decision_type=2 2 2 2 2 2 2 2 2 2 2 2 2 2 2 2 2 2 2 2 2 2 2 2 2 2 2 2 2 2
left_child=2 -2 3 4 5 -1 -4 -8 9 -9 -10 16 14 24 15 -13 18 -18 -12 -17 -15 -22 -23 -24 25 -14 27 -25 -28 -30
right_child=1 -3 6 -5 -6 -7 7 8 10 -11 11 12 13 20 -16 19 17 -19 -20 -21 21 22 23 26 -26 -27 28 -29 29 -31
leaf_value=0.013906295303375003 -0.034838334186522761 0.050851911974243318 -0.041184054038245939 0.03660432986282202 0.055920247396914841 -0.049813649041666491 0.034683229147010393 0.0030697547393437564 0.048019702216992477 -0.049001189056945491 -0.030225518731289626 0.019107611863082668 0.060486908724056501 -0.051509102416406896 0.024772550167744333 0.01934101580663836 0.026128293555362253 -0.040298583040432101 0.023507803726486948 -0.048594817597592821 0.064889461743320831 -0.048048052626974758 0.050894393304290048 -0.04248748496759077 0.057053858053888143 -0.019016785521241624 0.0045898841292146648 0.013861816732717698 -0.020273735035446216 0.023289919363548364
leaf_weight=1.1340236822143199 0.17750964174047013 0.5089557683095336 0.86688278522342344 1.7188519228948269 0.59090142662171263 1.3094998373417186 0.86185970716178317 1.1744266448076817 0.57198083191178639 1.5577743743779127 0.90055636432953168 1.1665964450221507 0.91060654819011722 0.73766278917900407 1.0726602802751584 0.49720548314507995 1.1130040232092144 1.8124440591782329 7.09759857854805 3.8831524064298644 0.51134211337192326 1.3136766946408744 1.156509391032144 3.1429707196075469 1.430245036492116 1.2768458992941307 21.785850072745323 2.5323923532850889 7.1882935197791067 2.1046150586334988
leaf_count=40 14 58 89 38 21 92 17 48 11 80 41 33 11 35 59 25 33 90 194 269 7 88 17 290 30 34 965 65 296 110
internal_value=-0.000156103 0.0286937 -0.000433396 0.0097827 -0.00541043 -0.0202416 -0.00116179 -0.000634518 -0.00110325 -0.0266187 1.74269e-05 -0.000428046 -0.00240686 0.000185248 -0.019672 -0.0282666 0.0087582 -0.0150261 0.0174577 -0.0408836 -0.00257531 -0.00166689 -0.00253455 -0.000957416 0.0310693 0.0140795 -0.00258899 -0.017344 0.000105451 -0.0104076
internal_weight=72.1069 0.686465 71.4204 4.75328 3.03442 2.44352 66.6672 65.8003 64.9384 2.7322 62.2062 61.6342 50.7106 44.091 6.61961 5.54695 10.9236 2.92545 7.99815 4.38036 40.4733 39.7356 39.2243 37.9106 3.6177 2.18745 36.7541 5.67536 31.0788 9.29291
internal_count=3200 72 3128 191 153 132 2937 2848 2831 128 2703 2692 2334 1948 386 327 358 123 235 294 1873 1838 1831 1743 75 45 1726 355 1371 406
is_linear=0
shrinkage=0.05


Tree=154
num_leaves=31
num_cat=0
split_feature=10 2 4 4 4 4 3 2 6 2 2 9 4 3 5 5 4 3 1 6 5 2 9 9 2 8 1 5 5 3
split_gain=0.21785 0.366528 0.206534 0.403998 0.409768 0.508399 0.634561 0.468561 0.659826 0.521171 1.08508 0.768376 1.27104 1.1201 1.27692 1.27856 0.764677 0.697741 1.02558 0.968574 0.502126 0.753027 2.61258 1.06225 1.02136 1.14916 1.19846 1.54606 1.2843 1.38525
threshold=2.0842712252892728 0.070065466139794294 -0.62050816202769388 -0.61026752394455841 -0.59162046264247503 -0.58698813852144871 -0.57108177455919318 -0.63735761389618728 -0.91222047418000374 -0.60942377085899468 -0.59782257499795122 -0.8713077912186018 -0.32253685190918596 -0.13874363821836785 -0.17350767067303544 -0.39951790527015779 -0.36261441544348011 -0.55862915082987807 -0.64448539392447113 -1.1984151459333472 -0.54006500472546171 -0.55069853381578837 0.18153066974588863 0.30867334519599221 -0.51418418224812157 -0.92225782652029376 -0.61692712644205228 -0.32558045314279765 -0.14960298767096739 -0.047108634477242554
decision_type=2 2 2 2 2 2 2 2 2 2 2 2 2 2 2 2 2 2 2 2 2 2 2 2 2 2 2 2 2 2
left_child=2 -2 -1 -4 -5 -6 -7 8 -8 11 -11 12 -9 14 15 16 -13 -12 19 -19 -20 22 -22 -24 -23 -26 -27 -28 -29 -30
right_child=1 -3 3 4 5 6 7 9 -10 10 17 13 -14 -15 -16 -17 -18 18 20 -21 21 24 23 -25 25 26 27 28 29 -31
leaf_value=-0.028253045077858915 -0.033873968667427826 0.050810268361982817 0.023151014797411718 -0.027310769474952125 0.039281247501129407 -0.039866767636016681 0.011087615352338015 0.058112387325078375 -0.051038679632058728 -0.050951754149423517 0.039407062798478512 -0.023708443722856781 -0.0042716991820870211 -0.051425758097533428 0.049261451607591961 -0.051121955417894563 0.035524989120734943 0.025980268859382996 0.025106206246833497 -0.050761389981913707 -0.04421415689564618 0.020067437509118581 0.058894853618666712 -0.018976391416112886 -0.050945394643815367 0.029487492107417659 -0.024366904571261366 0.018406506677274274 -0.038226044406275202 0.00098957864427573353
leaf_weight=0.66048014990519632 0.17353798192925651 0.48452048358740285 1.8104052133858193 1.4249711364973325 0.80499144364148278 1.0179683226160694 0.72586918342858542 1.8698065998032691 1.039330937201149 1.0756598328007303 1.0876868558116175 0.85211166739463839 1.449413248687051 0.87496873550116117 1.4558527208864687 1.0984074622392657 1.511073443572968 0.5316848985385153 1.985441840952247 1.8137848878977667 3.4308629208244232 6.4003084477735532 1.1550157465972004 0.70539727108553041 1.1427828584564697 3.137687955982968 6.6371601945720462 8.6210873852250973 2.6907264401670448 13.807832384365767
leaf_count=64 14 58 26 64 13 120 22 18 81 103 21 33 48 51 26 76 26 12 47 227 309 205 19 46 89 66 314 267 153 582
internal_value=-0.000157704 0.028478 -0.000423792 -0.000161803 -0.000779315 -0.000214388 -0.000695251 -8.27258e-05 -0.0254917 0.000625446 -0.00123383 0.01169 0.0308709 0.000698737 0.00997333 -0.0065502 0.0141667 -0.000227586 -0.00105567 -0.0333651 0.000468653 -0.000556228 -0.0183423 0.0293691 0.0016614 -0.00160755 8.24514e-06 -0.00290441 0.00276645 -0.00540604
internal_weight=71.4768 0.658058 70.8188 70.1583 68.3479 66.9229 66.1179 65.1 1.7652 63.3348 54.2231 9.11163 3.31922 5.79241 4.91745 3.46159 2.36319 53.1475 52.0598 2.34547 49.7143 47.7289 5.29128 1.86041 42.4376 36.0373 34.8945 31.7568 25.1196 16.4986
internal_count=3200 72 3128 3064 3038 2974 2961 2841 103 2738 2460 278 66 212 161 135 59 2357 2336 239 2097 2050 374 65 1676 1471 1382 1316 1002 735
is_linear=0
shrinkage=0.05


Tree=155
num_leaves=31
num_cat=0
split_feature=7 9 7 8 4 7 8 10 7 3 5 5 10 5 10 1 1 1 9 3 4 4 2 5 3 3 1 9 9 9
split_gain=0.217061 0.461483 0.20511 1.02898 0.615714 0.521801 0.435965 1.04074 0.797464 0.646202 1.0526 0.489335 1.02867 0.759652 0.737393 1.01314 1.02731 0.712555 1.16994 0.671756 0.544672 0.486609 0.754708 0.465962 0.460455 0.740946 0.453132 0.833525 0.901029 0.928074
threshold=2.3040973512739593 -0.50909210862769505 2.1027043013255291 2.3775163797786161 2.4077310965297207 2.0042180106187075 2.0878290443118614 1.3452438030625775 0.50730582923164325 4.9662738841152505 1.6806643856118415 0.30507157720566253 1.3275775920470716 0.26088870322712737 1.1668540686626026 1.4626685491682803 0.82683163390910963 -0.14158821090736814 -1.105438174950047 0.55848596876919809 0.36696490462790371 0.14728197415228403 0.26103676950788751 -0.063939101266871426 0.095288377050460629 0.064043504423612424 -0.45787841992707229 -1.1117790966095757 -1.0972518430228704 -0.91691924116243173
decision_type=2 2 2 2 2 2 2 2 2 2 2 2 2 2 2 2 2 2 2 2 2 2 2 2 2 2 2 2 2 2
left_child=2 -2 5 4 -4 6 9 -8 -9 10 11 13 14 20 15 16 17 18 -13 -19 21 24 -23 -10 25 26 -1 -28 -29 -30
right_child=1 -3 3 -5 -6 -7 7 8 23 -11 -12 12 -14 -15 -16 -17 -18 19 -20 -21 -22 22 -24 -25 -26 -27 27 28 29 -31
leaf_value=0.0032056835111036034 -0.039327785342229638 0.050545184300425788 0.051145247517318804 -0.050299697393019753 -0.033783123524403665 0.051097316736251522 0.048646171622327192 -0.064392545367102691 -0.026846864556559064 -0.043018453308396119 0.051896635030078457 0.042439341428756355 0.048734692955800095 0.045739957957965927 -0.058402608245523513 0.051658643302385655 -0.055945104794962078 -0.014932147936235735 -0.050549695344667259 0.060035697638872509 0.027346206546978658 -0.050612471132914262 0.050870753820436876 0.05151260492018133 -0.032600039819014853 0.055239066016979026 -0.050926044747834222 0.049123583357570409 -0.051282678970302933 -0.0035694616065817873
leaf_weight=30.131260611349703 0.193967429921031 0.54184770019492035 0.61514120025094499 1.0498950995970515 0.32677767041604966 0.49633236904628475 1.4248018772341304 0.48060063086450078 0.33425806905142963 0.90968365920707484 0.94158182200044294 0.46911332476884071 0.58685799513477821 0.89832836762070556 1.0619765017181633 0.54752158815972496 1.3870903663337228 0.55030257743783273 1.2125502969138322 0.6538612365256995 1.6895706687355403 1.0205486393533636 0.2232847373234107 0.43873320252168924 1.1111699305474747 0.59852783591486414 0.99972311675083148 0.76358200889081018 1.0801652109949014 18.047454979037873
leaf_count=1269 3 105 47 16 9 36 90 8 9 10 47 9 43 27 11 31 20 17 89 26 97 105 21 31 62 18 103 13 90 738
internal_value=-0.000161296 0.0268539 -0.000445064 -0.0162603 0.0216813 1.77841e-05 -0.00035746 0.0194111 -0.0138168 -0.0011735 -0.000578485 -0.00136236 -0.0143889 0.000127515 -0.0206864 -0.0123773 -0.0205827 -0.00358558 -0.0246097 0.0257754 -0.00060858 -0.00148363 -0.0323949 0.0176283 -0.000754502 -6.90056e-05 -0.00071781 -0.00637672 -0.00413769 -0.0062639
internal_weight=70.7865 0.735815 70.0507 1.99181 0.941919 68.0589 67.5625 2.67839 1.25359 64.8842 63.9745 63.0329 6.46927 56.5636 5.88242 4.82044 4.27292 2.88583 1.68166 1.20416 55.6653 53.9757 1.24383 0.772991 52.7319 51.6207 51.0222 20.8909 19.8912 19.1276
internal_count=3200 108 3092 72 56 3020 2984 138 48 2846 2836 2789 246 2543 203 192 161 141 98 43 2516 2419 126 40 2293 2231 2213 944 841 828
is_linear=0
shrinkage=0.05


Tree=156
num_leaves=31
num_cat=0
split_feature=2 2 2 2 2 7 1 2 1 0 1 6 3 9 9 9 1 6 0 11 1 1 4 11 0 0 7 0 0 4
split_gain=0.302573 0.265568 0.541508 0.285503 1.07958 1.03751 0.688083 0.919851 0.854305 0.858667 0.641064 0.5807 0.789146 0.729647 0.568963 1.7816 0.791131 0.908617 0.612134 0.455718 0.439444 0.501721 0.80406 0.51261 1.21108 1.14103 1.12128 0.989423 1.02288 0.853029
threshold=-0.64372147380909817 -0.6427513000339945 -0.639735105464044 -0.60942377085899468 -0.59782257499795122 0.12179853671858829 -0.28943964655296262 -0.61531900326077571 -0.32698662658882333 -0.93505044014414518 -0.67432179673042392 -0.1337709670109096 -0.41690527970286867 -0.98640739684122802 -0.80354214332994855 -0.98640739684122802 -0.45787841992707229 0.38137944214510872 -0.59070947984302158 -0.84220323152830712 -0.67262361147931304 -0.63639720826508295 -0.44397878153729137 0.98649928985631286 1.9028524291508331 1.7996030111991581 -0.74274614806194927 2.0229533401720441 1.5573656483092535 1.7559896087907816
decision_type=2 2 2 2 2 2 2 2 2 2 2 2 2 2 2 2 2 2 2 2 2 2 2 2 2 2 2 2 2 2
left_child=-1 -2 -3 5 -5 6 8 -8 9 -4 -6 19 -13 -14 15 16 18 -18 -12 -11 -16 22 -22 24 25 -23 -25 28 29 -28
right_child=1 2 3 4 10 -7 7 -9 -10 11 14 12 13 -15 20 -17 17 -19 -20 -21 21 23 -24 26 -26 -27 27 -29 -30 -31
leaf_value=-0.051041985217878554 0.03555653353349688 -0.051151374182819287 -0.051005194680807844 -0.050873856473156467 -0.050539186444956641 -0.051246686096989839 -0.051931499178402563 0.027339357345690259 0.060149493896128683 0.0060719226448657871 0.027461385185020198 0.029233377674132817 0.023358943194333934 -0.051533386645667992 0.056242391954943231 -0.049023456245753862 -0.050753208935229548 0.028370153248574712 -0.010068689976856324 0.038784093249718231 0.0085565739744529433 0.0060052422729458673 -0.05101183997580197 -0.051783155944757867 0.051429968541714777 -0.040373096395947931 0.0081978082777733347 -0.03554275174964109 0.050596110924190266 -0.039984115749233155
leaf_weight=0.29088949365541239 0.52292476687580247 0.51777328317984839 0.51443757058586648 1.0743646072223771 0.62753168464404652 0.70034779584966678 0.89269001898355782 0.62021338799968073 1.0175855602137751 1.6969656315632136 2.8303861563326786 1.0832842853851619 0.48398628877475858 0.99141505896114057 0.37618639436549628 2.318086036364539 1.1951604775385929 0.52100922469981004 1.7634135365951809 2.8574305157526396 1.1429242036538201 32.211280653951718 1.1232295501977123 1.2180694388225664 1.4079668450285669 1.3831385574303556 4.8999380138702673 1.6484921507071701 1.1513080273289231 1.1305744240526108
leaf_count=26 13 39 47 117 103 45 48 17 12 39 94 26 10 54 7 227 123 28 95 66 45 1214 101 53 140 30 217 78 63 23
internal_value=-0.000153524 5.81815e-05 -0.0002093 0.000173626 -0.00121891 0.00761482 0.0116731 -0.0194345 0.0171169 0.0113759 -0.000282145 0.0158875 -0.00317253 -0.0269659 0.00027782 -0.0115376 0.0022336 -0.0267323 0.0130548 0.0265956 0.00241531 0.00198737 -0.0209688 0.00314211 0.00599978 0.00409577 -0.00681224 -0.000608869 0.00740974 -0.000835131
internal_weight=70.213 69.9221 69.3992 68.8814 58.0231 10.8584 10.158 1.5129 8.6451 7.62752 56.9487 7.11308 2.55869 1.4754 56.3212 8.62806 6.30997 1.71617 4.5938 4.5544 47.6931 47.3169 2.26615 45.0508 35.0024 33.5944 10.0484 8.83031 7.18182 6.03051
internal_count=3200 3174 3161 3122 2758 364 319 65 254 242 2641 195 90 64 2538 567 340 151 189 105 1971 1964 146 1818 1384 1244 434 381 303 240
is_linear=0
shrinkage=0.05


Tree=157
num_leaves=31
num_cat=0
split_feature=6 6 8 12 8 10 1 1 10 3 9 9 6 1 3 3 9 5 10 11 10 2 6 6 6 5 0 5 6 10
split_gain=0.220141 0.872477 0.830282 0.836295 0.856071 1.24407 1.00177 1.05952 0.953724 0.899018 0.831437 0.849178 0.843103 0.985513 0.850397 1.06595 1.12659 1.88389 1.06642 0.999713 0.946679 1.52409 0.632744 0.627866 0.622488 0.799889 0.968447 0.566927 0.562343 0.773966
threshold=0.083736983521631461 0.10663255726189894 1.8473808696127203 1.0000000180025095e-35 -0.55945159566791514 0.16513032046852624 1.0168475337475449 -0.63494236003316429 1.4324024751185578 -0.37637043062922276 -1.1536718034416982 0.57944151231838004 -0.11087539327064211 -0.29543068525098165 -0.50893208280548985 -0.48676529919091976 -0.63496780181757628 -0.30155381090757954 0.46340824459147872 -0.84220323152830712 -0.92972612319219528 -0.41162463686833839 -0.30548777006291566 -0.91222047418000374 -0.30548777006291566 -0.40953021739588963 -0.77090842836378826 -0.49737856696123289 -0.61457801555652658 -0.17176104920960775
decision_type=2 2 2 2 2 2 2 2 2 2 2 2 2 2 2 2 2 2 2 2 2 2 2 2 2 2 2 2 2 2
left_child=2 -2 3 10 5 9 7 -6 -9 23 -1 12 14 -14 28 -16 24 27 19 -19 -21 -22 -8 -5 25 -17 -27 -18 29 -12
right_child=1 -3 -4 4 6 -7 22 8 -10 -11 11 -13 13 -15 15 16 17 18 -20 20 21 -23 -24 -25 -26 26 -28 -29 -30 -31
leaf_value=-0.050914514526120662 0.038428739214253563 0.0010427182945523484 0.036788112562100142 0.015797396444173804 0.015008073618866954 -0.038621782347259298 0.051254167375468312 -0.048574118380433115 0.034891414131516391 0.027502762182311652 -0.051059411336648333 -0.024442347738020311 -0.051063359390554314 0.015993931347677483 0.051006091404111123 0.040429693482040063 0.020654414637066514 -0.051502120830436551 0.042223537358610896 0.043874241691707096 -0.051058184266244283 0.028845096067425319 -0.033436644517969794 -0.051043141399456787 0.04687111137513314 -0.052303284460441406 0.012905063152770966 -0.051201216830153939 -0.050072204150248503 0.02484672512439183
leaf_weight=0.73967376572545518 1.6557544751558477 27.138214113889262 1.3006774497916911 0.64835218887310475 0.94764324859715987 1.5892883484484626 0.62360184488352388 4.7439065049402398 0.36886615061666805 3.1706481957808141 0.50139867007965233 2.5625065723434082 1.3155101098818707 0.9390102515462847 1.6557648656889892 1.9791107645723967 0.31703957030549679 0.84652229992208194 1.8887902928981928 1.2601395912934203 1.1524886011611779 1.2377010770141463 0.34122057771310199 0.76694265706464582 1.9833612337242925 0.6906019200105219 3.2440735702402894 2.0459208346437778 0.90157339465805009 1.0169296375242993
leaf_count=77 27 1209 87 24 44 102 45 272 20 115 44 145 106 32 32 37 9 52 53 37 85 28 9 69 49 43 129 139 49 31
internal_value=-0.000154551 0.00319255 -0.00251791 -0.00381291 -0.0140806 -0.000499488 -0.0260184 -0.0335519 -0.0425524 0.012712 0.00134492 0.00285852 0.00590338 -0.0231339 0.00906268 0.0127459 0.00894012 -0.00341842 0.0106957 -0.00254676 0.00880614 -0.00968223 0.0213023 -0.0204232 0.0226311 0.0145016 0.0014599 -0.0415603 -0.0187931 -0.000219814
internal_weight=69.5732 28.794 40.7793 39.4786 13.2005 6.17523 7.02524 6.06042 5.11277 4.58594 26.2781 25.5384 22.9759 2.25452 20.7214 18.3015 16.6457 8.7486 6.38564 4.49685 3.65033 2.39019 0.964822 1.41529 7.89715 5.91379 3.93468 2.36296 2.4199 1.51833
internal_count=3200 1236 1964 1877 700 310 390 336 292 208 1177 1100 955 138 817 693 661 403 255 202 150 113 54 93 258 209 172 148 124 75
is_linear=0
shrinkage=0.05


Tree=158
num_leaves=31
num_cat=0
split_feature=11 1 7 6 6 6 9 1 4 12 5 7 10 10 4 3 7 5 4 7 5 9 5 1 7 7 3 5 6 12
split_gain=0.210616 0.765692 0.526034 0.824286 0.281139 0.665761 0.659498 0.409702 0.392731 0.356671 0.952774 0.507813 0.574512 0.993305 0.496199 0.388043 0.693579 0.524842 0.390049 0.513334 1.11726 1.47745 1.11446 0.860786 0.848898 0.830065 0.809879 0.740288 1.13757 0.596874
threshold=1.4436749202024679 1.0168475337475449 1.1574853415732238 -0.85498153982933511 2.8655491929641301 2.2359209151067749 2.5647708352301053 1.4244312102128338 5.0581982709663604 1.251635211418108 1.0127811562956135 1.9482356360776656 -0.52924818490925685 1.266104878445238 -0.62050816202769388 0.49840544605180831 0.74021918961436672 1.206412825515321 -0.61026752394455841 0.030953870518233333 -0.21158340027400138 -1.0000000180025095e-35 -0.14960298767096739 0.10658312137702206 0.0097586182757249309 -0.072412693130621195 0.19160854741304575 -0.43706294013567248 -0.55733908120585784 -0.74002698477181994
decision_type=2 2 2 2 2 2 2 2 2 2 2 2 2 2 2 2 2 2 2 2 2 2 2 2 2 2 2 2 2 2
left_child=4 2 -2 -4 5 8 -7 -6 9 11 -11 14 -13 -14 -1 18 17 -17 -16 24 27 29 -23 -24 25 26 -20 28 -21 -22
right_child=1 -3 3 -5 7 6 -8 -9 -10 10 -12 12 13 -15 15 16 -18 -19 19 20 21 22 23 -25 -26 -27 -28 -29 -30 -31
leaf_value=-0.050914534497039879 -0.037919392489904599 0.051133542363008856 -0.048255450059801822 0.051467550139381368 0.0028730207082350114 0.051552311497726155 -0.031092219009285695 -0.044821745266422124 -0.039013524658107507 0.041368615104041044 -0.02024122733520577 -0.076633710158680576 0.05076500650585173 -0.043198730955585372 0.022091262375743076 0.027477290813114549 0.046495072403697713 -0.032308153338189212 0.0013783300618159184 -0.053564567877949082 0.0087651125488188604 0.071758780020408294 -0.027617833367901537 0.048569745827047921 0.048091919194543323 -0.051108912173786804 -0.050866321739234534 -0.047264795422769353 0.020150078415496854 -0.047429176954649446
leaf_weight=0.48439003177917683 0.73130130278877847 0.89765692187938828 0.30888014519587159 0.62958846183028072 0.93171680090017506 1.1150356136495236 0.30809207609854627 0.87135638576000929 0.66947353887371619 1.6172551197232672 1.0253940072143448 0.45094202458858501 0.42955012107267843 0.81468924524961039 1.7691697021946229 0.68511150055564873 1.2112894450547171 0.79083992913365364 41.285827114246771 0.84581148024881292 0.75295652053318951 1.0035113189369442 0.89513312233611741 0.63284318544901907 0.91738128662109275 0.7957235520007363 0.75535364588722487 2.6015689003979787 1.372878905967809 1.2688317660940809
leaf_count=57 11 96 6 40 40 87 7 26 10 98 30 2 55 31 26 33 74 16 1813 39 34 13 29 49 22 66 80 170 62 78
internal_value=-0.000158749 0.0138925 -0.00612796 0.0186455 -0.00070286 -0.000158486 0.0336606 -0.020176 -0.000921518 -0.000512881 0.0174629 -0.00130774 -0.028283 -0.0107595 -0.000520258 -9.63489e-05 0.0184551 -0.00455677 -0.00100446 -0.00177355 -0.0123922 0.00536894 0.0308222 0.00393684 0.000501288 -0.000517898 0.000439651 -0.0291695 -0.0079515 -0.0265012
internal_weight=68.8696 2.56743 1.66977 0.938469 66.3021 64.4991 1.42313 1.80307 63.0759 62.4065 2.64265 59.7638 1.69518 1.24424 58.0686 57.5842 2.68724 1.47595 54.897 53.1278 9.37354 4.55328 2.53149 1.52798 43.7543 42.8369 42.0412 4.82026 2.21869 2.02179
internal_count=3200 153 57 46 3047 2981 94 66 2887 2877 128 2749 88 86 2661 2604 123 49 2481 2455 474 203 91 78 1981 1959 1893 271 101 112
is_linear=0
shrinkage=0.05


Tree=159
num_leaves=31
num_cat=0
split_feature=2 8 3 3 3 1 1 1 4 6 4 2 4 4 5 5 6 2 0 3 6 5 5 3 3 3 2 5 5 3
split_gain=0.212052 0.261897 0.212679 0.654931 0.416729 0.775333 0.329458 0.672456 0.446236 0.464855 0.443578 0.422616 0.573747 0.393612 0.355409 0.885786 0.478305 0.409025 0.838454 0.513484 0.676747 0.597224 0.75929 0.686615 0.543858 0.860057 0.751869 1.20764 1.14041 0.911446
threshold=3.005692153639917 0.3960965512757279 2.5549216383180724 4.9662738841152505 1.9458569951648856 2.5289177641824563 2.3776027048635706 1.6278516238823164 1.0800313386245708 2.4190855050289146 0.88607823581275535 -0.639735105464044 -0.60269612713128373 -0.28924486602422433 0.75351998877445647 0.66243500546830558 -0.030740885179705944 2.2738930693361579 1.5573656483092535 0.081936206628921773 0.59888739267764979 0.22119224682757102 0.093658019533621711 0.064043504423612424 -0.036231127272439344 -0.1110842262608993 -0.60942377085899468 -0.14960298767096739 -0.17059703145682895 -0.15918332818552375
decision_type=2 2 2 2 2 2 2 2 2 2 2 2 2 2 2 2 2 2 2 2 2 2 2 2 2 2 2 2 2 2
left_child=2 -2 4 -4 5 6 7 8 10 -10 11 12 -1 -9 15 17 -16 18 19 21 -21 22 23 24 25 26 -13 28 -28 -29
right_child=1 -3 3 -5 -6 -7 -8 13 9 -11 -12 14 -14 -15 16 -17 -18 -19 -20 20 -22 -23 -24 -25 -26 -27 27 29 -30 -31
leaf_value=0.038689125936882285 -0.014964491003064868 0.050738463494794807 0.051251452469162365 -0.009582889416313781 -0.026612652041608533 0.050742407105907363 -0.03048068975709807 -0.0055475055080555016 -0.0046266462502914003 -0.055629414327927687 0.043696688994035622 0.011690517583501923 -0.050925910223107142 0.051083771299416859 -0.023497715381194557 -0.064978107821179562 0.047158169999097423 -0.029027959086198776 0.043470433463270564 -0.029669707836399703 0.050662807570775216 0.034628571078455683 -0.046716949455976577 0.05799768563333383 -0.035447976090464468 0.025693112813272509 -0.004035439279472826 -0.050607602914525943 0.032236187647736322 0.0040719019102222745
leaf_weight=0.2264316682703793 0.23263533227145572 0.43579186720307916 0.77440404880326141 1.0320300769526509 1.5382225429639209 0.73609387909527768 0.92565820267191057 0.44556532544083893 1.096738988533615 0.75382541562430549 0.56309451430570234 9.1558971652411625 0.84563745767808629 0.98540240980218985 0.33558060706127435 0.53390083543490519 0.83678659470751771 1.2096623543184239 1.105400550412013 2.5208593030693005 0.29260089597664762 1.2595678775105614 0.86328781116753717 0.51531161484308441 1.0597719242796575 3.2249969671247518 29.010742648795691 2.3041704543866222 2.3419848941266563 1.1387727258261495
leaf_count=3 10 50 55 23 33 92 19 22 42 11 33 292 74 91 16 12 45 32 89 179 22 33 51 11 80 119 1389 175 52 45
internal_value=-0.000152274 0.0278716 -0.000429241 0.0164963 -0.000893721 -0.000278341 -0.000869294 -0.000431616 -0.0012239 -0.0254026 -0.000469927 -0.00089302 -0.0319983 0.0334503 -0.000315175 -0.000880212 0.0269335 -0.000269139 0.000365764 -0.000521734 -0.0213151 0.00062818 -0.000234983 0.000588113 -2.51964e-05 0.000770539 -0.00105818 -0.00441279 -0.00132602 -0.0325221
internal_weight=68.3008 0.668427 67.6324 1.80643 65.826 64.2877 63.5516 62.626 61.195 1.85056 59.3445 58.7814 1.07207 1.43097 57.7093 56.5369 1.17237 56.003 54.7934 53.688 2.81346 50.8745 49.6149 48.7516 48.2363 47.1766 43.9516 34.7957 31.3527 3.44294
internal_count=3200 60 3140 78 3062 3029 2937 2918 2805 53 2752 2719 77 113 2642 2581 61 2569 2537 2448 201 2247 2214 2163 2152 2072 1953 1661 1441 220
is_linear=0
shrinkage=0.05


Tree=160
num_leaves=31
num_cat=0
split_feature=10 8 2 12 8 10 0 6 6 8 12 0 2 1 8 8 10 1 8 0 2 4 5 1 7 7 0 8 12 2
split_gain=0.215478 0.842951 0.929419 1.17824 1.46279 0.925153 1.01164 1.67299 1.01034 0.789862 0.722161 1.3817 0.657447 0.640901 0.519212 0.756654 0.459268 1.07772 0.7904 0.769303 0.790485 0.739441 1.22757 1.47271 1.14137 0.897273 1.59513 0.749807 0.69319 1.35155
threshold=-0.66223135849169101 -0.99779796382513897 -0.60942377085899468 -0.74002698477181994 -0.31529459020250356 -0.76758334816442375 -0.35219342830129935 -0.28259219632264815 -1.1869673590632133 -0.9726411382277943 -1.0000000180025095e-35 -0.23098955212479719 -0.639735105464044 -0.67432179673042392 -0.51226121370361632 -0.38663747336437987 0.0097951678780547873 -0.61872406178361861 0.36733440048457644 -0.99967322472333497 -0.62973416343412636 -0.12196817636858003 -0.25396934640487923 -0.48421267813725072 0.16828222039122484 -0.44799575568830735 -0.8857889604241167 -0.94934480707556113 1.0000000180025095e-35 -0.17749404422749451
decision_type=2 2 2 2 2 2 2 2 2 2 2 2 2 2 2 2 2 2 2 2 2 2 2 2 2 2 2 2 2 2
left_child=1 -1 3 -3 -5 6 8 -8 -4 -2 11 -9 -11 -14 -10 -16 17 18 -15 -18 -21 22 23 -19 27 26 -24 -23 29 -22
right_child=9 2 5 4 -6 -7 7 10 14 12 -12 -13 13 16 15 -17 19 21 -20 20 28 24 25 -25 -26 -27 -28 -29 -30 -31
leaf_value=0.051930901560683411 -0.051061627972863746 0.035585127807006282 0.037640290205470023 -0.051587955698382128 0.029273813615561518 -0.053489130438310252 -0.045877701547862394 0.051215740481935279 -0.05096612432061616 -0.0508985877412425 0.045835524513816617 -0.033384875471739732 -0.050532444341474629 -0.041279709101849013 0.017996049586051971 -0.038627352325051503 -0.036099157140632027 0.025342238452269485 0.046440099560588026 0.036861321586761663 -0.004444939407515917 0.047090633514673047 0.057595167783437075 -0.016534683755478109 0.021510105308593541 0.059265198490495247 -0.028223609192366352 -0.048540749509152194 -0.0085759239038287298 0.027907048686860409
leaf_weight=0.62492224201560276 0.70556586841121216 2.4394189443555661 0.5723655596375482 1.221476146951318 1.0316712163621602 1.368181322002777 1.1625675535760818 0.82934600906446543 2.1250305299181513 0.57603645441122253 1.782485586591064 1.1544064541812988 0.55644643999403243 1.5399663608986909 0.9436873686499897 1.574138982337898 1.4347411755006749 4.9766029029851806 0.30819036811590184 1.4914102670736635 8.8895053023006785 0.23722907714545716 1.1071580594871195 3.6314256137702605 1.7628816821379585 2.5804257699055606 1.0597502458840606 1.5072756855515739 13.537091653270179 5.0691638247226392
leaf_count=14 66 48 18 68 29 90 106 10 178 51 44 55 92 121 30 114 109 132 10 35 389 6 16 174 86 51 56 137 621 244
internal_value=-0.000146181 -0.00505162 -0.00724909 0.0115064 -0.014563 -0.0148941 -0.00968862 0.00655353 -0.0250388 0.00147351 0.0227381 0.00198405 0.00221094 0.00282662 -0.0327658 -0.0174048 0.00343093 0.00959494 -0.0266519 -0.00036022 0.00140871 0.0135676 0.0189332 0.00767583 -0.00686359 0.0393455 0.0156246 -0.0355362 -0.000514297 0.00730385
internal_weight=67.8006 16.8297 16.2048 4.69257 2.25315 11.5122 10.144 4.92881 5.21522 50.9709 3.76624 1.98375 50.2653 49.6893 4.64286 2.51783 49.1328 18.7109 1.84816 30.4219 28.9872 16.8627 13.3554 8.60803 3.50739 4.74733 2.16691 1.7445 27.4958 13.9587
internal_count=3200 804 790 145 97 645 555 215 340 2396 109 65 2330 2279 322 144 2187 789 131 1398 1289 658 429 306 229 123 72 143 1254 633
is_linear=0
shrinkage=0.05


Tree=161
num_leaves=31
num_cat=0
split_feature=11 1 7 6 0 11 4 9 9 2 4 0 2 2 0 1 0 0 11 9 6 1 9 2 9 0 2 0 4 5
split_gain=0.208046 0.685551 0.457909 0.666477 0.245666 1.54717 0.460681 0.804902 0.669594 0.661741 0.475634 0.520109 0.754547 0.771513 0.631525 0.800674 0.757137 0.655382 0.585245 1.13831 0.426685 0.968343 0.787497 1.03424 0.933518 0.775771 1.80122 0.986451 1.49476 0.981514
threshold=1.4436749202024679 1.0168475337475449 1.1574853415732238 -0.59168244181625906 1.9028524291508331 0.98649928985631286 1.0800313386245708 1.6346045433690966 2.2417173007326912 0.93257453326227113 0.7612895473562159 0.54335610264837564 -0.33688123024890454 1.1364962722902126 0.36497072049860563 -0.28389689616095876 0.40475501321943291 0.26483202885300999 -1.0000000180025095e-35 -0.28432450848734031 -0.40851785189411932 -0.35226049805867143 -0.80354214332994855 -0.5163232542232592 -0.95356234125848871 -0.5519096122240178 -0.58173737654744118 -0.68395150822035389 -0.2621149422608946 -0.34111142809722811
decision_type=2 2 2 2 2 2 2 2 2 2 2 2 2 2 2 2 2 2 2 2 2 2 2 2 2 2 2 2 2 2
left_child=4 2 -2 -4 6 -6 7 10 9 -8 11 14 -13 -14 17 16 -16 20 -15 -20 21 25 23 24 -22 27 29 28 -1 -27
right_child=1 -3 3 -5 5 -7 8 -9 -10 -11 -12 12 13 18 15 -17 -18 -19 19 -21 22 -23 -24 -25 -26 26 -28 -29 -30 -31
leaf_value=-0.033877301310455681 -0.034835154043054671 0.051036211279742241 -0.038531934921364204 0.05140389609028892 0.051318601475131009 -0.034551911093778941 -0.038617297920542332 0.033104212542415822 -0.054126163227339735 0.011312210854716009 0.037869895679360915 -0.050802851657116593 0.023639431800376087 -0.038077652545972243 0.043560905527674602 0.057600527351198451 -0.029766416618719933 -0.04500821613283728 -0.056409095889567253 0.050980354349378691 0.01357639739966951 -0.032186762469477784 0.0073833570346803689 -0.042332008606773192 -0.051189043786816761 0.034977155593972686 -0.039031388062888001 0.028535596457128151 0.018012615332103642 -0.028677433049388409
leaf_weight=2.5095472548855469 0.7112500625662499 0.83163235191022966 0.32237293384969234 0.57062845409382135 1.2707404681714245 0.89330031909048546 1.0169665454886851 1.764055440085939 0.96167709445580829 1.9098870102316139 0.76881301170214911 1.2301678600488228 1.4288294506259251 1.8554362358991054 0.59700056212022923 1.050742637598886 0.85792258544825017 0.84666222264058788 0.40607168851420239 0.62897594692185588 3.1297854089643811 3.0703028248390103 22.822108037653393 2.0017829419812143 0.67668022878933687 1.9156404610257598 3.4743303909199321 3.5354338705074042 3.1050324733369052 0.88552785268984724
leaf_count=185 11 96 9 37 140 36 24 118 12 68 44 130 66 41 14 25 60 49 5 50 141 241 820 170 68 46 228 84 125 57
internal_value=-0.000149347 0.0141951 -0.00490299 0.0189371 -0.000690125 0.0158719 -0.00126404 -0.000157433 -0.0179295 -0.00603633 -0.00119051 -0.00172649 -0.0162557 -0.00641645 -0.000129188 0.0243416 0.000322082 -0.00140732 -0.0212737 0.00884914 -0.000623993 -0.00654328 0.00319999 -0.0132375 0.00206296 -0.00143919 -0.0149787 0.00784685 -0.00518061 0.0148542
internal_weight=67.0493 2.43588 1.60425 0.893001 64.6134 2.16404 62.4494 58.5608 3.88853 2.92685 56.7968 56.028 5.54948 4.31931 50.4785 2.50567 1.45492 47.9728 2.89048 1.03505 47.1262 18.4958 28.6304 5.80825 3.80647 15.4255 6.2755 9.15001 5.61458 2.80117
internal_count=3200 153 57 46 3047 176 2871 2767 104 92 2649 2605 292 162 2313 99 74 2214 96 55 2165 966 1199 379 209 725 331 394 310 103
is_linear=0
shrinkage=0.05


Tree=162
num_leaves=31
num_cat=0
split_feature=10 9 10 10 0 5 9 2 2 8 9 5 1 2 5 1 2 5 2 2 1 1 0 2 1 5 8 0 11 4
split_gain=0.199145 0.833188 1.60516 1.38187 1.21343 1.10054 0.828682 1.08669 0.764091 0.739805 0.721088 0.63844 0.552177 0.568057 0.507233 1.00197 1.01558 0.731095 1.10841 1.15928 0.692946 0.690818 0.76159 1.08908 0.675978 1.21978 1.31274 1.065 0.853267 0.751639
threshold=-0.66223135849169101 -1.0739376465845245 -1.0772201835772848 -1.1368662244064893 -0.8747511332015625 0.067263558097246531 -0.40800200812596354 -0.61531900326077571 0.20617278044493556 -0.9726411382277943 -1.1185685682044857 0.39532596578791529 -0.67432179673042392 -0.639735105464044 -0.13297200443458215 -0.32698662658882333 -0.06861114873524328 -0.24542870081337956 -0.48001660207807267 -0.58474542743766855 -0.30159663339220039 -0.28389689616095876 -0.74657034756074236 -0.22175113384545886 -0.45787841992707229 -0.5457817852640402 -0.79231838868755811 -0.32752119637511035 0.98649928985631286 -0.52129994681951741
decision_type=2 2 2 2 2 2 2 2 2 2 2 2 2 2 2 2 2 2 2 2 2 2 2 2 2 2 2 2 2 2
left_child=1 3 4 -1 -3 8 7 -6 -4 -2 11 -11 -12 -14 17 16 -16 24 19 -19 -17 22 -20 -24 -15 -26 28 -28 -27 -29
right_child=9 2 5 -5 6 -7 -8 -9 -10 10 12 -13 13 14 15 20 -18 18 21 -21 -22 -23 23 -25 25 26 27 29 -30 -31
leaf_value=-0.051341684348088147 -0.05100950260873436 -0.051029338536894342 -0.051065561492791803 0.040090687830979133 0.0305039057755024 0.0098444863428622312 0.022004969275662929 -0.036195251735504495 0.025818481267368583 -0.040281329117965503 -0.050479979510762232 0.047817634909563367 -0.050922430953117298 0.010949251579216954 -0.036745328045827773 0.060869818852067228 0.034462683037454804 0.02202974701943328 0.046380779541266848 -0.051379229164975726 0.0016481902704308259 0.062330258936738096 -0.05133332558629982 0.03745746482437147 0.036356253646104196 -0.0084023720240784232 -0.051806786105924998 0.038547653618521763 0.058438400371893323 -0.020379597429234328
leaf_weight=0.51952069660183076 0.66392637358512629 0.91073717991821457 3.6552457755897168 2.0201072865165797 0.94708499987609718 1.2271622489206491 5.0066839029313996 1.7191724410513414 0.35449700662866224 1.5787076108390454 0.47245924564776842 0.23644498642534006 0.4687598436139514 13.875412881141528 3.1387574542313819 0.51409072359092789 0.59576318413019436 1.415919417049736 1.5292457707691935 0.86720775975845743 12.60475550504634 1.6780567013192911 0.65906786406412698 0.72554239444434687 1.3942549371859057 1.0845308550633488 2.4153261368628587 0.68499063537456084 0.8529994855634867 2.5770216311793783
leaf_count=48 66 86 286 50 20 40 147 120 7 161 84 4 40 502 232 9 11 50 22 68 626 52 37 9 43 55 150 22 10 143
internal_value=-0.000146818 -0.00493563 -0.00977255 0.0213868 0.00353712 -0.0315881 0.0100139 -0.012503 -0.0442683 0.00141906 0.00212413 -0.0288054 0.00330471 0.00384444 0.0043952 -0.00253572 -0.0253856 0.00832029 0.0226183 -0.00585343 0.00396892 0.0367747 0.0220575 -0.00480653 0.00402483 -0.00663982 -0.0145122 -0.02664 0.0210243 -0.00800545
internal_weight=66.3935 16.3602 13.8206 2.53963 8.58368 5.23691 7.67294 2.66626 4.00974 50.0332 49.3693 1.81515 47.5542 47.0817 46.6129 16.8534 3.73452 29.7596 6.87504 2.28313 13.1188 4.59191 2.91386 1.38461 22.8845 9.00912 7.61487 5.67734 1.93753 3.26201
internal_count=3200 804 706 98 373 333 287 140 293 2396 2330 165 2165 2081 2041 878 243 1163 238 118 635 120 68 46 925 423 380 315 65 165
is_linear=0
shrinkage=0.05


Tree=163
num_leaves=31
num_cat=0
split_feature=2 2 2 10 7 5 5 3 8 10 10 2 10 8 0 11 11 1 1 10 1 8 0 12 2 2 1 3 5 1
split_gain=0.241119 0.229733 0.44653 0.263651 0.887586 1.10913 0.928013 1.34995 0.715993 0.676501 0.846301 0.691747 0.897369 0.646415 0.773917 1.18558 1.16679 0.791915 0.574128 0.406985 0.977168 0.810835 0.713373 0.685606 0.920256 1.19931 0.977346 0.877043 0.8581 0.833949
threshold=-0.64372147380909817 -0.6427513000339945 -0.639735105464044 -0.66223135849169101 -0.38965607012873987 -0.37641788488831157 -0.49097255210125434 -0.49056045828588268 -0.9726411382277943 -1.0772201835772848 -1.5537790012182586 -0.22175113384545886 -1.3850549924217896 -0.99779796382513897 -0.47705382332896401 0.98649928985631286 1.0000000180025095e-35 -0.6597344905261292 -0.67432179673042392 0.0097951678780547873 -0.61872406178361861 0.49910078562768412 -0.99967322472333497 -1.0000000180025095e-35 -0.17749404422749451 -0.52213598435015651 -0.58380083548826778 -0.54083893813988271 -0.26375088433655519 2.2315286051655776
decision_type=2 2 2 2 2 2 2 2 2 2 2 2 2 2 2 2 2 2 2 2 2 2 2 2 2 2 2 2 2 2
left_child=-1 -2 -3 4 5 6 7 -4 -5 10 -6 12 -12 -7 15 17 -16 -15 -10 20 21 -20 -21 24 25 28 -27 -25 -24 -26
right_child=1 2 3 8 9 13 -8 -9 18 -11 11 -13 -14 14 16 -17 -18 -19 19 22 -22 -23 23 27 29 26 -28 -29 -30 -31
leaf_value=-0.05083665489787749 0.034664465759589529 -0.051018425371034043 -0.051025471828237891 -0.050960745938640223 -0.048977725299303415 0.066436388788499404 -0.051489185800680841 0.043925715441997401 -0.050491103356738704 -0.046099453582603978 0.026268426955962765 0.056549390569394668 -0.051169264131001237 0.050239994059701781 0.036849677728988797 0.042162464584215291 -0.027501603402445642 -0.041731820934923447 -0.040999741370174321 -0.035460776120144109 0.012855089621954759 0.051808482776863299 0.023772417811875113 0.036731430396470401 0.036510687777526522 0.013580596794932601 -0.04181344554229726 -0.010433559987299983 -0.019967196002830697 -0.015547409336732917
leaf_weight=0.23381430725566943 0.47528485022485156 0.42981629958376188 0.64503066556062549 0.63213529484346409 0.88847674650605757 0.52326021483167906 1.4700123767834146 0.89197402750141941 0.50394426065030629 1.9407575059449289 0.83825434395112119 0.56475820182822678 0.67566961282864213 0.26767908944748287 3.2176863162312666 0.77146763936616469 0.90182457398623217 1.8630002231802794 1.4855119123822103 1.3867342098965263 16.40774493111531 0.27964482503011812 4.6666993862017936 1.0688976164674375 3.9661679685232256 1.1996922842226925 2.3679671798599884 12.655227587383715 1.4759610890178008 0.95444537792354811
leaf_count=26 13 39 60 66 71 8 104 19 92 138 26 12 53 8 74 16 55 133 123 109 658 8 141 34 193 42 144 596 88 51
internal_value=-0.000152168 2.89925e-05 -0.000224497 0.000113929 -0.0055797 0.00259092 -0.0230867 0.0040778 0.00190845 -0.0231464 -0.00813328 0.00932458 -0.00829229 0.0128247 0.00882952 -0.0109475 0.0227622 -0.0301773 0.00259869 0.00315706 0.00905224 -0.0262966 -0.000445019 0.00126746 0.00879752 -0.000128977 -0.0231862 -0.00676013 0.0132626 0.026413
internal_weight=65.6495 65.4157 64.9404 64.5106 15.4599 10.5519 3.00702 1.537 49.0508 4.90792 2.96716 2.07868 1.51392 7.54492 7.02166 2.90215 4.11951 2.13068 48.4186 47.9147 18.1729 1.76516 29.7418 28.3551 14.6309 9.71032 3.56766 13.7241 6.14266 4.92061
internal_count=3200 3174 3161 3122 777 477 183 79 2345 300 162 91 79 294 286 157 129 141 2279 2187 789 131 1398 1289 659 415 186 630 229 244
is_linear=0
shrinkage=0.05


Tree=164
num_leaves=31
num_cat=0
split_feature=7 3 8 6 7 7 0 2 2 6 1 10 1 9 1 9 8 0 10 0 0 0 6 7 0 11 1 1 9 2
split_gain=0.203643 0.924581 0.778479 0.844157 0.743862 1.43899 0.688404 0.670511 0.651131 0.527355 0.518848 1.06718 0.73312 0.718677 1.30769 1.12372 1.1019 1.27149 0.919615 0.703089 0.806163 0.804944 0.921217 0.502558 0.424138 0.544055 0.43102 0.411202 1.1457 0.405655
threshold=-0.64357903728272348 0.0088618594171846424 -0.75390125638713101 -0.1452187538810433 -0.94997781688556271 -0.85179668387755403 0.21483046273062203 -0.038294417668392491 -0.6330373796394495 -1.1984151459333472 -0.18355496182223469 -1.847157453936622 -0.20870473754150617 -0.47443816239295761 -0.43921187833385439 -0.76541830991751136 0.330566487964228 -0.92540951807127958 0.48657805286089723 0.068917978377580014 -0.39674024381204592 -0.70155631144862507 -1.1755195721930798 -0.63313771490590842 -1.076025319248898 0.98649928985631286 -0.67070641144816523 -0.54841222683799962 -0.70594925819635124 -0.61428788614928975
decision_type=2 2 2 2 2 2 2 2 2 2 2 2 2 2 2 2 2 2 2 2 2 2 2 2 2 2 2 2 2 2
left_child=1 2 3 4 -1 -6 -7 10 9 -2 12 -12 13 15 18 16 17 -4 19 20 21 22 -15 -10 25 -25 -26 28 -17 -28
right_child=8 -3 7 -5 5 6 -8 -9 23 -11 11 -13 -14 14 -16 27 -18 -19 -20 -21 -22 -23 -24 24 26 -27 29 -29 -30 -31
leaf_value=-0.051227972275508175 0.028384771050391278 -0.05072342347378727 0.038861619858627655 -0.051243088652878771 0.04416791863649449 -0.051536773301951749 0.027446997564998712 -0.052482415290668875 0.037622302717817635 -0.050939034874691126 0.065292163111961052 -0.051379758420232395 0.058593794177847359 0.059869159815915576 -0.051516533977693318 0.046631103038021315 0.044943737368371692 -0.044497336776433812 -0.051222454549878817 0.049766721243243682 -0.051686389126352233 0.035208276833741135 -0.051100409695432482 -0.051192214482188227 -0.050474271014552902 0.037852923979720066 0.018550004624649011 0.044708099669569984 -0.051025835158649002 0.0016301684958356219
leaf_weight=0.70759111689403642 0.26693428587168455 1.0145497819758009 0.61683698918204832 1.4536767087411178 1.2970209904015066 0.98267214442603312 0.38354808604344726 0.5160380960442098 1.0149808612186451 0.9742231891141262 0.24903942225500941 0.92016567906830349 0.68482235237024802 0.25266594998538483 1.3018601832445709 0.81092469953000523 0.79691337840631593 1.7704230141825972 0.63281780655961473 1.010819694958627 0.57504100049845908 1.6299958288436758 0.71986448357347399 0.74524324724916269 0.37618454301264037 0.22282933397218585 3.9297998812980941 2.744736764812842 0.47699117683805525 35.940209963766392
leaf_count=51 5 122 31 120 33 80 15 22 25 83 3 73 11 3 81 11 20 143 42 23 25 33 65 78 75 8 106 51 47 1715
internal_value=-0.000154673 -0.00412902 -0.00182693 -0.0193945 -0.0056598 0.00644711 -0.0293631 0.00356807 0.00181548 -0.033879 0.00547173 -0.0265288 0.00813953 0.00554939 -0.00704999 0.0162393 -0.00596436 -0.0229585 0.00495722 0.0134453 0.00189109 0.0137293 -0.0222702 0.00286457 0.0020086 -0.030696 0.00279526 0.0337712 0.010463 0.00329788
internal_weight=65.0194 21.549 20.5345 4.82451 3.37083 2.66324 1.36622 15.71 43.4704 1.24116 15.1939 1.16921 14.0247 13.3399 6.12306 7.21683 3.18417 2.38726 4.8212 4.18839 3.17757 2.60253 0.97253 42.2292 41.2143 0.968073 40.2462 4.03265 1.28792 39.87
internal_count=3200 1105 983 299 179 128 95 684 2095 88 662 76 586 575 272 303 194 174 191 149 126 101 68 2007 1982 86 1896 109 58 1821
is_linear=0
shrinkage=0.05


Tree=165
num_leaves=31
num_cat=0
split_feature=3 3 1 9 5 5 7 0 3 7 5 6 6 3 5 1 4 3 6 6 5 11 9 8 1 8 3 0 7 4
split_gain=0.199373 0.594312 1.80778 1.14229 0.854021 1.14232 0.752356 0.844666 0.842473 0.593011 0.826281 0.814082 0.706657 0.67297 0.975795 0.803447 0.608948 1.1888 0.732007 0.759987 0.948142 0.780482 0.963112 0.676362 0.649411 1.28208 0.535418 0.605092 0.581386 1.20038
threshold=-0.16485053153286366 -0.25871313966137527 -0.66930197890938004 0.94380120850471116 -0.14960298767096739 -0.17350767067303544 1.3838853872389729 0.41775503379414541 -0.26763235822301684 -0.63945649945877059 -0.088173702862978723 -0.8320859660890676 -1.1182806378424111 0.0088618594171846424 0.22119224682757102 -0.51494593986672565 -0.30719131028632812 0.18039566035848245 1.9840696039638324 -0.54589129433572414 0.50796753507503678 0.52932365951015792 0.62095133690317839 1.2699239452322555 0.19103045683483741 1.7870833896375522 -0.28652671901718313 0.38141519288804054 0.12179853671858829 -0.61026752394455841
decision_type=2 2 2 2 2 2 2 2 2 2 2 2 2 2 2 2 2 2 2 2 2 2 2 2 2 2 2 2 2 2
left_child=1 4 -3 -4 5 6 7 8 26 13 11 -11 -12 14 15 -2 -14 24 19 20 -19 22 -21 -22 -18 -26 27 28 -1 -30
right_child=9 2 3 -5 -6 -7 -8 -9 -10 10 12 -13 16 -15 -16 -17 17 18 -20 21 23 -23 -24 -25 25 -27 -28 -29 29 -31
leaf_value=0.00055322500537255501 0.01279330488220071 0.040263161038957745 -0.0483282562930702 0.032469171159485742 -0.046702832848027509 0.035511933047080051 0.046510045550240527 -0.030410989837518589 0.043861403026982805 -0.043057698998389439 0.040733750828348292 0.032368361290906429 0.029055548694176338 -0.050684120193466735 0.056059380085603489 -0.05105267485252634 -0.048919501688603907 0.04955890629373743 -0.013940169249246985 -0.029397838629358571 -0.056883208098826223 0.050517224088074179 0.034929173982543776 0.010327567854458569 0.04696745274790004 -0.051937536840228164 -0.051109036712923807 0.050033308375695418 0.060347242068380408 -0.037480808558520033
leaf_weight=24.766660265508115 1.0058560174657034 0.9862726405262946 2.9683807071996848 0.51304971461649973 0.95944224926642974 2.257965230382978 0.80432288465089996 2.4912403785856432 1.0512931870180242 0.39215641911141563 1.0646389252506239 4.0760298412060427 1.4725670716725314 0.97936327656498168 0.5647579003125428 0.96596775157377424 1.9836099098902065 0.49370955233462277 3.6787282659206539 1.0213016465422673 0.93412758759222903 1.8584973748656919 1.3523769219173116 0.62460788863245398 0.64125024451641344 0.6700068695936352 0.53829203959321503 0.57418585009872813 0.36334607377648387 2.2888190863886839
leaf_count=1077 52 26 275 35 80 48 53 160 24 38 40 157 70 124 5 82 102 23 147 41 21 133 91 30 41 14 39 9 6 157
internal_value=-0.000159078 -0.00229011 -0.0194928 -0.0364213 -0.000160858 0.00111004 -0.00125257 -0.00245033 -9.56744e-05 0.00347604 0.00676502 0.0257485 0.00139501 -0.0154795 -0.0018872 -0.0184839 -0.00144812 -0.00483611 0.00377379 0.0141427 -0.010825 0.0262511 0.00725176 -0.0299509 -0.0308716 -0.00356956 -0.00171536 -0.000765545 -0.00182934 -0.0240784
internal_weight=64.3428 40.5633 4.4677 3.48143 36.0956 35.1361 32.8782 32.0738 29.5826 23.7796 20.2636 4.46819 15.7954 3.51594 2.53658 1.97182 14.7308 13.2582 9.96335 6.28462 2.05245 4.23218 2.37368 1.55874 3.29487 1.31126 28.5313 27.993 27.4188 2.65217
internal_count=3200 1989 336 310 1653 1573 1525 1472 1312 1211 948 195 753 263 139 134 713 643 486 339 74 265 132 51 157 55 1288 1249 1240 163
is_linear=0
shrinkage=0.05


Tree=166
num_leaves=31
num_cat=0
split_feature=2 2 2 10 7 9 9 10 8 2 10 10 2 10 8 9 7 11 6 10 1 8 4 7 3 1 1 1 10 2
split_gain=0.21733 0.203822 0.407688 0.235777 0.821552 0.802718 1.80195 1.02732 0.654442 0.62764 0.621296 0.788661 0.631185 0.822638 0.59156 0.578559 0.477297 0.515472 0.435051 0.386411 0.997044 0.878269 0.676089 1.41398 1.06012 1.15067 0.739566 0.943201 0.737198 0.600144
threshold=-0.64372147380909817 -0.6427513000339945 -0.639735105464044 -0.66223135849169101 -0.38965607012873987 -1.0739376465845245 -0.53815491610554311 -1.2762687166533417 -0.94614398794680932 -0.62805951233906898 -1.0772201835772848 -1.5537790012182586 -0.22175113384545886 -1.3850549924217896 -0.93797193775816734 -1.2076969733923621 -0.62343927564629265 -1.2993788618744622 -0.16811432762131079 0.0097951678780547873 -0.61872406178361861 0.80990130410173455 -0.12196817636858003 0.049343847902785933 -0.38912192078864066 -0.48421267813725072 -0.50951628003741223 -0.57391642547037514 -0.46850659508549536 -0.62973416343412636
decision_type=2 2 2 2 2 2 2 2 2 2 2 2 2 2 2 2 2 2 2 2 2 2 2 2 2 2 2 2 2 2
left_child=-1 -2 -3 4 5 18 -7 -8 9 -5 11 -6 13 -13 -10 -16 17 -9 -4 20 21 -17 24 -24 25 26 27 -22 -25 -21
right_child=1 2 3 8 10 6 7 16 14 -11 -12 12 -14 -15 15 19 -18 -19 -20 29 22 -23 23 28 -26 -27 -28 -29 -30 -31
leaf_value=-0.050766401691726262 0.033367768376665406 -0.050930792548890616 -0.0044412898553822695 0.03736743049060353 -0.048619209734091132 -0.045809705616456003 0.027493011212512582 0.012662955836848011 0.05750921541016938 -0.050930090105850159 -0.045329252098631055 0.024635836572865746 0.055048256553249679 -0.051108907150054408 -0.050859630119482004 -0.041296676277283999 0.010972373230625262 -0.0511724768635618 0.04512637865543398 0.030363106820394677 0.023158100071123556 0.061061513707971485 -0.050329601266064075 -0.041482983805660414 0.031031316915626134 -0.026927861845880696 0.050324228537188986 -0.051613484142755219 0.037947191768027633 -0.0024630984246579099
leaf_weight=0.21142857801169057 0.45467357896268268 0.39401097339577873 0.63461040647234801 0.25052960636094201 0.8438818115973844 1.9912276069517236 3.3422493044054122 0.44782116403803129 0.48821155889890278 1.0233375871321175 1.8436894955812011 0.82937925844453297 0.54269984515849534 0.63132500136271119 0.50847170769701833 1.5036308797425615 1.0850625506136591 1.0763234735932199 1.4636326833860938 1.4677402127999766 1.4611438995925712 0.24350496544502664 1.2035216098884238 0.37448456813581277 6.870011159160641 2.1533805326907891 1.2523447223938995 0.592912538792007 1.3280637552961705 27.114002210437327
leaf_count=26 13 39 34 7 71 168 89 22 9 113 138 26 12 53 65 149 40 95 29 43 37 6 121 15 191 118 19 32 72 1348
internal_value=-0.000157654 1.10757e-05 -0.000229809 8.94754e-05 -0.00544138 0.00262916 -0.00463706 0.0091384 0.00179282 -0.0335647 -0.0227162 -0.00807368 0.00900507 -0.00810149 0.00276016 0.00218002 -0.0143728 -0.0324165 0.0301347 0.00277191 0.00874525 -0.0270306 0.0128478 -0.00884742 0.0179612 0.00151515 0.0200394 0.00157495 0.0204761 -0.000777395
internal_weight=63.6273 63.4159 62.9612 62.5672 14.7319 10.0409 7.94268 5.95146 47.8353 1.27387 4.69098 2.84729 2.0034 1.4607 46.5614 46.0732 2.60921 1.52414 2.09824 45.5647 16.983 1.74714 15.2359 2.90607 12.3298 5.45978 3.3064 2.05406 1.70255 28.5817
internal_count=3200 3174 3161 3122 777 477 414 246 2345 120 300 162 91 79 2225 2216 157 117 63 2151 760 155 605 208 397 206 88 69 87 1391
is_linear=0
shrinkage=0.05


Tree=167
num_leaves=31
num_cat=0
split_feature=2 10 2 1 6 1 7 6 2 11 7 6 6 6 9 3 6 11 5 7 2 10 1 9 11 2 3 9 0 1
split_gain=0.206529 0.193039 0.368899 0.216451 0.192548 0.646892 0.61976 0.42912 0.612399 0.320838 0.72147 0.324823 0.308205 0.543397 0.548657 0.50708 0.854678 0.435614 0.493552 0.432844 1.26071 0.41865 0.839874 0.382124 0.802191 0.906819 0.738469 0.362337 0.927747 0.979335
threshold=-0.64372147380909817 2.0842712252892728 -1.0000000180025095e-35 -0.68499479762380366 -1.1869673590632133 -0.43921187833385439 0.67237047638421177 -1.0610417034917423 -0.29780832664808204 1.4436749202024679 1.1574853415732238 -1.0495939166216084 2.8655491929641301 2.2359209151067749 2.5647708352301053 1.483426971368867 1.3086501786259419 0.98649928985631286 1.7948913295550049 1.7412113822502675 1.4108831022840014 1.4619991718941348 1.4244312102128338 0.57944151231838004 -0.38502760118215218 -0.5491734194217891 -0.047108634477242554 0.2622138828695067 -0.6579082292988222 -0.20870473754150617
decision_type=2 2 2 2 2 2 2 2 2 2 2 2 2 2 2 2 2 2 2 2 2 2 2 2 2 2 2 2 2 2
left_child=-1 3 -3 -2 5 -5 -7 8 -6 11 -11 -9 13 15 -15 16 19 18 -17 20 23 22 -14 27 -25 -26 -27 -13 -29 -30
right_child=1 2 -4 4 7 6 -8 9 -10 10 -12 12 21 14 -16 17 -18 -19 -20 -21 -22 -23 -24 24 25 26 -28 28 29 -31
leaf_value=-0.050729002202521314 -0.050287173965540846 -0.043824687338721691 0.050770683626285701 0.023724539834159744 -0.050709849460440104 -0.052701958792351171 0.039813251387573613 0.037428634763184351 0.0029926932442841791 -0.010525114842665276 0.051198642883213102 -0.0013387440365105847 0.051416724796957219 0.051544520289906352 -0.027145688674492342 -0.036400484751562122 0.050994844146107422 -0.049072224343167242 0.015757644794017096 -0.025974817182323119 0.051765467577440306 -0.053192379337084074 -0.043162060364132698 -0.047435532348815236 0.033360643914097883 -0.043741463274435032 0.016245514569111885 0.038067509667191191 -0.028334240816572532 0.04379757181207871
leaf_weight=0.20126161770895024 0.21550953557016228 0.13428839342668653 0.44325613277032871 2.6249421215616171 1.0222293228725905 0.62350565125234325 0.25508406071458012 0.55451786844059014 1.1044103389140207 0.94826976733747759 0.94544524908997118 35.608333361742559 0.42065847804769763 0.92370426841080078 0.291391980368644 0.82011261954903547 0.80917991843307291 0.96361620724201191 1.0147508799564091 1.6516460776329029 1.1501647076802317 0.65948585327714682 0.53106501407455653 1.3406129220966247 1.1915153907611968 1.3475361799355599 0.82847411057446052 2.0847824411466718 1.6612390535883608 0.65653213812038203
leaf_count=26 62 13 59 64 132 48 18 19 30 38 94 1768 29 74 7 17 80 14 39 75 69 10 18 87 49 73 32 64 76 16
internal_value=-0.000159894 2.10206e-06 0.0287757 -0.00026486 -9.10777e-05 0.0112947 -0.0258417 -0.000772619 -0.0228209 5.86988e-05 0.0202907 -0.000644185 -0.00103548 -0.000372468 0.0326738 -0.00115783 4.03689e-05 -0.0218509 -0.00755501 -0.000827279 7.82274e-05 -0.0225747 -0.00135857 -0.00125116 -0.014725 -0.00170288 -0.0209026 0.000334324 0.0138663 -0.00790218
internal_weight=63.0275 62.8263 0.577545 62.2487 62.0332 3.50353 0.87859 58.5297 2.12664 56.403 1.89372 54.5093 53.9548 52.3436 1.2151 51.1285 48.33 2.79848 1.83486 47.5208 45.8692 1.61121 0.951723 44.719 4.70814 3.36753 2.17601 40.0109 4.40255 2.31777
internal_count=3200 3174 72 3102 3040 130 66 2910 162 2748 132 2616 2597 2540 81 2459 2389 70 56 2309 2234 57 47 2165 241 154 105 1924 156 92
is_linear=0
shrinkage=0.05


Tree=168
num_leaves=31
num_cat=0
split_feature=7 9 4 4 4 7 4 3 3 3 6 3 9 7 1 2 2 2 2 4 10 2 2 9 9 9 10 8 6 1
split_gain=0.186795 0.391489 0.167515 0.284067 0.32381 0.354853 0.341649 0.517157 0.357996 0.313893 1.14776 1.08678 0.968928 0.571902 0.558324 0.670378 0.451126 0.675236 0.371042 0.508114 0.371727 0.387137 1.09548 1.56694 1.31293 0.783901 0.621632 1.38829 1.32627 0.838991
threshold=2.3040973512739593 -0.50909210862769505 -0.62050816202769388 -0.61026752394455841 -0.59162046264247503 -0.77558885829974356 -0.58698813852144871 -0.57108177455919318 -0.55862915082987807 -0.50033097130084458 0.55309624519711487 -0.48184563559686372 -0.29331643695406112 -0.90003340957833855 -0.50360009888455448 -0.50253625459106532 -0.53834138003679288 -0.61694999916001914 -0.63735761389618728 0.26942011150803785 1.9502346260213264 -0.60942377085899468 -0.55069853381578837 0.18153066974588863 0.34198078026692641 -1.2714285120506144 -0.66223135849169101 -0.99779796382513897 0.20966263909310259 -0.49778068822168114
decision_type=2 2 2 2 2 2 2 2 2 2 2 2 2 2 2 2 2 2 2 2 2 2 2 2 2 2 2 2 2 2
left_child=2 -2 -1 -4 5 -5 -6 -8 -9 10 14 12 13 -11 15 16 17 -10 19 -13 21 -20 23 25 -25 -23 27 -24 -29 -30
right_child=1 -3 3 4 6 -7 7 8 9 11 -12 18 -14 -15 -16 -17 -18 -19 20 -21 -22 22 26 24 -26 -27 -28 28 29 -31
leaf_value=-0.027898186336165594 -0.038371229071861072 0.050488285710880591 0.020262999475517848 0.0040444551568138299 0.034357567364828936 -0.050183509415657225 -0.038699664603409137 0.027639455582007661 0.033780479055377524 0.035315734516185679 0.038515496071344274 -0.050746471489069758 0.046886922581680639 -0.049480797371259336 -0.047886422216059189 -0.051954678700370384 0.044088703804757622 -0.051091394763175729 0.0096688722429861002 0.033948934710256173 0.036153267893967521 0.051842425799931674 0.066910947898176004 0.046818085160209112 -0.050595621211365273 -0.050720013951185243 0.0031648000346666525 -0.042869953096283026 0.025597157266126935 -0.034276618022708878
leaf_weight=0.55009676713962008 0.1689107371494174 0.46568251983262499 1.6530037680640806 0.54070931987371296 0.70589251210912962 0.6824165015714232 0.87893397436709264 1.1437523415079258 0.43434562068432592 0.3263318256940696 0.87159804254770268 0.7750403326935984 2.2035885360091845 0.50896065845154226 1.571124787675209 0.63236246549058694 0.57785645546391606 0.50896321854088455 6.9410836883471267 0.22952859476208687 0.67498052550945331 0.19805060001090158 0.48596248030662526 1.0816353980917481 0.50850518431980152 3.1414156600949208 28.291271209367622 3.1604681413154898 1.7249996435130017 0.88540790474507947
leaf_count=63 3 105 26 20 13 44 121 30 8 8 15 82 35 37 94 36 11 40 243 7 74 4 5 27 63 396 1250 249 50 41
internal_value=-0.000152749 0.0268364 -0.000429491 -0.000183145 -0.000749409 -0.0262109 -0.000216712 -0.000639277 -5.11227e-05 -0.000619384 -0.0131355 0.000505573 0.0295044 -0.0163525 -0.0252222 -0.00868737 0.00929926 -0.0120122 -0.00132659 -0.0313949 -0.000685196 -0.00122087 -0.00313553 -0.0251852 0.0156665 -0.0446374 1.06982e-05 -0.0142511 -0.0210857 0.00528894
internal_weight=62.5229 0.634593 61.8883 61.3382 59.6852 1.22313 58.4621 57.7562 56.8772 55.7335 4.59625 51.1372 3.03888 0.835292 3.72465 2.15353 1.52117 0.943309 48.0983 1.00457 47.0938 46.4188 39.4777 4.92961 1.59014 3.33947 34.5481 6.25684 5.77088 2.61041
internal_count=3200 108 3092 3029 3003 64 2939 2926 2805 2775 204 2571 80 45 189 95 59 48 2491 89 2402 2328 2085 490 90 400 1595 345 340 91
is_linear=0
shrinkage=0.05


Tree=169
num_leaves=31
num_cat=0
split_feature=7 3 5 8 4 1 11 0 1 6 6 6 8 7 2 7 8 1 4 7 5 5 5 8 8 7 0 8 4 5
split_gain=0.1822 0.809785 0.71756 0.740407 0.790647 1.35044 1.59531 1.02661 0.713708 0.706379 0.680046 0.672456 0.90302 0.717163 0.582982 0.557161 0.778549 0.555735 0.476372 0.43322 0.416481 0.656088 0.560028 0.532398 0.474061 0.822693 0.68135 0.976368 0.945859 0.787011
threshold=-0.64357903728272348 0.0088618594171846424 0.22119224682757102 -0.74794093139134477 -0.44143170142558324 -0.41494257657078276 -1.2993788618744622 -0.21759546862540405 -0.51494593986672565 -1.1869673590632133 -0.12232318014077585 -0.1452187538810433 -0.8511803341228017 -0.94997781688556271 -0.6330373796394495 -0.84852486324223597 -0.86068947984431732 -0.47757158555943463 0.19706912263004878 -0.63313771490590842 -0.55038700907684313 -0.52810177895233334 -0.49280438539099541 0.67207066632892998 -0.87902072086857896 -0.12478913730334315 -0.79791685066319606 -0.81865738961252987 -0.51352577378640685 0.04442926017459687
decision_type=2 2 2 2 2 2 2 2 2 2 2 2 2 2 2 2 2 2 2 2 2 2 2 2 2 2 2 2 2 2
left_child=1 2 3 11 7 -6 -7 8 9 -5 17 12 13 -1 18 -15 -17 -10 -2 -16 23 -22 -23 -21 25 -24 29 -28 -29 -26
right_child=14 -3 -4 4 5 6 -8 -9 10 -11 -12 -13 -14 15 19 16 -18 -19 -20 20 21 22 24 -25 26 -27 27 28 -30 -31
leaf_value=-0.05105028389790759 -0.050881224801128257 -0.050650299771518525 0.054714857597892012 0.035265322394398523 0.02184393916396983 0.032106635743207525 -0.0512937538432124 -0.051894058995747443 0.031876409800450506 -0.051349935771579813 0.035209656854131959 -0.051168425007648025 -0.051691415070620472 0.046733633618561851 0.035678875367416672 -0.050732079577443551 0.055469456975427045 -0.051002121986856046 0.028738323502251917 -0.050982135710154322 0.034311178338389973 -0.032559506445081689 0.030196993532715311 0.036089940309948269 -0.031902005749485332 -0.026443530728605769 -0.051075771437048535 0.028843048375510685 0.0011570413168543649 0.021697796536772417
leaf_weight=0.40618925518356297 0.87963304587174096 0.89118393918033589 0.54389047995209594 0.30955409444868565 6.9107835923205174 0.89809529180638525 1.585922603844655 1.3230439777253256 0.32250369898974907 0.98250686179380842 1.5539046061458068 1.3347182924626455 0.86511092027649317 1.013254138058983 0.97281428310088713 0.45539701939560484 0.27786453417502277 0.54252344765700422 0.23888453072868288 0.74291560018900682 1.5763241425738659 1.1771964390063647 3.1755320848897104 0.2298796511022374 2.9254824239760597 0.80326380103360051 0.80618265323573624 3.5459439748665309 23.728204563958592 0.89417148125357915
leaf_count=36 81 122 5 5 278 31 125 70 7 79 36 121 66 24 25 50 5 45 7 66 49 91 100 17 232 65 57 91 1181 33
internal_value=-0.000155383 -0.00405077 -0.00190183 -0.0035414 0.00191112 0.0104787 -0.0211404 -0.0140782 -0.000596142 -0.0305985 0.0154295 -0.0216167 -0.0085466 0.00879207 0.00173329 0.0227097 -0.0104877 -0.0201029 -0.0338767 0.00271487 0.00190518 0.00271881 0.0013749 -0.0304063 0.0024883 0.0187621 0.000458519 0.00315359 0.00475653 -0.0193544
internal_weight=61.9129 20.2164 19.3253 18.7814 14.4288 9.3948 2.48402 5.03404 3.71099 1.29206 2.41893 4.35253 3.01782 2.1527 41.6964 1.74652 0.733262 0.865027 1.11852 40.5779 39.6051 38.6323 37.056 0.972795 35.8788 3.9788 31.9 28.0803 27.2741 3.81965
internal_count=3200 1105 983 978 676 434 156 242 172 84 88 302 181 115 2095 79 55 52 88 2007 1982 1899 1850 83 1759 165 1594 1329 1272 265
is_linear=0
shrinkage=0.05


Tree=170
num_leaves=31
num_cat=0
split_feature=2 5 1 10 2 6 6 0 7 9 7 2 2 0 7 5 1 8 7 8 1 9 7 8 8 7 9 0 1 0
split_gain=0.178749 0.241043 0.206965 0.169981 0.292284 0.197389 0.43804 0.371692 0.296653 0.430062 0.349475 0.29917 0.490091 0.339704 0.289739 0.509771 0.291823 0.544041 0.979272 0.541371 0.467832 0.35969 0.637538 0.947101 0.785048 0.799852 0.437074 0.83659 1.17508 0.630265
threshold=3.005692153639917 2.0295290719119281 -0.68499479762380366 2.0842712252892728 0.070065466139794294 2.8655491929641301 2.5564589474705195 1.530513257050377 2.2119924761340939 -0.41739997224279674 2.1027043013255291 2.4853501501649236 2.2738930693361579 0.62321423932284004 1.7210497934835118 -0.063939101266871426 3.9886130209923598 1.7240782338737346 0.45074665414405063 1.2157615841930407 1.3647751302091884 0.57944151231838004 -0.86679013174991326 0.55929766776893797 -0.6821706759622056 -0.081320128343368311 0.2622138828695067 -0.6579082292988222 -0.227133545727497 -0.83875985386597141
decision_type=2 2 2 2 2 2 2 2 2 2 2 2 2 2 2 2 2 2 2 2 2 2 2 2 2 2 2 2 2 2
left_child=2 -2 -1 5 -5 6 8 -7 10 -10 11 12 14 -13 16 -16 17 19 -19 20 21 26 -23 24 25 -24 -4 29 -29 -28
right_child=1 -3 3 4 -6 7 -8 -9 9 -11 -12 13 -14 -15 15 -17 -18 18 -20 -21 -22 22 23 -25 -26 -27 27 28 -30 -31
leaf_value=-0.050266484151178265 0.050568350551194588 -0.014689449340341589 -0.0010200620953644604 -0.032906607169332913 0.050720771766318729 0.007462790750858205 0.051300036206258753 -0.039537619958295439 -0.042458101178683302 0.050767485268337346 -0.03282312379727638 -0.010379693125639215 -0.032948719295972533 0.051407871459798173 -0.023836316603850469 0.051475220946525228 -0.037996997101238487 -0.021875947719602346 0.051474362908285567 -0.028839062356110473 0.051233954978920949 0.019638201579933623 -0.050614718530735126 0.034227186707209777 -0.048562808381172808 0.041321568846598669 0.00014444487430913169 -0.028768079626594452 0.044473540555095822 0.056125288838956101
leaf_weight=0.20762470224872132 0.38780906854662944 0.2228004178032279 38.579316364193801 0.14348676824010809 0.38437751034507528 0.79632077272981294 0.41283865470904757 0.8916607623687014 0.15692059881985188 0.58450712077319522 0.83920482289977272 0.36139202956110139 1.1600780517328519 0.57861817139200866 0.33683510043192655 0.67490809131413587 0.51681988779455323 0.70563966617919405 1.2812195619335396 1.7176175790373225 0.43680846923962136 1.1453171689063308 0.39482478029094636 0.61809401586651791 2.3919374544639136 0.59026483073830638 0.75963995233178172 1.6789500149898233 0.81272553140297432 1.4869898390024898
leaf_count=65 52 8 1996 13 55 35 38 32 2 97 24 8 27 34 16 51 9 19 93 63 34 43 45 28 127 17 42 83 15 29
internal_value=-0.000160521 0.026757 -0.000431542 -0.000260341 0.0279887 -0.000509244 -2.05626e-05 -0.0173647 -0.000387067 0.0310366 -0.00079533 -0.000317314 -0.000792872 0.0276533 -0.000103703 0.0264021 -0.000608578 -0.000241215 0.0254238 -0.00124873 -0.000279512 -0.000743862 -0.0132488 -0.0226769 -0.033092 0.00447342 0.000740086 0.0150712 -0.0048784 0.0371968
internal_weight=61.2555 0.610609 60.6449 60.4373 0.527864 59.9094 58.2215 1.68798 57.8086 0.741428 57.0672 56.228 55.288 0.94001 54.1279 1.01174 53.1162 52.5993 1.98686 50.6125 48.8949 48.4581 5.14044 3.99512 3.37703 0.98509 43.3176 4.73831 2.49168 2.24663
internal_count=3200 60 3140 3075 68 3007 2940 67 2902 99 2803 2779 2737 42 2710 67 2643 2634 112 2522 2459 2425 260 217 189 62 2165 169 98 71
is_linear=0
shrinkage=0.05


Tree=171
num_leaves=31
num_cat=0
split_feature=7 9 4 8 4 3 1 3 3 5 3 1 4 0 0 1 3 3 4 11 5 9 1 9 10 0 0 1 12 7
split_gain=0.168098 0.351763 0.157236 0.251689 0.250734 0.226912 0.484437 0.274215 0.709952 0.6715 0.647452 1.07117 0.838547 0.851387 1.21836 0.863584 0.52294 1.11808 0.872468 0.858403 0.530675 1.20067 1.08339 0.582342 0.502061 1.11093 1.19134 0.897103 0.846157 0.801566
threshold=2.3040973512739593 -0.50909210862769505 -0.62050816202769388 0.49910078562768412 -0.61701940545681822 -0.5673752561669626 -0.29543068525098165 -0.47497121617871546 -0.43295134401924623 -0.49097255210125434 -0.50033097130084458 -0.5435585705320255 -0.36830864004593011 -0.19969147626913489 -0.77737289144586874 -0.58220600320697036 -0.41690527970286867 -0.39577796915671082 -0.2856482198693906 -0.84220323152830712 -0.3625738381022901 -0.69584036864675192 -0.5954003937027631 -0.78241705722267541 0.028478266248665996 -0.83875985386597141 -0.67013406319362911 -0.30714982013974418 -1.0000000180025095e-35 0.92642579206975795
decision_type=2 2 2 2 2 2 2 2 2 2 2 2 2 2 2 2 2 2 2 2 2 2 2 2 2 2 2 2 2 2
left_child=2 -2 3 -1 -4 6 -6 10 9 -9 12 -12 13 14 -7 -15 18 -18 19 -10 21 22 -19 -24 -22 -26 -27 -28 -29 -30
right_child=1 -3 4 -5 5 7 -8 8 16 -11 11 -13 -14 15 -16 -17 17 20 -20 -21 24 -23 23 -25 25 26 27 28 29 -31
leaf_value=-0.050781250634224673 -0.035892228833093454 0.050448174850617422 0.027753051203960051 0.02495826015674088 -0.050569808570560162 -0.050869774734390472 0.010012426356962215 0.007194453246614863 0.033677898865464649 -0.046048600571238774 -0.027085516599420201 0.035243146761339571 -0.047933121980836324 0.027599674230800127 0.028530346942494945 -0.048062316107480706 -0.046659700002196991 0.049657885914114991 0.046968812197828023 -0.047812240265492051 0.0076200891007948794 -0.039723583596898746 -0.050977440991912398 0.038875873104767811 -0.051319719144771507 0.035619177465088324 -0.028996589381467437 0.023619778555115323 0.020872911116640532 -0.016319523712428789
leaf_weight=0.36166136781684954 0.16336271911859512 0.42452478548511763 0.79312203684821625 0.15743739251047373 0.67696357250679284 0.56341386353597034 0.64378610748099052 0.91705857065971974 0.61414864240214229 1.6716589757706888 0.86813146097119887 3.3468011548975465 0.88620674447156478 0.54692286241333921 3.3910572603344922 1.2147598951123653 1.3355707447044469 0.98285955493338406 1.4813557555898942 0.6820591143332424 18.344293892034358 2.4537453455850402 0.65404503978788853 0.24896222632378318 1.1686463198275259 1.9682830636156676 3.2422519047977341 2.9918477971223121 1.8967512398958435 6.1323293979512528
leaf_count=54 3 105 13 9 113 58 37 38 15 150 46 77 57 18 64 51 129 31 22 40 902 191 64 6 113 58 224 202 94 216
internal_value=-0.000151116 0.0264558 -0.000410793 -0.0278102 -0.000172619 -0.000548502 -0.0210396 -7.86728e-05 -0.00173747 -0.0271871 0.0070958 0.0224056 -0.00267793 0.00433824 0.0172178 -0.0245727 -0.000246834 -0.00165524 0.0207556 -0.00920187 -0.000155723 -0.0166669 0.0133328 -0.0262046 0.00184884 -0.00423557 -0.000845569 -0.00587761 0.00092377 -0.00753336
internal_weight=60.824 0.587888 60.2361 0.519099 59.717 58.9239 1.32075 57.6032 46.7859 2.58872 10.8173 4.21493 6.60236 5.71615 3.95447 1.76168 44.1972 41.4196 2.77756 1.29621 40.084 4.33961 1.88587 0.903007 35.7444 17.4001 16.2315 14.2632 11.0209 8.02908
internal_count=3200 108 3092 63 3029 3016 150 2866 2495 188 371 123 248 191 122 69 2307 2230 77 55 2101 292 101 70 1809 907 794 736 512 310
is_linear=0
shrinkage=0.05


Tree=172
num_leaves=31
num_cat=0
split_feature=6 6 8 12 7 8 9 9 1 1 7 7 0 8 3 7 8 8 6 0 1 0 4 4 4 0 4 7 4 6
split_gain=0.175172 0.753088 0.682256 0.640972 0.924884 1.01044 0.641389 0.700648 0.636836 0.831278 0.849336 1.39199 0.721262 0.577487 0.516165 0.516003 0.870035 1.14506 0.949505 0.928565 1.59726 1.29784 0.898858 1.04257 0.7113 0.892387 0.682844 0.567583 0.542508 0.541285
threshold=0.083736983521631461 0.10663255726189894 1.8473808696127203 1.0000000180025095e-35 -0.86679013174991326 -0.58809805340732835 -1.1536718034416982 -0.98640739684122802 1.0168475337475449 -0.51992262921161736 -0.37409621458701747 -0.50744246826949346 -1.1564552624650777 -0.92730481356890881 -0.26108899134453095 1.4458957296013795 -0.26158706778672614 -0.45097457947957148 -0.77484703173839886 -0.49872557221912678 -0.28389689616095876 0.094711955673159751 -0.22876492566645221 -0.61026752394455841 -0.3583857906035775 -0.76040882525767406 -0.2621149422608946 -0.11723374809474398 -0.49463669941341698 -0.39707006502398551
decision_type=2 2 2 2 2 2 2 2 2 2 2 2 2 2 2 2 2 2 2 2 2 2 2 2 2 2 2 2 2 2
left_child=2 -2 3 6 5 -5 -1 -8 9 10 11 12 -6 -14 -10 16 17 19 26 22 -21 -22 23 -9 28 -26 -18 -24 -19 -25
right_child=1 -3 -4 4 8 -7 7 15 14 -11 -12 -13 13 -15 -16 -17 18 24 -20 20 21 -23 27 29 25 -27 -28 -29 -30 -31
leaf_value=-0.050750723017160881 0.037267450443882175 0.00084108089064675753 0.036454734115210184 0.034963393073522038 0.063511834275211621 -0.050584313191358421 0.023670466643214826 0.052512113798814597 -0.031392729679242753 -0.038394433219749065 -0.050808746641964303 0.046110346467736617 0.038610980694922942 -0.0513693368085541 0.051037060132946122 0.049632847126249657 0.021706398757659912 0.0081775188621038917 -0.044562339985308091 -0.051087988841373916 -0.050970465710485871 0.055627921149560194 0.03655091579184782 -0.051575754187996904 0.028432249112721193 -0.051067766155411101 -0.042600807632103901 -0.01186786122567398 0.058090487825200481 -0.0056534158098889495
leaf_weight=0.57989835314219718 1.5086395228281642 23.855740201892331 1.0913394780945953 1.6239011515863242 0.20232720952481065 0.43834123929263924 3.3236816062126335 0.50241267657839284 0.2955684142652899 4.6783694272744452 0.83700760855572109 1.2433278820244595 0.21054017590358864 1.1649881388293577 0.53129475447349328 0.48524310276843508 1.4039386733202261 0.79781084577553008 2.2620993058080812 2.2884495889302348 0.43546169693581827 0.82933375728316605 2.399782024440356 1.160142136155633 0.94744506035931386 0.56259002827573479 0.58473231532843772 0.80940241832286064 1.7139394395053384 1.4358593006618268
leaf_count=77 27 1209 87 59 3 58 125 11 9 299 93 24 8 102 45 28 47 29 179 209 34 19 72 92 26 44 49 38 23 75
internal_value=-0.000153243 0.00300767 -0.00245452 -0.00371277 -0.0134731 0.0167797 0.00115205 0.00252375 -0.0202816 -0.0244328 -0.00657767 0.00654511 -0.0246317 -0.0375968 0.0215719 -0.00125122 -0.00261286 0.00344747 -0.0224054 -0.00572319 -0.0261659 0.0189267 0.00579276 -0.0134165 0.0259326 -0.00118687 0.00279804 0.024339 0.0422366 -0.0261759
internal_weight=60.2036 25.3644 34.8392 33.7479 11.2257 2.06224 22.5222 21.9423 9.16342 8.33656 3.65819 2.82118 1.57786 1.37553 0.826863 18.6186 18.1334 13.8826 4.25077 9.86084 3.55325 1.2648 6.3076 3.09841 4.02179 1.51004 1.98867 3.20918 2.51175 2.596
internal_count=3200 1236 1964 1877 700 117 1177 1100 583 529 230 137 113 110 54 975 947 672 275 550 262 53 288 178 122 70 96 110 52 167
is_linear=0
shrinkage=0.05


Tree=173
num_leaves=31
num_cat=0
split_feature=2 3 3 9 8 6 2 6 1 2 8 9 8 8 4 1 9 4 1 6 0 2 0 3 8 2 3 1 9 1
split_gain=0.172876 0.246651 0.175385 0.630189 0.335622 0.305393 0.779912 0.433124 0.400962 0.371931 0.289049 0.854227 0.440502 0.395836 0.334042 0.296833 0.928501 0.394384 0.378426 0.708833 0.823557 0.460929 0.379528 0.361957 0.748846 0.815881 0.606893 1.63521 0.79654 0.613153
threshold=3.005692153639917 2.0664172030942498 2.5549216383180724 1.9551775253224879 2.7674059731597915 2.8655491929641301 2.4853501501649236 2.5564589474705195 1.4244312102128338 2.2738930693361579 1.7240782338737346 0.43834116340632973 2.5909532593717635 1.6848471190316767 -0.62050816202769388 1.3647751302091884 -0.37407107191635575 0.14728197415228403 -0.30159663339220039 -0.16811432762131079 1.8467367175742886 -0.64111017112033342 1.2640716973515269 -0.16485053153286366 -0.23486074323362519 0.070065466139794294 -0.25871313966137527 -0.66930197890938004 0.94380120850471116 -0.66423068467975754
decision_type=2 2 2 2 2 2 2 2 2 2 2 2 2 2 2 2 2 2 2 2 2 2 2 2 2 2 2 2 2 2
left_child=2 -2 4 -4 5 6 7 9 -7 10 13 -12 -13 14 -1 17 -17 23 21 -20 -21 -19 -23 26 -25 -26 29 -28 -29 -16
right_child=1 -3 3 -5 -6 8 -8 -9 -10 -11 11 12 -14 -15 15 16 -18 18 19 20 -22 22 -24 24 25 -27 27 28 -30 -31
leaf_value=-0.045869237646828681 0.050547625908071284 -0.017838716212340337 0.051377906962714097 -0.011577099235419525 -0.036877615958706908 0.0021725655282465641 0.051359958302245851 0.051226034478576703 -0.048965208480940381 -0.028869858858816596 -0.020624376801593916 0.051531664467499662 -0.016518530668551655 -0.046326418645253026 -0.050408373464687566 -0.066174277790145827 0.050876502216451208 0.037375004750715778 -0.041674685697911933 0.038828752492618107 -0.036555140671436004 -0.050874352048339677 0.026586725648734339 0.015075630414055591 -0.050869612716597991 0.050987714015503872 0.037487083323741281 -0.049421960049822515 0.026845367456653443 0.0014718982711376819
leaf_weight=0.40630238887387449 0.38182896317448367 0.20139688800554723 0.70367492322111391 0.91362874489277601 0.64034191065002133 0.79542740690521785 0.73324630304705252 0.40089272265322407 0.73985791835002601 1.1660266907419998 0.97687610535649527 1.281380580505356 0.29200169059913594 0.48033355153165658 0.58025327580979791 0.21440492104738951 0.80756312276935094 0.20602406701073039 0.7978587381076071 1.169780540280043 0.52487074758391816 1.4020713060745036 0.17823249101638783 7.7511995087843388 0.88797973550392384 0.25250387249980122 0.92024576198309693 2.50604166672565 0.39651853125542391 30.772543952742126
leaf_count=58 53 7 54 24 25 36 51 39 22 37 36 110 14 9 131 2 98 5 41 54 20 184 3 294 96 23 25 254 18 1377
internal_value=-0.000155398 0.0269328 -0.000423633 0.0158141 -0.000882099 -0.000475156 0.000137667 -0.000553105 -0.0224709 -0.000937716 -0.000320926 0.0161006 0.0389023 -0.00115426 -0.000718344 -0.000346749 0.0263197 -0.00091044 -0.015403 -0.00281488 0.0154807 -0.0329675 -0.042138 0.000496754 0.00950974 -0.0283183 -0.00178155 -0.02059 -0.0390031 0.000511738
internal_weight=59.4813 0.583226 58.8981 1.6173 57.2808 56.6404 55.1052 54.3719 1.53529 53.971 52.805 2.55026 1.57338 50.2547 49.7744 49.3681 1.02197 48.3461 4.27884 2.49251 1.69465 1.78633 1.5803 44.0673 8.89168 1.14048 35.1756 3.82281 2.90256 31.3528
internal_count=3200 60 3140 78 3062 3037 2979 2928 58 2889 2852 160 124 2692 2683 2625 100 2525 307 115 74 192 187 2218 413 119 1805 297 272 1508
is_linear=0
shrinkage=0.05


Tree=174
num_leaves=31
num_cat=0
split_feature=7 3 8 6 7 7 9 2 2 1 10 1 9 1 9 8 10 9 9 6 7 5 3 7 5 5 5 2 11 8
split_gain=0.175457 0.75128 0.637288 0.721868 0.609278 1.03532 0.624421 0.567551 0.535514 0.425774 0.908351 0.571892 0.584166 1.09703 0.973688 0.936232 0.759701 0.682802 0.562459 0.829273 0.451982 0.754471 0.414061 0.382562 0.381386 0.566432 0.505542 0.468176 0.446598 0.396894
threshold=-0.64357903728272348 0.0088618594171846424 -0.75390125638713101 -0.1452187538810433 -0.94997781688556271 -0.85179668387755403 -1.0739376465845245 -0.038294417668392491 -0.6330373796394495 -0.18355496182223469 -1.847157453936622 -0.20870473754150617 -0.47443816239295761 -0.43921187833385439 -0.76541830991751136 0.330566487964228 0.48657805286089723 -0.32181911390897716 -1.2499166779651896 -1.1869673590632133 -0.86679013174991326 -0.32304493106182719 0.058966387482807317 -0.63313771490590842 -0.55038700907684313 -0.52810177895233334 -0.49280438539099541 -0.038294417668392491 0.52932365951015792 -0.87902072086857896
decision_type=2 2 2 2 2 2 2 2 2 2 2 2 2 2 2 2 2 2 2 2 2 2 2 2 2 2 2 2 2 2
left_child=1 2 3 4 -1 -6 -7 9 22 11 -11 12 14 16 15 18 17 -14 -4 -20 -19 -22 -2 -10 27 28 -27 -25 -26 -28
right_child=8 -3 7 -5 5 6 -8 -9 23 10 -12 -13 13 -15 -16 -17 -18 20 19 -21 21 -23 -24 24 25 26 29 -29 -30 -31
leaf_value=-0.0510261996979448 -0.050825744177868643 -0.050619568262659932 0.026153274598312262 -0.051120728072994448 0.039403011625912338 0.027648463601056012 -0.051365512222023485 -0.052171325729771435 0.034399387194078666 0.060984879571951506 -0.051261054043348402 0.054001126430303449 -0.051195288704209641 -0.05132010853394782 0.031917044462828989 0.042350468444396827 -0.051076923122560694 0.035501635827853824 0.046368154707152776 -0.05124566155288815 -0.051871410088133167 0.023482293935847456 0.024740956477796953 -0.051114929341262411 0.0045555552656473828 -0.031924167068827794 0.017587214732989246 0.034356970828488632 0.058812471703478558 0.00056284584838053853
leaf_weight=0.58962232084013511 0.80165894841775187 0.82969390432117407 0.45293106837198216 1.2408365426817951 1.1588216571835803 0.36037440109066676 0.81668080331292014 0.44995294231921157 0.92834015027619798 0.23265488538891077 0.80004657572135218 0.62620167434215623 0.38219252752605815 1.116235400433651 3.7151622388046244 0.72432011878117908 0.54254798480542366 1.9009686681674796 0.25615145824849683 1.4448460325365875 0.49342181545216579 1.0165166025981309 0.23424705676734447 0.66860208415891975 0.73411731730447971 1.1024349979124952 3.8563346773153091 0.21070532308658485 0.78463724686298519 30.50294450606453
leaf_count=51 80 122 15 120 33 16 79 22 25 3 73 11 32 81 109 20 42 53 8 151 31 33 8 64 34 91 165 19 15 1594
internal_value=-0.000150153 -0.00408303 -0.0019755 -0.0191638 -0.00560949 0.0058546 -0.0271741 0.00308397 0.00174105 0.00489818 -0.0259734 0.00741415 0.00499222 -0.00711686 0.0150048 -0.00682495 0.0042635 0.0121791 -0.0233616 -0.0365461 0.0192803 -0.001142 -0.033738 0.00268858 0.00191102 0.00268485 0.00140423 -0.0306336 0.0325864 0.00247359
internal_weight=58.9742 19.1502 18.3205 4.16634 2.9255 2.33588 1.17706 14.1541 39.824 13.7042 1.0327 12.6715 12.0453 5.45188 6.59341 2.87825 4.33565 3.7931 2.15393 1.701 3.41091 1.50994 1.03591 38.7881 37.8598 36.9805 35.4617 0.879307 1.51875 34.3593
internal_count=3200 1105 983 299 179 128 95 684 2095 662 76 586 575 272 303 194 191 149 174 159 117 64 88 2007 1982 1899 1850 83 49 1759
is_linear=0
shrinkage=0.05


Tree=175
num_leaves=31
num_cat=0
split_feature=10 2 2 8 2 0 10 10 10 0 1 6 1 3 2 6 10 7 1 6 8 0 3 9 2 1 9 8 1 0
split_gain=0.169939 0.326775 0.158163 0.268112 0.175729 0.213477 0.997245 0.905728 0.514433 0.943027 0.919972 0.523567 0.737753 0.617879 0.494921 0.689249 0.642024 0.442694 0.488186 0.391788 0.949179 0.719536 0.494123 0.458771 0.420204 0.700363 0.744144 0.42259 0.3675 1.20675
threshold=2.0842712252892728 -0.038294417668392491 3.005692153639917 0.36733440048457644 2.8214319521275733 1.5805432220787325 0.98806738966228058 0.34455010954433246 1.3041644750934258 1.2067818746389163 1.595272100321514 2.0870996857950361 -0.030136257471707197 -0.42976988755461315 2.2738930693361579 1.1312094821388687 1.2838772422309073 1.5209921970515621 0.22895307186754366 0.41572280275550993 -0.5292771265721824 -0.44227187395058193 -0.54379028606451019 0.30867334519599221 1.3287255244981955 -0.059821534223506855 0.29461558979727226 0.91795931872602143 -0.54841222683799962 -0.94193629397106149
decision_type=2 2 2 2 2 2 2 2 2 2 2 2 2 2 2 2 2 2 2 2 2 2 2 2 2 2 2 2 2 2
left_child=2 -2 4 -4 5 8 7 -7 10 11 14 12 13 -10 15 16 19 -9 -19 24 22 23 -21 -22 25 27 -27 28 29 -1
right_child=1 -3 3 -5 -6 6 -8 17 9 -11 -12 -13 -14 -15 -16 -17 -18 18 -20 20 21 -23 -24 -25 -26 26 -28 -29 -30 -31
leaf_value=-0.05122361947774437 -0.046851509700877349 0.050679848082118562 -0.022995523861149097 0.050644933510782746 -0.021831004969147683 0.045709000842744374 0.051003511090887382 -0.034188563945105485 0.030926934208879653 -0.045417842199177522 0.051127808493323545 -0.03446424179305984 0.04966349675203837 -0.051037711942611197 -0.034218987786770537 0.051264605597380088 0.065557706076910832 -0.041474364966653028 0.050927127587040578 0.026534518063910856 -0.051248398506880448 0.018082168455326331 -0.051214521842771921 0.027920031392013461 0.051386167003059841 -0.047919437268595932 0.019506822573566188 -0.05094214708606281 0.0058528879461591842 0.00034313538861673276
leaf_weight=1.2528631805907924 0.11046201770659536 0.38594421255402167 0.18530393205582996 0.37119673402048647 0.96374997938983042 0.68031781376339484 1.1144545169081537 1.5896887114504354 0.41511334991082538 1.7918781936168668 0.87514889176236366 0.70310994866304088 0.86537097906693761 0.51540479331742972 1.0705175325274456 0.65073000092524935 0.36421378795057435 0.22988964407704759 0.37795685313176364 0.23237053427146737 0.77611031086416937 2.2610438411356872 1.6949853003025053 0.23944936227053404 0.40298746060579915 1.4355855821631984 0.57234617916401465 0.37868895032443006 23.873034801741596 12.012900901085215
leaf_count=152 12 60 8 49 22 69 137 37 17 30 81 13 46 54 19 50 3 5 46 14 74 69 154 11 25 140 31 29 1047 696
internal_value=-0.000153383 0.0289768 -0.000403147 0.0261241 -0.000660601 -0.000298694 0.0108464 -0.00470448 -0.00114809 -0.0177365 0.000331929 0.00211217 0.0164322 -0.0144725 -0.000609537 0.00017013 -0.000560666 -0.0203116 0.0159806 -0.00109423 -0.0139983 0.00237917 -0.0418408 -0.032582 0.000587577 6.96523e-05 -0.0287001 0.00160941 0.00214525 -0.004527
internal_weight=58.3928 0.496406 57.8964 0.556501 57.3399 56.3762 3.99231 2.87785 52.3839 4.29088 48.093 2.499 1.79589 0.930518 47.2178 46.1473 45.4966 2.19754 0.607846 45.1324 5.20396 3.2766 1.92736 1.01556 39.9284 39.5254 2.00793 37.5175 37.1388 13.2658
internal_count=3200 72 3128 57 3071 3049 294 157 2755 160 2595 130 117 71 2514 2495 2445 88 51 2442 322 154 168 85 2120 2095 171 1924 1895 848
is_linear=0
shrinkage=0.05


Tree=176
num_leaves=31
num_cat=0
split_feature=6 6 0 0 2 2 1 7 0 8 12 7 8 7 2 10 0 1 1 4 1 7 7 2 6 12 4 4 4 10
split_gain=0.171755 0.66861 0.613552 0.955676 1.25678 0.804167 1.06107 0.746027 0.763174 0.603571 0.582132 0.816 0.899243 0.594039 0.630862 0.986569 0.904565 0.834006 0.775206 0.796418 0.528559 0.684429 0.818572 0.62771 0.789312 0.487495 0.467685 0.490284 0.844026 0.741313
threshold=0.083736983521631461 0.15242370474243391 -0.36435580584953903 -0.33848811709985066 -0.55935715586603918 -0.56889834328679878 -0.5435585705320255 -0.45643410923787892 -0.6900849784761256 1.8473808696127203 1.0000000180025095e-35 -0.86679013174991326 -0.58809805340732835 -0.64357903728272348 -0.47010117260037498 1.3648993421860829 -0.37993576881572488 1.0711807312021069 -0.51992262921161736 0.071106762154513989 -0.58380083548826778 -0.7582426102791241 -0.58472204268923067 -0.16098469152165887 0.6103351795477836 1.0000000180025095e-35 -0.35104738321179724 0.071106762154513989 0.61344965428003506 0.34455010954433246
decision_type=2 2 2 2 2 2 2 2 2 2 2 2 2 2 2 2 2 2 2 2 2 2 2 2 2 2 2 2 2 2
left_child=9 -2 5 -4 -5 6 -3 -7 25 10 -1 12 -12 -13 16 17 18 -16 -15 -20 -6 -22 -23 -24 -25 -9 -26 -28 -29 -30
right_child=1 2 3 4 20 7 -8 8 -10 -11 11 13 -14 14 15 -17 -18 -19 19 -21 21 22 23 24 26 -27 27 28 29 -31
leaf_value=0.0010311118070171947 0.02404616699568693 -0.051105389391806283 0.052468791932529783 -0.050885271561036838 0.034212739668082366 -0.044769340531356977 0.021186661996730985 -0.016709249280163645 -0.044916439692489506 0.035542560315457571 0.033037264691438799 -0.050962995491902655 -0.05054911556213737 0.032123404296934714 -0.048841417481496154 0.042891512861645602 -0.050763285923203207 0.01485866557105712 -0.051003244163145001 0.052501109746032039 -0.052252212649390672 0.053953905532597907 -0.051352602025644567 0.049600306601114107 0.050732890390218138 0.044829254834288346 -0.023944107731457599 0.051039421549166554 0.051398846506635933 -0.012920213932343459
leaf_weight=21.637857988825999 3.2777314346749362 0.62876928405603427 1.029479116201405 1.0184561946662167 1.5509596444899241 2.3447556876926683 2.633412673487328 0.55301684653386496 0.7183262158650966 1.0116398170357559 1.5623875982128081 1.3029940971173335 0.40522582497214799 1.8755186006892464 2.8116929531097425 0.432874233520124 0.67951769253704686 0.62874551233835507 0.69525888154748838 0.25365570513531566 0.53361509344540614 0.81188443559222001 0.52852740325033387 0.87996723747344585 0.41906029550591206 0.76979737356305122 2.0785400927416076 0.82814380095805962 0.51550859078997779 3.4200524556799792
leaf_count=1177 86 63 13 104 47 167 99 36 44 87 59 159 58 66 136 30 79 39 67 7 25 13 29 71 59 21 85 96 42 136
internal_value=-0.000147918 0.00302594 -0.000214476 0.00615159 0.00236266 -0.0115466 0.00725273 -0.0255293 -0.00342735 -0.00248704 -0.00367866 -0.0132495 0.0158228 -0.0198395 -0.0143424 -0.0282492 0.00103033 -0.0372001 0.0134911 -0.0233353 0.00705136 0.00284517 0.00594597 0.00145026 0.0048782 0.0191024 -0.000541491 -0.00368184 0.00515916 -0.00449523
internal_weight=57.8374 24.54 21.2623 13.6142 12.5847 7.64808 3.26218 4.3859 2.04114 33.2974 32.2857 10.6479 1.96761 8.68026 7.37726 3.87331 3.50395 3.44044 2.82443 0.948915 11.5663 10.0153 9.48168 8.6698 8.14127 1.32281 7.26131 6.84224 4.7637 3.93556
internal_count=3200 1236 1150 720 707 430 162 268 101 1964 1877 700 117 583 424 205 219 175 140 74 603 556 531 518 489 57 418 359 274 178
is_linear=0
shrinkage=0.05


Tree=177
num_leaves=31
num_cat=0
split_feature=7 9 7 0 9 7 6 6 4 2 4 2 4 5 5 4 4 7 6 5 2 2 0 4 2 10 7 9 11 0
split_gain=0.161572 0.284119 0.159735 0.50636 0.558853 0.380005 0.257893 0.470153 0.385719 0.96976 0.453137 0.355668 0.255265 0.234237 0.476459 0.235744 0.27416 0.314824 0.278485 1.11701 0.745624 0.639322 0.527641 0.451868 0.441796 0.436007 0.326902 0.322084 0.678316 0.94272
threshold=2.3040973512739593 -0.50909210862769505 2.1027043013255291 0.88291895521107089 1.8443686351201831 2.0042180106187075 2.9685792747953341 2.8655491929641301 5.0581982709663604 2.4853501501649236 2.9580797114381077 2.2738930693361579 -0.62050816202769388 2.819283802929982 1.6806643856118415 -0.61026752394455841 -0.59162046264247503 -0.77558885829974356 -0.95801162166053866 -0.29571449879646855 -0.30388076527341862 -0.52535005302273796 -0.74657034756074236 -0.13522259525599664 1.9622995548891227 -1.3096694806325151 -1.0285407859020035 0.35319731513960112 1.0000000180025095e-35 1.8467367175742886
decision_type=2 2 2 2 2 2 2 2 2 2 2 2 2 2 2 2 2 2 2 2 2 2 2 2 2 2 2 2 2 2
left_child=2 -2 5 -4 -5 6 7 8 9 10 11 12 -1 14 15 -14 17 -17 19 26 21 22 -21 -22 27 -24 -18 -20 -29 -30
right_child=1 -3 3 4 -6 -7 -8 -9 -10 -11 -12 -13 13 -15 -16 16 18 -19 24 20 23 -23 25 -25 -26 -27 -28 28 29 -31
leaf_value=-0.040610249190626835 -0.032101642318868785 0.050401238436261799 -0.053940571648268092 0.050915709310119066 -0.024532186287560081 0.050852930597228167 0.02920714377804175 -0.048901813593831639 -0.041858208831007868 0.051158567850950444 0.051793468324471306 -0.029496194326296632 0.01904865049926964 -0.032307587637859812 0.052014498679582404 0.004098079200326849 0.015401529354611697 -0.050016832283152173 0.0027296578829062949 0.035547424639957928 0.05470855132593129 -0.051130021222025396 0.037416950644597734 0.002989279597915034 0.051337093928422041 -0.050624463198322804 -0.043739037215784066 -0.027814516772950732 0.016830236650321208 -0.039131504834915981
leaf_weight=0.39379232277860055 0.14429799374192953 0.37695852591423218 0.56701141269877453 0.40221180103253551 0.62969109276309609 0.36563831835519423 0.73108523397240688 0.50097875634673883 0.55093405628576775 0.9172689524712031 0.40782290603965421 1.0810606679879118 1.5259589627384986 0.56153579149395128 0.43919616262428363 0.48737750668078661 0.26278618117794428 0.59919027436988759 32.732882979384208 0.74319559498690102 0.92728637671098113 0.73087809543358195 0.19750881730578873 0.77553825569337564 0.43442332022823293 0.48825751990079835 2.108257698448142 2.8623393527814178 3.2188744806335308 0.98219053458888073
leaf_count=59 3 105 10 38 24 36 45 12 8 76 19 30 26 11 27 20 10 44 1722 26 20 76 7 27 39 58 189 210 177 46
internal_value=-0.000147891 0.0275622 -0.000402973 -0.0159819 0.00487565 4.97089e-05 -0.000290126 -0.00069 -0.000237937 0.000195706 -0.000703954 -0.00111925 -0.000511439 -0.000196117 0.000168042 -0.000295939 -0.000916726 -0.0257437 -0.000336148 -0.0101698 0.00641269 -0.013093 0.00636203 0.0311534 0.00118757 -0.0252675 -0.0371844 0.00064013 -0.00904306 0.00374663
internal_weight=57.1464 0.521257 56.6252 1.59891 1.0319 55.0263 54.6606 53.9295 53.4286 52.8776 51.9604 51.5525 50.4715 50.0777 49.5161 49.0769 47.551 1.08657 46.4644 6.23371 3.86266 2.15984 1.42896 1.70282 40.2307 0.685766 2.37104 39.7963 7.0634 4.20107
internal_count=3200 108 3092 72 62 3020 2984 2939 2927 2919 2843 2824 2794 2735 2724 2697 2671 64 2607 413 214 167 91 47 2194 65 199 2155 433 223
is_linear=0
shrinkage=0.05


Tree=178
num_leaves=31
num_cat=0
split_feature=7 0 1 7 3 9 8 8 8 4 8 8 10 7 4 9 2 10 7 5 7 8 5 0 1 0 1 7 2 1
split_gain=0.157725 0.80369 0.814416 0.537628 0.762768 0.619963 0.645646 0.584496 0.546926 0.582198 0.833123 0.496379 0.356155 0.346215 0.60134 0.909004 0.589771 0.417536 0.279205 0.264277 0.857296 0.826015 0.93997 0.864541 0.929041 1.26811 0.864464 0.850706 0.795136 0.626298
threshold=-0.7582426102791241 -0.98753960173662036 -0.19004845802386253 -0.86679013174991326 -0.3398415475563642 -0.76541830991751136 -1.0074117131433951 -0.45097457947957148 -0.90956479039176863 -0.44143170142558324 -0.59303085574625236 0.330566487964228 -0.03140796935762389 -0.88058684800413356 -0.3583857906035775 -0.17119800427619891 -0.32190075162862714 -1.0772201835772848 -0.75277179100025904 -0.26547673432301416 1.3838853872389729 -0.90956479039176863 -0.32000528418464486 -0.31972500761071804 -0.48262953981513662 -0.93505044014414518 -0.47757158555943463 -0.32759101262509632 -0.58240805072356128 0.64593486761137875
decision_type=2 2 2 2 2 2 2 2 2 2 2 2 2 2 2 2 2 2 2 2 2 2 2 2 2 2 2 2 2 2
left_child=1 -1 3 5 7 6 -3 -5 -7 10 -10 -8 -9 14 -11 16 17 -16 -2 20 21 -20 23 24 25 -23 -25 -26 -28 -30
right_child=18 2 -4 4 -6 8 11 12 9 13 -12 -13 -14 -15 15 -17 -18 -19 19 -21 -22 22 -24 26 27 -27 28 -29 29 -31
leaf_value=-0.050972950784573451 0.039271180787714424 0.061408824995615431 -0.051170796637781325 -0.032319331365620603 -0.050882415245090878 -0.050882604805855651 -0.050822268576215301 -0.0099286337594621105 0.020539991073063299 0.041359699419364127 -0.051463205860617062 0.021530508715323034 0.040562635214377564 0.055807157071963556 0.036574413019350598 -0.05115034120988942 0.052238109852188047 -0.050985880412041329 0.022463393641825709 0.0041798525371599246 0.047844328282823631 -0.05122714365881427 -0.048004906723126267 -0.051926771997695791 0.0017819350640229531 0.02191966661697059 0.030903178833209838 -0.051378774211216463 -0.049441221186790202 0.017834462632020858
leaf_weight=0.88454034720780228 0.47892871429212291 0.20827420335263003 0.77668706572148849 0.83956364588812027 1.0330177498399287 0.29884879698510847 0.98588215443305383 0.58707592502469197 1.0662300263065843 1.8375821218360182 0.64462644921149692 0.31209314509760588 0.86217505414970241 0.87804673356005025 0.23104565241373709 0.57678873662371533 0.77476803585886944 0.33149325789418072 2.2070544281741649 25.227123517193835 0.77004336967365716 0.66555481930845584 1.4887580613722029 1.7359974624705499 1.8660643239272761 5.3999204919673494 0.92158512945752624 1.2611619845847606 1.0636619581491675 0.5126888848026282
leaf_count=129 13 2 80 60 115 29 117 31 27 32 44 12 21 13 8 46 7 33 100 1334 57 71 127 154 101 187 34 112 71 33
internal_value=-0.000141811 -0.00494632 -0.00162128 0.00173467 -0.0152185 0.00864823 -0.0203123 0.000877788 0.0152183 0.0183339 -0.00658979 -0.0334253 0.0201092 0.0275441 0.0209294 0.00131569 0.0239446 -0.0150232 0.00130496 0.000883271 -0.00376467 -0.00608567 -0.0103101 -0.00613049 0.00248004 0.0138934 -0.0248256 -0.019657 -0.00599107 -0.0275606
internal_weight=56.7273 13.1287 12.2442 11.4675 3.32183 8.14568 1.50625 2.28881 6.63943 6.34058 1.71086 1.29798 1.44925 4.62972 3.75168 1.9141 1.33731 0.562539 43.5985 43.1196 17.8925 17.1224 14.9154 13.4266 9.1927 6.06548 4.23393 3.12723 2.49794 1.57635
internal_count=3200 806 677 597 227 370 131 112 239 210 71 129 52 139 126 94 48 41 2394 2381 1047 990 890 763 471 258 292 213 138 104
is_linear=0
shrinkage=0.05


Tree=179
num_leaves=31
num_cat=0
split_feature=6 6 8 12 7 8 9 9 7 9 4 5 4 4 7 8 5 8 0 0 4 4 7 8 3 10 6 11 4 8
split_gain=0.15376 0.610679 0.540325 0.534387 0.733147 0.795299 0.574497 0.615848 0.563648 0.636385 0.545631 0.783811 0.677892 0.520464 0.456185 0.747678 0.708548 0.683597 1.23584 1.03933 0.777948 0.923148 0.648315 0.730781 0.772876 1.01587 0.477261 0.658729 0.455861 0.603341
threshold=0.083736983521631461 0.10663255726189894 1.8473808696127203 1.0000000180025095e-35 -0.86679013174991326 -0.58809805340732835 -1.1536718034416982 -0.98640739684122802 -0.64357903728272348 -1.1117790966095757 -0.51061378359389231 -0.012249761086496667 0.099369598729839012 -0.51842105628428214 1.4458957296013795 0.064969812155983311 0.30507157720566253 -0.49357506536296752 -0.49872557221912678 0.41775503379414541 -0.22876492566645221 -0.61026752394455841 -0.1336228178496334 -0.15548086867458902 -0.41690527970286867 -1.3345599303886508 -0.39707006502398551 -0.84220323152830712 -0.22055170911560604 -0.74230199170899758
decision_type=2 2 2 2 2 2 2 2 2 2 2 2 2 2 2 2 2 2 2 2 2 2 2 2 2 2 2 2 2 2
left_child=2 -2 3 6 5 -5 -1 -8 -6 -10 13 -12 -13 -11 15 16 17 18 20 -20 21 -9 23 24 -19 -26 -23 -28 -22 -30
right_child=1 -3 -4 4 8 -7 7 14 9 10 11 12 -14 -15 -16 -17 -18 22 19 -21 28 26 -24 -25 25 -27 27 -29 29 -31
leaf_value=-0.050691250243826515 0.034343129103271662 0.00086318171598456892 0.03453734831702119 0.031460493560488904 -0.050875932311263389 -0.050501770864499668 0.022525397951856936 0.05216750142414002 0.035415341389880596 -0.012190382723465742 -0.043906318092412702 0.031769213531671343 -0.024146562401277744 0.054513504032068387 0.049009525034563205 -0.032277411066985451 -0.052197609017690695 0.031106332138301464 -0.050983290107525184 0.019813880370217696 0.069319296173023084 -0.05140662911829337 0.038615378897042807 -0.053465695002615325 0.040651389965883258 -0.050813232940322486 0.041202349721680825 -0.030963604477517056 0.031362647302836888 -0.023795651999463617
leaf_weight=0.52437851921422662 1.4507308047032008 22.273915748577565 0.96119373763212834 1.5025416717398909 1.2097417034092348 0.3685656986781386 3.1853239962947617 0.4730081502348259 0.59783582598902096 0.86460649955552071 2.7716036587371473 0.82714013173245371 1.5725859769154338 0.44189665000885525 0.43800620071124186 1.8953737561823789 0.60051728575490493 2.0979769591940576 2.077881865203381 0.69071460096165527 0.48618928436189923 0.96420383267105414 2.0948901040828742 0.48262529319617886 0.47522927587851937 0.84047827939502817 0.48747963085770607 0.90005730540723694 1.8304017169866715 0.67993384180590477
leaf_count=77 27 1209 87 59 159 58 125 10 29 57 229 42 61 6 28 148 43 53 196 41 4 84 66 43 11 78 16 58 58 38
internal_value=-0.000146766 0.00291044 -0.00238937 -0.00352042 -0.0129526 0.0153158 0.0009931 0.00230237 -0.0193365 -0.0139441 -0.0184995 -0.0257933 -0.00487345 0.0103708 -0.00137546 -0.00266778 0.00102889 0.00322101 -0.00582046 -0.0333207 0.00725864 -0.0115672 0.0161842 0.00412385 0.0122658 -0.0177765 -0.0243863 -0.00560973 0.0250053 0.0164228
internal_weight=56.067 23.7246 32.3424 31.3812 10.1565 1.87111 21.2247 20.7003 8.28541 7.07567 6.47783 5.17133 2.39973 1.3065 17.515 17.077 15.1816 14.5811 8.58987 2.7686 5.82127 2.82475 5.9912 3.89631 3.41368 1.31571 2.35174 1.38754 2.99652 2.51034
internal_count=3200 1236 1964 1877 700 117 1177 1100 583 424 395 332 103 63 975 947 799 756 505 237 268 168 251 185 142 89 158 74 100 96
is_linear=0
shrinkage=0.05


Tree=180
num_leaves=31
num_cat=0
split_feature=10 8 2 8 2 0 10 10 10 1 1 8 6 9 2 10 3 4 6 8 0 1 9 3 9 8 2 8 4 4
split_gain=0.159404 0.239816 0.142436 0.229145 0.167752 0.186615 0.914014 0.801815 0.484689 1.1291 0.791835 0.48077 0.428864 0.640264 0.478141 0.375889 0.562282 0.743619 0.313295 0.845241 0.677986 0.662622 0.586062 0.441869 0.431412 0.346492 0.738953 0.658991 0.453344 0.521071
threshold=2.0842712252892728 0.12339272282884474 3.005692153639917 0.36733440048457644 2.8214319521275733 1.5805432220787325 0.98806738966228058 0.34455010954433246 1.182757133119076 0.90357571935623882 -0.61317340738068116 2.3079797131063526 1.1312094821388687 2.0318104849174516 1.3287255244981955 1.3275775920470716 0.0088618594171846424 3.5220623298732217 0.41572280275550993 -0.5292771265721824 -0.44227187395058193 -0.059821534223506855 0.29461558979727226 -0.54379028606451019 0.22800985692931522 0.13788299578839844 -0.50768976144928135 0.330566487964228 0.14728197415228403 0.38993173380268409
decision_type=2 2 2 2 2 2 2 2 2 2 2 2 2 2 2 2 2 2 2 2 2 2 2 2 2 2 2 2 2 2
left_child=2 -2 4 -4 5 8 7 -7 9 12 -10 15 13 14 18 -12 -17 -18 21 23 24 25 -23 -20 -21 28 27 -27 -1 -30
right_child=1 -3 3 -5 -6 6 -8 -9 10 -11 11 -13 -14 -15 -16 16 17 -19 19 20 -22 22 -24 -25 -26 26 -28 -29 29 -31
leaf_value=0.0049098035758311197 -0.037984488298570179 0.048777378260040326 -0.020603610015842322 0.050581921072280628 -0.021698701028876173 0.045221122385064177 0.050900077313628417 -0.01944269218704224 0.035237374270765821 0.046108593005708437 -0.03925115095550083 -0.052320375084492346 0.051307787024856756 -0.052773992647537155 0.052018697836335052 -0.028608322532754041 0.049697271403350313 -0.027561805435845452 0.024789318664615589 -0.051154434539949792 0.021032938199595137 -0.048903429943092158 0.01710668490864994 -0.051096236678540352 0.027835919577156309 -0.051099165012078701 -0.051083010980078981 0.013580639542927014 -0.051000758429854659 0.0031671907307924555
leaf_weight=30.48543625202727 0.10275727650150557 0.35410584550118074 0.17217976273968716 0.32918121060356498 0.92935316800139744 0.62171041534747917 1.0185650286730377 2.0942144123837352 0.67143017036141817 1.3231189305079158 1.0356436107540496 1.0657335654832421 0.39158313220832397 0.59473803278524329 0.42846493190154333 1.1646669887704777 0.7889250435400752 0.51461072964593768 0.22031879960559297 0.69343321037013117 1.8404842442832876 1.1991259665810634 0.46728165051899839 1.4834804519196039 0.230251683620736 0.48935024009551931 0.93749607505742361 2.0169486084487289 0.7996957303257648 0.99806565121980384
leaf_count=1495 12 60 8 49 22 69 137 88 26 130 41 18 30 13 19 69 44 8 14 71 59 133 22 148 10 51 87 89 99 79
internal_value=-0.000149401 0.029263 -0.000393693 0.026135 -0.00063772 -0.000272379 0.0105081 -0.00464031 -0.00108015 0.000610116 -0.0154638 -0.0229135 -0.000780947 -0.00125657 -0.000532066 -0.0139691 -0.00336089 0.0191969 -0.00106994 -0.0135835 0.00349033 0.000425254 -0.0303934 -0.0412835 -0.0314641 0.00186272 -0.0132133 0.000952027 0.00347095 -0.0209283
internal_weight=55.4624 0.456863 55.0055 0.501361 54.5041 53.5748 3.73449 2.71592 49.8403 44.5993 5.24101 4.56958 43.2762 42.8846 42.2898 3.50385 2.4682 1.30354 41.8614 4.46797 2.76417 37.3934 1.66641 1.7038 0.923685 35.727 3.44379 2.5063 32.2832 1.79776
internal_count=3200 72 3128 57 3071 3049 294 157 2755 2549 206 180 2419 2389 2376 162 121 52 2357 302 140 2055 155 162 81 1900 227 140 1673 178
is_linear=0
shrinkage=0.05


Tree=181
num_leaves=31
num_cat=0
split_feature=7 9 7 8 0 7 8 7 3 3 7 2 3 3 8 9 11 9 9 10 0 8 0 0 9 2 3 9 2 3
split_gain=0.151647 0.247874 0.148898 0.604044 0.537214 0.346729 0.263997 0.665509 0.396926 0.710689 0.274144 0.352802 0.253376 0.517284 0.351652 0.316636 0.710733 0.670674 0.662908 0.574724 0.585415 0.892598 0.79903 0.763516 0.89637 0.40465 0.403402 0.402956 0.395427 0.378934
threshold=2.3040973512739593 -0.50909210862769505 2.1027043013255291 2.3775163797786161 0.88291895521107089 2.0042180106187075 2.3775163797786161 0.2901487973368892 4.9662738841152505 2.0664172030942498 1.9482356360776656 2.9067605553561031 -0.5673752561669626 -0.62365221120064573 2.0878290443118614 0.35319731513960112 -1.2993788618744622 0.2622138828695067 0.41793858791678862 1.5242408017266686 -0.5519096122240178 -0.064543436672427554 1.7996030111991581 -0.55968212710101473 0.57944151231838004 -0.50430726856855335 -0.48834420201985546 0.21002988469922593 2.022328757561072 0.59136444341463046
decision_type=2 2 2 2 2 2 2 2 2 2 2 2 2 2 2 2 2 2 2 2 2 2 2 2 2 2 2 2 2 2
left_child=2 -2 5 4 -4 6 8 -8 9 10 11 12 13 -1 15 17 -17 27 -18 20 23 -22 28 24 -20 -19 -26 -14 -23 -24
right_child=1 -3 3 -5 -6 -7 7 -9 -10 -11 -12 -13 14 -15 -16 16 18 25 19 -21 21 22 29 -25 26 -27 -28 -29 -30 -31
leaf_value=0.010860212939239559 -0.029659891004809247 0.050360123722179767 -0.041358966219423393 -0.044544556921990303 0.050914890558141301 0.05079212407075126 -0.032896636219372853 0.051119508462776964 -0.037839450386035027 0.051459198923233578 -0.032291091385484742 0.05101719418245472 0.00048823510674492416 -0.048218445325283327 0.04394840911983447 -0.048352744854449861 -0.057018713228111965 0.00036332183940744768 0.037404558513839642 0.049967018195049527 -0.041466396708814864 0.037383610637427969 -0.037430217057019953 0.068795358592324482 0.028751994868142679 0.045812487108459282 -0.051010558343554051 -0.045886372442558741 -0.0099941083835402497 0.013183618765826239
leaf_weight=0.68410400999709964 0.13461622875183821 0.34429524058941652 0.24253686470910796 0.83118244365323335 0.45113366789883003 0.33455802535172452 0.34699841553810873 0.73489559243898839 0.71268398128449817 0.65554785198764776 0.68774150731041928 0.33005355647765 34.517669781198499 0.80829767609247116 0.44651606911793251 1.0061650752904814 0.55509544257074495 0.77842919179238412 0.87881917570484824 0.5266175221186139 1.8221879458869774 1.3987189604667976 1.3051874149823559 0.54706633090972623 0.20386115193832677 1.3205690132454027 0.71269782818853844 0.47486660873982955 0.64281011489219952 0.51599531015381206
leaf_count=47 3 105 8 16 48 36 9 71 10 38 17 38 1931 136 46 60 34 28 30 58 118 75 43 3 6 34 72 33 22 25
internal_value=-0.000145498 0.0278675 -0.00039178 -0.0157958 0.018652 5.18407e-05 -0.000270805 0.0241728 -0.000783992 -0.000264328 -0.000940263 -0.000504468 -0.000850479 -0.0211373 -0.000215137 -0.000632869 -0.00847434 0.00150558 -0.00406947 -0.000633415 -0.00395295 -0.0126204 0.000987412 0.0170821 0.00132459 0.0289573 -0.0332698 -0.000141092 0.0224659 -0.0230898
internal_weight=54.9519 0.478911 54.473 1.52485 0.693671 52.9482 52.6136 1.08189 51.5317 50.819 50.1635 49.4757 49.1457 1.4924 47.6533 47.2068 10.1152 37.0915 9.10906 8.55396 8.02734 5.6849 3.86271 2.34244 1.79538 2.099 0.916559 34.9925 2.04153 1.82118
internal_count=3200 108 3092 72 56 3020 2984 80 2904 2894 2856 2839 2801 183 2618 2572 546 2026 486 452 394 283 165 111 108 62 78 1964 97 68
is_linear=0
shrinkage=0.05


Tree=182
num_leaves=31
num_cat=0
split_feature=1 10 2 4 4 3 11 1 3 3 11 3 1 0 0 1 4 3 3 4 11 5 2 5 1 10 0 0 2 4
split_gain=0.180876 0.144418 0.284104 0.13754 0.226151 0.200761 0.389792 0.525325 0.236727 0.592048 0.60891 0.522261 0.844428 0.689603 0.863321 0.777289 0.688144 0.413679 0.974146 0.737205 0.662078 0.436708 1.03352 0.721493 0.632007 0.401307 0.923205 0.991592 1.19622 0.716233
threshold=-0.68499479762380366 2.0842712252892728 -0.038294417668392491 -0.62050816202769388 -0.61701940545681822 -0.5673752561669626 -0.38502760118215218 -0.29543068525098165 -0.47497121617871546 -0.43295134401924623 -1.2993788618744622 -0.50033097130084458 -0.5435585705320255 -0.77737289144586874 -0.19969147626913489 -0.59161367624155514 -0.41309623706573156 -0.41690527970286867 -0.39577796915671082 -0.2856482198693906 -0.84220323152830712 -0.3625738381022901 -0.62025950798046459 -0.46821050434375083 -0.61872406178361861 0.028478266248665996 -0.83875985386597141 -0.67013406319362911 -0.32190075162862714 -0.054494291094055118
decision_type=2 2 2 2 2 2 2 2 2 2 2 2 2 2 2 2 2 2 2 2 2 2 2 2 2 2 2 2 2 2
left_child=-1 3 -3 -2 -5 6 -6 -8 11 10 -10 13 -13 -7 16 -16 -15 19 -19 20 -11 22 -20 24 -24 29 -27 -28 -29 -23
right_child=1 2 -4 4 5 8 7 -9 9 17 -12 12 -14 14 15 -17 -18 18 21 -21 -22 25 23 -25 -26 26 27 28 -30 -31
leaf_value=-0.050242096481959514 -0.028489774389573147 -0.04693111848387814 0.050615903210757845 0.028311813005932215 -0.052713153857332107 -0.05076888975198799 -0.050417027614990256 0.04332493031556009 0.010265458083761017 0.028983364867907993 -0.044898812705241764 -0.025096762663848422 0.033319037291857548 0.032350485342691034 0.031995103464742554 -0.04258699671293021 -0.018368061940378721 -0.047029659060252971 0.025288430952190549 0.044540630957630493 -0.046650857416888222 0.013752122934371603 0.050586575852598875 -0.048987853579404182 -0.039935560753208275 -0.050620145405064924 0.033587396521172964 -0.035719257075812 0.0021779824325283336 -0.0092024764713740624
leaf_weight=0.17953771958127518 0.42635641357628529 0.096066783647984266 0.33471117867156763 0.69722585566341777 0.52604707388672978 0.65034443349577475 0.24941548891365528 0.37288890744093695 0.75099641713313792 0.56458457815460861 1.4981670536217198 0.77554953005164895 3.057866290328084 2.4921207150910054 0.4677546075545248 1.3800050792051479 0.9140876680612563 1.1357878930866636 1.0789697684813293 1.3560321272816427 0.59350858966354303 12.000721449498089 0.41139789181761444 1.9263513858313519 0.36291773477569256 0.99052442522951167 1.8381154595408453 2.6304372457670846 9.9916799840284849 4.7406617316883475
leaf_count=65 64 11 60 12 68 73 53 22 34 14 148 43 77 49 18 68 34 125 38 22 39 504 11 204 34 109 58 228 529 386
internal_value=-0.000138805 2.68222e-05 0.0288622 -0.000203718 2.18946e-05 -0.00035198 -0.0210293 0.00575377 0.000108114 -0.00152496 -0.0264794 0.0071301 0.0215008 -0.00220015 0.00381176 -0.0237068 0.0187397 -0.000108394 -0.00143823 0.0195195 -0.00977825 1.29408e-06 -0.0160768 -0.032603 0.00815932 0.001889 -0.00392204 -0.000723228 -0.00571977 0.00725206
internal_weight=54.4908 54.3113 0.430778 53.8805 53.4542 52.7569 1.14835 0.622304 51.6086 41.8709 2.24916 9.73773 3.83342 5.90431 5.25397 1.84776 3.40621 39.6217 37.1076 2.51413 1.15809 35.9718 3.77964 2.70067 0.774316 32.1921 15.4508 14.4602 12.6221 16.7414
internal_count=3200 3135 71 3064 3000 2988 143 75 2845 2483 182 362 120 242 169 86 83 2301 2226 75 53 2101 287 249 45 1814 924 815 757 890
is_linear=0
shrinkage=0.05


Tree=183
num_leaves=31
num_cat=0
split_feature=7 0 1 3 1 1 9 8 8 3 3 2 8 1 3 8 9 7 7 3 7 0 8 0 5 3 1 3 2 10
split_gain=0.150407 0.729419 0.727538 0.474322 0.423316 0.707294 0.355906 0.785327 0.726915 0.349032 0.576125 0.80008 0.55333 0.87419 0.745889 0.333938 0.768614 0.284361 0.24458 0.238379 0.723574 0.834921 0.929618 0.742661 0.644373 0.577829 0.542263 0.432041 0.915951 0.764886
threshold=-0.7582426102791241 -0.98753960173662036 -0.19004845802386253 0.020171247756765476 -0.20870473754150617 -0.30159663339220039 -1.0417899804808421 -0.90956479039176863 -0.99270166716927222 -0.14443430969965756 -0.3398415475563642 -0.30388076527341862 -0.32473839999149695 -0.54841222683799962 -0.48381697949935337 -0.11841017158873383 -0.69584036864675192 -0.94682666774756219 -0.75277179100025904 -0.49362470313530632 0.74021918961436672 -0.6579082292988222 -0.92730481356890881 -0.77737289144586874 -0.60710728456739205 -0.47497121617871546 -0.52299735883038256 -0.38912192078864066 -0.4513786100469766 -1.5867750727284713
decision_type=2 2 2 2 2 2 2 2 2 2 2 2 2 2 2 2 2 2 2 2 2 2 2 2 2 2 2 2 2 2
left_child=1 -1 3 4 5 6 8 -8 -3 10 12 -12 13 -9 -15 -14 -17 -18 -2 20 21 23 -23 24 -20 26 -21 28 29 -27
right_child=18 2 -4 -5 -6 -7 7 9 -10 -11 11 -13 15 14 -16 16 17 -19 19 25 -22 22 -24 -25 -26 27 -28 -29 -30 -31
leaf_value=-0.050868845455119299 0.037169033262288376 0.057247950236751027 -0.051092389031347531 -0.050671142951236564 0.054661117112587587 -0.051392157104897154 -0.051004218645911495 -0.051071818758178601 -0.050943231656043565 0.040692507547582565 -0.050819039361826635 0.022622182914743209 0.049350856634247778 0.038032519828996712 -0.021323766755160099 0.053547797205001517 0.01351543569709595 -0.051172136898746327 0.053764876010101027 -0.015303509623663919 0.035010534932258745 0.040204657332594783 -0.044160367716240045 0.035843491572266642 -0.050655139535219829 0.032499986714367372 0.040513585148952314 0.0028356330716101195 0.0099422999619448414 -0.050868800878898661
leaf_weight=0.80961682827910308 0.46973200305364926 0.20265034772455692 0.70197498489869659 0.41972886258736331 0.38982382696121831 0.59338077693246383 0.52904631610726305 0.64264178351731249 0.66379360793507203 0.92995761847124558 0.8625780867296271 0.65052390424534656 1.3548878532601523 1.3703353598248145 0.86234258837067335 0.63940814783563837 0.30449780635535717 0.38430979807162635 0.19211122975684691 0.58049321023281697 0.81170895125251252 0.37558404507581133 2.4999327036784957 1.1186593379825351 0.63973591852118261 0.32646875025238831 1.7375884022330854 29.166992011916598 1.9535863904165953 1.749365894822404
leaf_count=129 13 2 80 62 6 46 53 57 75 31 103 19 25 25 36 16 10 31 5 33 40 13 170 30 97 15 39 1669 88 182
internal_value=-0.000141922 -0.00499683 -0.00176791 0.0014381 0.00354517 0.00155062 0.00489375 0.00799492 -0.0256387 0.0118959 0.00810888 -0.0192447 0.015555 0.000315801 0.0151069 0.0318859 0.0140703 -0.022576 0.00129413 0.000884635 -0.00866657 -0.0160128 -0.0331411 0.00923841 -0.0265398 0.00240084 0.0265359 0.000715502 -0.0146311 -0.0377573
internal_weight=53.9335 12.3115 11.5019 10.7999 10.3802 9.99035 9.39697 8.53053 0.866444 8.00148 7.07153 1.5131 5.55842 2.87532 2.23268 2.6831 1.32822 0.688808 41.622 41.1522 5.63773 4.82602 2.87552 1.95051 0.831847 35.5145 2.31808 33.1964 4.02942 2.07583
internal_count=3200 806 677 597 535 529 483 406 77 353 322 122 200 118 61 82 57 41 2394 2381 355 315 183 132 102 2026 72 1954 285 197
is_linear=0
shrinkage=0.05


Tree=184
num_leaves=31
num_cat=0
split_feature=7 9 7 0 1 1 2 0 9 11 0 9 0 0 9 2 7 10 9 7 2 4 11 9 10 2 7 3 5 5
split_gain=0.140555 0.236525 0.143631 0.419323 0.684748 0.265121 0.571173 0.670743 0.331311 0.469654 0.31765 0.329566 0.480262 0.563829 0.575529 0.43531 0.76932 0.464415 0.402375 0.517815 0.995915 0.8791 1.12567 0.830001 0.425786 0.423264 0.398147 0.829633 0.674218 0.766075
threshold=2.3040973512739593 -0.50909210862769505 2.1027043013255291 0.88291895521107089 1.8875683113088333 1.666174963909911 1.6891274532491829 1.2067818746389163 0.53907452001622902 0.98649928985631286 2.1432782136874171 0.57944151231838004 -0.67474622421048835 -0.5519096122240178 1.0790905435014657 1.6418887094453607 0.74021918961436672 0.64311850389521974 0.031421552908504229 0.19938435212961628 -0.50253625459106532 -0.3583857906035775 0.98649928985631286 0.29461558979727226 -0.52924818490925685 -0.40145373683643321 0.030953870518233333 0.39195460249356923 -0.46821050434375083 -0.47683886479455978
decision_type=2 2 2 2 2 2 2 2 2 2 2 2 2 2 2 2 2 2 2 2 2 2 2 2 2 2 2 2 2 2
left_child=2 -2 5 -4 -5 10 7 -7 -9 -10 11 18 -13 -14 -15 16 -16 -17 26 20 21 -20 -23 -22 -25 -21 -1 28 29 -28
right_child=1 -3 3 4 -6 6 -8 8 9 -11 -12 12 13 14 15 17 -18 -19 19 25 23 22 -24 24 -26 -27 27 -29 -30 -31
leaf_value=0.00039551684824053342 -0.02866852888711699 0.050341748105971897 -0.051288366949919999 0.050962883554971077 -0.034193381456695336 0.051337517815681993 0.05095462708843658 -0.044418583376438017 0.050848916279354776 -0.028007310223138984 0.047291681411119238 -0.050744875664039048 0.029941013118332763 -0.030834909233030106 -0.012719745377450043 -0.030465364658990825 0.051671620629636032 0.012073447379178807 0.034634369432566224 -0.0018540416820256847 -0.051861216527582632 -0.041705567940765673 0.038188321882860227 0.029942899123328037 -0.025157412296270429 0.048933062868065334 -0.040980554047994978 0.027145493825051777 -0.038578315340467871 0.055667938215148739
leaf_weight=26.043470806995177 0.13350877445191145 0.32604071442619798 0.53176323045045026 0.42918027832638472 0.52464876358862966 0.48044549569021855 0.79373647616012011 0.61980913596926235 0.32173559925286099 0.45705198321957141 0.3412054879590859 0.66673097060993303 0.93350698542781163 2.4728806841885653 0.98114161554258295 1.6312322372104975 0.87983373994939029 1.0576084284111855 2.9067374952137466 0.59595376264769573 1.184327210125047 1.0963171441690058 0.73744897125288833 0.77080688701244071 0.64315483765676595 1.3165205661207435 0.36810975559637882 0.89947115862742055 2.7341672357870257 0.46281097433529828
leaf_count=1566 3 105 10 41 21 41 89 20 35 27 64 79 27 121 64 37 51 53 88 31 68 100 16 22 41 41 44 30 258 7
internal_value=-0.000145012 0.0273876 -0.000384274 -0.0157113 0.00412312 5.87477e-05 0.0153913 0.000368776 -0.01714 0.00457006 -0.000782336 -0.00112137 -0.00998252 -0.00656663 -0.0114195 -0.000866967 0.0177233 -0.0137335 0.000800426 0.00993467 0.00389599 0.0175324 -0.00957624 -0.0209833 0.00487996 0.0331071 -0.00196945 -0.0157652 -0.0265915 0.0128513
internal_weight=53.3414 0.459549 52.8818 1.48559 0.953829 51.3962 2.67278 1.87904 1.3986 0.778788 48.7234 48.3822 8.62293 7.9562 7.0227 4.54982 1.86098 2.68884 39.7593 9.25127 7.33879 4.7405 1.83377 2.59829 1.41396 1.91247 30.508 4.46456 3.56509 0.830921
internal_count=3200 108 3092 72 62 3020 212 123 82 62 2808 2744 432 353 326 205 115 90 2312 407 335 204 116 131 63 72 1905 339 309 51
is_linear=0
shrinkage=0.05


Tree=185
num_leaves=31
num_cat=0
split_feature=7 0 1 7 3 9 1 1 9 8 2 1 3 10 9 8 7 9 7 9 9 6 6 10 8 0 10 8 1 6
split_gain=0.139647 0.693182 0.688961 0.448848 0.677319 0.556957 0.556129 0.724307 0.830561 0.485911 0.444376 0.683716 0.463931 0.667739 0.423761 0.421167 0.221464 0.225594 0.840764 0.412725 1.07196 1.04294 0.632806 0.827718 1.03325 0.655653 0.640095 0.566862 0.583513 0.583706
threshold=-0.7582426102791241 -0.98753960173662036 -0.19004845802386253 -0.86679013174991326 -0.3398415475563642 -0.76541830991751136 -0.48421267813725072 -0.5435585705320255 -0.97664608574483147 -0.99270166716927222 -0.32190075162862714 -0.62054438135280299 -0.48381697949935337 -1.1159216586835219 -0.71083958261883573 0.330566487964228 -0.75277179100025904 -1.0486088130242492 -0.18410408226469854 -0.35760655612334546 -0.59886516246735966 -1.0495939166216084 -0.40851785189411932 -2.0818439501917854 -0.3905482533952343 -1.0441996313413673 -0.26372429439257555 1.6848471190316767 1.4626685491682803 2.2073014479314401
decision_type=2 2 2 2 2 2 2 2 2 2 2 2 2 2 2 2 2 2 2 2 2 2 2 2 2 2 2 2 2 2
left_child=1 -1 3 5 6 9 7 8 -5 -3 11 -7 -13 -14 -15 -11 -2 18 -18 20 -19 -22 23 -21 25 -25 -26 28 29 -24
right_child=16 2 -4 4 -6 10 -8 -9 -10 15 -12 12 13 14 -16 -17 17 19 -20 22 21 -23 27 24 26 -27 -28 -29 -30 -31
leaf_value=-0.050827616849828318 0.035481969389504452 0.04911468831422678 -0.051027829338496471 0.048230569717816689 -0.050797036935649735 -0.050757348581930151 -0.05105362644810886 0.049272654907672617 -0.051296544217163259 -0.050774282062209825 0.034135249299723967 0.030976686737104072 0.039158043226922366 0.031687352235020373 -0.039659532617036225 0.018341794630109407 0.019737136104327691 0.0011204991434331591 -0.050553694323074688 0.054448155391483545 0.037668450178867878 -0.044108020354359817 0.014558258160474492 0.036320307810278389 -0.038419818911418692 -0.051261016976502073 0.010021672118267558 -0.007227569704117049 0.050742223071038275 -0.019970756403704343
leaf_weight=0.76866520754992862 0.46703143580816586 0.21107906103134144 0.66647821152582665 0.32260938500985514 0.91420136037049893 0.48221663804724535 0.41598235187120769 0.76987745985388767 0.59849526878679171 0.87278236320707747 1.9546535033732668 1.7669354446697956 0.59199612890369935 0.26162892603315158 1.0175568113336413 0.29488228401169181 3.7546228172723204 8.6431500895414484 0.47978068108204652 0.47222819156013418 0.45353338902350548 2.7783977778162763 10.678811362129641 0.23958444432355497 0.85305405495455477 1.9774156212806699 3.3998086934734593 4.3513376309419973 0.97879023384302932 1.3824012301629416
leaf_count=129 13 3 80 11 115 65 34 12 55 116 33 35 15 8 83 12 154 481 81 9 20 226 493 13 75 192 193 251 130 63
internal_value=-0.000139019 -0.00490381 -0.00173544 0.00140085 -0.0148563 0.00799024 0.000738216 0.013479 -0.016438 -0.0206994 0.0145015 0.00518737 0.0126026 -0.00474785 -0.0250671 -0.0333197 0.00124815 0.000852817 0.0117728 -0.000424221 -0.00806572 -0.0326324 0.00330495 -0.00945724 -0.0141216 -0.0417964 0.000305109 0.00839922 0.0136137 0.0106007
internal_weight=52.82 11.91 11.1414 10.4749 3.02117 7.45373 2.10696 1.69098 0.921105 1.37874 6.07499 4.12033 3.63812 1.87118 1.27919 1.16766 40.9099 40.4429 4.2344 36.2085 11.8751 3.23193 24.3334 6.94209 6.46986 2.217 4.25286 17.3913 13.04 12.0612
internal_count=3200 806 677 597 227 370 112 78 66 131 239 206 141 106 91 128 2394 2381 235 2146 727 246 1419 482 473 205 268 937 686 556
is_linear=0
shrinkage=0.05


Tree=186
num_leaves=31
num_cat=0
split_feature=10 2 2 3 2 3 3 1 9 9 5 5 3 7 2 7 1 1 8 2 9 1 9 2 9 2 10 8 9 9
split_gain=0.146092 0.253773 0.132755 0.18539 0.14503 0.141712 0.515145 1.08816 0.802965 0.763599 0.565964 0.893887 0.798537 0.529523 0.583939 0.777538 0.903538 0.729959 0.621174 0.494656 0.682518 0.665546 0.577057 0.490049 0.469216 0.442057 0.563226 0.877801 0.732955 1.18594
threshold=2.0842712252892728 -0.038294417668392491 3.005692153639917 2.0664172030942498 2.8214319521275733 -0.16485053153286366 -0.26513437044509197 -0.66930197890938004 0.49532658395159151 0.9652176858437056 -0.14960298767096739 -0.18733055182254107 -0.26763235822301684 1.3838853872389729 -0.37457931010610374 -0.098905575886151106 -0.57191644442851663 -0.64448539392447113 -0.6345239612728929 -0.31065878629843879 -0.12920265155837093 0.56554074109709163 -0.73725475595626 -0.43141555683671956 -0.59886516246735966 -0.40825893828502691 -0.21179715288573966 0.44619769500960715 -0.011572574667395821 -1.0972518430228704
decision_type=2 2 2 2 2 2 2 2 2 2 2 2 2 2 2 2 2 2 2 2 2 2 2 2 2 2 2 2 2 2
left_child=2 -2 4 -4 5 6 10 -8 -9 -10 11 12 13 14 15 17 18 -1 -17 -16 22 -22 -21 -13 -24 26 27 28 29 -19
right_child=1 -3 3 -5 -6 -7 7 8 9 -11 -12 23 -14 -15 19 16 -18 25 -20 20 21 -23 24 -25 -26 -27 -28 -29 -30 -31
leaf_value=-0.050425847838770868 -0.04647694165106929 0.050606401111485927 0.05044957111765306 -0.0159335358522333 -0.020562378129843583 0.0033060650574687511 0.03335544177517432 -0.044171657296952993 0.047849352571141403 -0.044577625822595862 -0.045768969173491679 -0.0041389423156606179 0.068793498449614368 0.045587884454186552 -0.051246039193350627 0.032473588442998157 -0.051128546781964657 0.019355389550884339 -0.050566921372055901 -0.030277800441706394 -0.052800793156021653 0.018832610415451138 0.04866392367524338 0.043932545750864881 -0.0039660281252644853 0.031593849199524494 0.012641797763347742 0.04141456040134954 0.0080282524355368423 -0.047288050334021038
leaf_weight=0.58648334676401148 0.085550521966069937 0.31574610757524979 0.29135073273209755 0.1645902693271637 0.89521298592444409 17.954322664620122 0.83192179090110574 2.643412858422383 0.54535572277382005 0.3785974329803139 0.65233659651130338 0.75467916717752848 0.39732968574389715 0.5557850768964262 0.95091591391246755 0.79029912434634753 1.4583101404714387 0.91746086016065653 0.31495012872619577 0.76918089279206459 1.3197596092941264 0.42987128731328983 0.83411192381754518 1.7819975374732191 0.86026761890389047 1.5659215418854575 7.7508156413678089 0.80349680734798301 2.1889332513092086 2.4507821099250582
leaf_count=137 12 60 51 6 22 1098 28 286 18 30 68 40 6 44 78 38 138 42 49 61 65 28 11 30 36 48 318 23 94 235
internal_value=-0.00014249 0.0299097 -0.000375133 0.0264859 -0.000613484 -0.000259761 -0.00222767 -0.0181386 -0.0301472 0.00997664 0.000260332 0.00135295 -0.0015227 -0.00266086 -0.00377858 0.000306744 -0.0252865 0.00434082 0.00881049 -0.018673 -0.0113212 -0.035201 0.00563827 0.0296309 0.0219427 0.00638961 0.00359276 -0.00743398 -0.0144969 -0.0291353
internal_weight=52.2397 0.401297 51.8385 0.455941 51.3825 50.4873 32.533 4.39929 3.56737 0.923953 28.1337 27.4814 24.9447 24.5473 23.9916 18.8275 2.56356 16.2639 1.10525 5.16411 4.21319 1.74963 2.46356 2.53668 1.69438 15.6774 14.1115 6.36067 5.55718 3.36824
internal_count=3200 72 3128 57 3071 3049 1951 362 334 48 1589 1521 1451 1445 1401 1122 225 897 87 279 201 93 108 70 47 760 712 394 371 277
is_linear=0
shrinkage=0.05


Tree=187
num_leaves=31
num_cat=0
split_feature=10 2 6 5 7 6 2 11 2 4 9 9 6 8 2 6 6 6 0 2 0 5 0 8 0 4 0 6 11 7
split_gain=0.138661 0.240892 0.128495 0.35806 0.381133 0.285235 0.503931 0.25057 0.532209 0.308166 0.60652 0.49841 0.532153 0.841924 0.428984 0.352138 0.647925 0.646152 0.362973 0.472086 0.449784 0.755035 0.55789 0.400325 0.401296 0.354736 0.648236 0.539707 0.534856 0.534678
threshold=2.0842712252892728 -0.038294417668392491 -1.1869673590632133 -0.29571449879646855 -0.45643410923787892 -1.0610417034917423 -0.29780832664808204 1.4436749202024679 1.9145585702752566 1.0800313386245708 2.2417173007326912 2.2417173007326912 1.9840696039638324 0.13788299578839844 0.97752512498495203 1.1884484164895375 2.8655491929641301 0.6217829664179173 2.1432782136874171 0.39417534796347414 0.4359493256153853 0.22119224682757102 0.36497072049860563 0.91795931872602143 0.26483202885300999 0.032540542191864204 -0.54441139285864371 -0.1452187538810433 0.98649928985631286 -0.72661373152985054
decision_type=2 2 2 2 2 2 2 2 2 2 2 2 2 2 2 2 2 2 2 2 2 2 2 2 2 2 2 2 2 2
left_child=2 -2 3 4 -1 6 -4 9 -9 10 15 12 13 -11 -14 17 -17 18 19 20 22 -22 23 24 25 -7 -27 -28 29 -29
right_child=1 -3 5 -5 -6 7 -8 8 -10 11 -12 -13 14 -15 -16 16 -18 -19 -20 -21 21 -23 -24 -25 -26 26 27 28 -30 -31
leaf_value=0.010973368560062896 -0.04608374852117475 0.050576941051075512 -0.050532976107563493 0.026252136998725029 -0.047031879684027403 0.0019078440736673603 0.0041517718738318865 0.051181713207267748 -0.008287471368034002 -0.034253364394376339 0.051048655355599375 -0.045750089692647725 -0.057811632261674295 0.05158817357157424 0.001148112997266324 0.050821687173247011 -0.013335448545134951 -0.038185908606667644 -0.0454493624166174 0.027606940691979893 -0.039396518455796989 0.042039765772768412 0.033013522209158978 -0.05110551711751439 -0.050940493399053099 -0.050795650196410858 -0.050588008180991677 0.030898911416094223 0.061979852327144806 -0.050908593242316669
leaf_weight=0.78325084480457008 0.082055274047888815 0.30051752500003104 0.78314653554116376 1.5314883596147399 0.44356937636621319 30.093344674358377 0.91176482674199977 0.71303453715518006 0.79644261026987806 0.45235281088389434 0.58006639406084914 0.96606484171934415 0.58093989221379139 0.77504131244495511 0.65787897928385064 0.89410169760230818 0.70289926487021148 1.1566084740916256 0.4392565040034232 1.5157304761232797 1.5577755712438364 0.34825407789321605 1.2657604143605556 0.39091247774194826 0.38525355805177142 0.92971878312528167 0.37981707122526143 0.43466156302019954 0.43794939480721951 0.36953672952949868
leaf_count=39 12 60 139 67 32 1601 31 88 44 12 58 20 9 50 35 120 29 80 34 89 173 15 36 31 41 127 70 19 4 35
internal_value=-0.000145118 0.0298449 -0.000368872 0.0101286 -0.00999902 -0.000965663 -0.0211157 -0.000236272 0.0198041 -0.000903848 0.000276543 -0.0153073 -0.00338227 0.0199515 -0.0265009 -0.000436534 0.0225838 -0.00136246 -0.000257593 0.000263306 -0.000869304 -0.0245171 0.000430132 -0.000803898 -0.00020858 0.000390123 -0.0175092 0.00157083 0.0175197 -0.00669241
internal_weight=51.6592 0.382573 51.2766 2.75831 1.22682 48.5183 1.69491 46.8234 1.50948 45.3139 41.8816 3.43228 2.46621 1.22739 1.23882 41.3016 1.597 39.7046 38.548 38.1087 36.593 1.90603 34.687 33.4212 33.0303 32.645 2.55168 1.62196 1.24215 0.804198
internal_count=3200 72 3128 138 71 2990 170 2820 132 2688 2562 126 106 62 44 2504 149 2355 2275 2241 2152 188 1964 1928 1897 1856 255 128 58 54
is_linear=0
shrinkage=0.05


Tree=188
num_leaves=31
num_cat=0
split_feature=7 3 5 1 8 1 5 3 3 3 2 0 5 1 2 6 4 4 7 3 1 3 2 5 7 3 0 0 4 2
split_gain=0.132242 0.394863 0.792223 0.549052 0.813756 0.488539 0.43501 0.430576 0.755393 0.837725 0.572292 0.569565 0.62606 0.775838 0.677766 0.514863 0.501451 0.815801 0.478624 0.813276 0.496861 0.713527 0.41277 0.419744 0.392195 0.711213 0.634236 0.878941 0.587078 0.611049
threshold=-0.50744246826949346 0.11220507653487838 0.22119224682757102 -0.18355496182223469 0.44619769500960715 -0.20870473754150617 -0.58021129192019882 -0.50033097130084458 -0.48676529919091976 -0.44379946926525038 -0.6381226920533446 -0.8205578905062928 -0.26118370153134735 -0.67262361147931304 -0.28745189650929653 -0.95801162166053866 -0.2621149422608946 -0.48930158921575306 -0.7088178460563298 -0.15918332818552375 -0.51992262921161736 -0.384636150706053 -0.43141555683671956 -0.15778320107152846 -0.41808140680750433 -0.54379028606451019 -0.79791685066319606 -0.74657034756074236 -0.61026752394455841 -0.24313270829991371
decision_type=2 2 2 2 2 2 2 2 2 2 2 2 2 2 2 2 2 2 2 2 2 2 2 2 2 2 2 2 2 2
left_child=1 2 3 5 -5 6 -1 10 -9 -10 -8 16 14 -14 15 -13 17 -11 20 -20 -17 -22 -15 -24 25 -2 -26 -28 -29 -30
right_child=24 -3 -4 4 -6 -7 7 8 9 11 -12 12 13 22 -16 18 -18 -19 19 -21 21 -23 23 -25 26 -27 27 28 29 -31
leaf_value=0.031649001574708312 -0.054326172497976312 -0.04392040413865126 0.042653087064941038 -0.050897119644236016 0.055979065291584446 0.043251121144131731 0.038074970304674674 0.034236617630357132 -0.050905586430088329 0.021163830709962236 -0.036274008534492828 -0.050971765567596521 0.044533046820365463 -0.050931068321530854 -0.051564576320543121 0.037300230592269043 0.02713890907868435 -0.051322112229625606 -0.051401462244315632 0.034459627533066722 0.027100382949697733 -0.050840071492617968 0.0079961307958942435 -0.050860022684140707 -0.022881036497215183 0.022020436169591817 0.038420241132981862 0.046739566856531758 -0.012486668261114215 0.005200599473911857
leaf_weight=0.84713468572591821 0.33078554231906299 0.57739062869222735 0.94803010229952533 1.167099045705984 0.21017728652805079 0.58117799437604745 0.30068117508199099 1.3091820754343775 0.94636926951353828 0.94306656811386325 1.8593691682326738 0.35006728948793497 0.34563565440475974 1.6862717996118595 0.54398940503597248 1.9951232685416573 2.506232757819828 0.65969459421467036 0.66623991739470512 0.47060351865365058 0.75990035897120833 0.47858424636069685 0.82968244096264243 0.47713988227763293 2.7773484675563003 3.9196597140980911 1.5786118592368499 0.64424621046056074 8.033167641027843 12.452577042480671
leaf_count=33 19 96 27 144 7 15 6 27 95 41 158 45 13 177 33 74 116 75 50 7 22 48 28 39 276 149 40 26 557 757
internal_value=-0.000140683 -0.00313213 -0.00200429 -0.00412819 -0.0345874 -0.00186744 -0.00332624 -0.0050561 -0.00204451 -0.00552207 -0.0259246 -0.00214347 -0.00945768 -0.0263946 0.00128367 0.00737386 0.0131707 -0.0086713 0.0120473 -0.0158587 0.0218582 -0.00301794 -0.0345852 -0.0134931 0.00201805 0.0160789 -0.000326957 0.00243149 -0.00025721 -0.00173519
internal_weight=51.1952 21.4588 20.8815 19.9334 1.37728 18.5561 17.975 17.1278 14.9678 13.6586 2.16005 12.7122 8.60324 3.33873 5.26451 4.72052 4.10899 1.60276 4.37045 1.13684 3.23361 1.23848 2.99309 1.30682 29.7364 4.25045 25.486 22.7086 21.13 20.4857
internal_count=3200 1376 1280 1253 151 1102 1087 1054 890 863 164 768 536 257 279 246 232 116 201 57 144 70 244 67 1824 168 1656 1380 1340 1314
is_linear=0
shrinkage=0.05


Tree=189
num_leaves=31
num_cat=0
split_feature=8 0 0 8 2 0 2 8 0 8 8 1 1 8 8 7 1 0 1 1 0 1 0 7 7 8 6 2 0 8
split_gain=0.128342 0.497999 0.659899 0.294317 0.19229 0.996822 0.544416 0.490322 0.515198 0.485307 0.568963 0.470479 0.585028 0.740988 0.518598 1.52466 0.437304 0.363171 0.360427 0.715033 0.678141 0.777866 0.654922 1.0998 0.508195 0.858312 0.505498 0.631282 1.11977 0.739064
threshold=-0.94934480707556113 -0.56840673503357109 -0.83875985386597141 -0.93797193775816734 -0.43141555683671956 0.40475501321943291 -0.44909933174326844 -0.89020044576809931 -1.0372776958105721 -0.8149864838064137 -0.7094142729049101 -0.64265954965323702 -0.57051890622880752 -0.61627028200523648 -0.57220428632768028 -0.23883834249510347 -0.34078759657712226 0.36497072049860563 -0.54841222683799962 -0.54060072574269447 -0.79791685066319606 -0.58089439173257762 -0.34453983741386446 -0.94316671086567228 -0.68346780411677344 0.78319830396187984 -0.40851785189411932 -0.58240805072356128 -0.38947785330471313 -0.89884376613022876
decision_type=2 2 2 2 2 2 2 2 2 2 2 2 2 2 2 2 2 2 2 2 2 2 2 2 2 2 2 2 2 2
left_child=1 2 -1 -2 5 6 17 16 -9 -10 -11 -12 -13 -14 -15 -16 -6 18 20 -20 -5 22 24 -24 25 -22 27 28 29 -21
right_child=3 -3 -4 4 7 -7 -8 8 9 10 11 12 13 14 15 -17 -18 -19 19 26 21 -23 23 -25 -26 -27 -28 -29 -30 -31
leaf_value=-0.050839923545811107 0.032432923210768537 -0.050919793784945093 0.031695520422955863 -0.039955161094648348 0.0052108344026560761 -0.050649803447484043 -0.050879029375108645 -0.050981211211847788 -0.034912409301330188 0.025157068672670143 -0.050929299546042001 0.024037854547496473 -0.051884116477789025 0.045189965368167273 -0.047359754310674511 0.004539470158905822 0.057168352341626018 0.037958529944750248 0.043369476259772742 0.040916695406725795 -0.050923762304561339 -0.050874898100286031 0.044910597704488443 -0.051013091600518902 0.026650315382548018 0.047233703599435461 0.0072746424782518379 -0.03310464422649155 0.037428231119851933 -0.051117208485467129
leaf_weight=0.35247117653489113 0.70355793135240574 0.58733667636988585 0.77395463199354686 1.5044503952958619 0.86415793624473736 1.0612827280419868 0.53671478573233145 0.46461913501844065 0.84504990413553116 2.6989051651908182 0.43323481309927458 2.5356212831102463 0.70717527630041921 0.62218066398055683 1.6006184960715604 12.210014910466187 0.76213679113425559 0.61531702091451634 1.0462359534576595 0.28376277443021536 0.6176488582859746 0.72440137516242131 0.41721738618798543 1.05293978980626 2.7384433728293516 0.34829664463177323 9.1662089917808647 2.1158348696189995 1.2484519391437059 0.94318683253368385
leaf_count=51 26 85 33 219 34 155 56 56 61 81 57 70 51 11 122 779 12 16 20 8 73 75 12 130 103 6 449 217 37 95
internal_value=-0.000144195 -0.0135934 0.00586926 0.000327459 -0.000141522 -0.00325671 -0.00110348 0.00306245 0.00111409 0.00223193 0.00374045 0.000548561 0.0018103 -0.00191234 0.000536169 -0.00147552 0.0295599 6.70899e-05 -0.000982812 0.00352186 -0.00999027 -0.00234811 0.00444531 -0.0237908 0.0156514 -0.0155305 0.000491504 -0.0130507 0.00409021 -0.0298321
internal_weight=50.5814 1.71376 1.12643 48.8677 48.1641 24.4204 23.3591 23.7437 22.1174 21.6528 20.8078 18.1088 17.6756 15.14 14.4328 13.8106 1.62629 22.8224 22.2071 14.8037 7.4034 5.89895 5.17455 1.47016 3.70439 0.965946 13.7574 4.59124 2.4754 1.22695
internal_count=3200 169 84 3031 3005 1671 1516 1334 1288 1232 1171 1090 1033 963 912 901 46 1460 1444 826 618 399 324 142 182 79 806 357 140 103
is_linear=0
shrinkage=0.05


Tree=190
num_leaves=31
num_cat=0
split_feature=10 2 2 3 2 6 6 0 9 6 1 6 7 9 10 6 3 12 9 0 8 10 0 11 10 10 7 8 8 10
split_gain=0.131434 0.225056 0.126296 0.162493 0.135476 0.150347 0.531042 0.520742 0.540869 0.458529 0.848082 0.602929 0.500904 0.470012 0.642184 0.728109 0.600391 0.567418 0.964497 0.574221 0.862861 0.46908 0.622925 1.6098 0.674933 0.46833 0.505414 0.451874 0.574118 0.433471
threshold=2.0842712252892728 -0.038294417668392491 3.005692153639917 2.0664172030942498 2.8214319521275733 0.083736983521631461 0.15242370474243391 1.869841407555904 2.8702882791712816 -0.11087539327064211 -0.29543068525098165 -0.030740885179705944 0.67237047638421177 -0.62618322737723475 -0.96827329876349266 -0.95801162166053866 -0.47984334681358626 -0.74002698477181994 -0.29331643695406112 -0.66359182837190367 -0.3098437692347254 0.857840057032762 0.25200498170566077 0.98649928985631286 -0.92972612319219528 1.0726322879171062 0.61349777342636969 -0.58092304597733169 -0.30517792246311803 -0.51934678352350616
decision_type=2 2 2 2 2 2 2 2 2 2 2 2 2 2 2 2 2 2 2 2 2 2 2 2 2 2 2 2 2 2
left_child=2 -2 4 -4 5 9 -7 -8 -9 13 12 -12 -11 14 15 -1 -16 19 -19 27 -21 22 24 -24 -20 -23 -27 -15 -29 -18
right_child=1 -3 3 -5 -6 6 7 8 -10 10 11 -13 -14 17 16 -17 29 18 21 20 -22 25 23 -25 -26 26 -28 28 -30 -31
leaf_value=0.022199187263781967 -0.045631841266693569 0.050543591117837211 0.05041245501461266 -0.013595123342797813 -0.019991447387147938 0.022614728615853695 -0.0026175054637971322 0.050801754056357978 -0.031683681497844243 -0.050964344118571626 -0.034265189685290888 0.036328628542523403 0.033964529939646347 0.037472259541310789 -0.020176510310554136 -0.050967262097348011 0.036808308732817624 -0.04251285927862998 0.0032149565155461788 -0.040410811756890985 0.019279815284042726 0.045882584459158333 0.042098010650160764 -0.042443478591340206 -0.043279167644732656 -0.039467788514767725 0.030088886225393047 0.024097442467728474 -0.050820778877608247 0.01047724774555712
leaf_weight=0.55360580293927342 0.077441200672183186 0.28354426816804235 0.26825208199443196 0.15729603788349777 0.88479744864161958 2.9568886992638026 16.171810089901559 0.88644973526243009 0.25616767816245556 1.6721991810481998 0.47771202749572694 0.82448747614398843 0.19372708024457086 1.8137138517340647 1.1455504288023792 0.88136005075648316 2.2828132627764699 2.1662218799465327 1.2546949746320009 1.2212495534913617 1.2006713380105782 0.80487991592963215 1.3951380280195738 0.94414518692065019 2.0655594848794872 0.52498834126163252 0.51968670601490885 0.70509569719433784 0.4012410083087159 4.95704094372923
leaf_count=35 12 60 51 6 22 86 918 130 7 184 35 30 10 55 100 99 86 197 69 119 73 28 79 36 219 34 40 29 44 307
internal_value=-0.000149704 0.0299113 -0.000368542 0.0267532 -0.00060331 -0.000247974 0.00303169 -0.000312626 0.032309 -0.00262188 -0.0205355 0.0104313 -0.0421467 -0.000336936 0.00816858 -0.0227399 0.0134578 -0.00589902 -0.0131208 0.00718098 -0.0108191 -0.00464178 -0.0117858 0.00797669 -0.0257094 0.0172185 -0.00486595 0.0221104 -0.00307355 0.0187797
internal_weight=49.9484 0.360985 49.5874 0.425548 49.1619 48.2771 20.2713 17.3144 1.14262 28.0058 3.16813 1.3022 1.86593 24.8377 9.82037 1.43497 8.3854 15.0173 9.67531 5.34197 2.42192 7.50909 5.65954 2.33928 3.32025 1.84955 1.04468 2.92005 1.10634 7.23985
internal_count=3200 72 3128 57 3071 3049 1141 1055 137 1908 259 65 194 1649 627 134 493 1022 702 320 192 505 403 115 288 102 74 128 73 393
is_linear=0
shrinkage=0.05


Tree=191
num_leaves=31
num_cat=0
split_feature=10 2 4 2 1 3 11 9 3 3 6 8 9 11 1 8 0 7 3 9 7 0 2 3 4 9 2 11 8 6
split_gain=0.124692 0.2136 0.120299 0.438127 0.93678 0.278104 0.668182 0.640228 0.554805 0.384951 0.415569 0.504576 0.473062 0.574772 0.263239 0.410026 0.378371 0.332067 0.248462 0.460938 0.671354 0.277758 0.531456 0.302336 0.643062 0.526802 0.445198 0.427658 0.856293 0.353184
threshold=2.0842712252892728 -0.038294417668392491 1.7559896087907816 1.0278943626776968 1.1728401845120437 0.55848596876919809 0.98649928985631286 0.62095133690317839 1.573122256837953 0.52375838640263439 1.1312094821388687 2.1585523881427231 2.8702882791712816 -1.2993788618744622 0.64593486761137875 1.1060518512988564 2.2150226325931626 0.50730582923164325 0.081936206628921773 -1.0972518430228704 0.53561537741963861 0.54335610264837564 -0.33688123024890454 -0.16485053153286366 -0.0059298787235433628 -1.1117790966095757 -0.17749404422749451 -1.2993788618744622 -0.23486074323362519 0.11808034413203268
decision_type=2 2 2 2 2 2 2 2 2 2 2 2 2 2 2 2 2 2 2 2 2 2 2 2 2 2 2 2 2 2
left_child=2 -2 5 -4 -5 9 7 -7 -9 10 11 14 13 -12 15 18 17 -16 21 -20 -21 23 -23 24 -1 -25 27 -27 29 -29
right_child=1 -3 3 4 -6 6 -8 8 -10 -11 12 -13 -14 -15 16 -17 -18 -19 19 20 -22 22 -24 25 -26 26 -28 28 -30 -31
leaf_value=0.00032383601154618256 -0.045179257896189012 0.050517171781667258 -0.04129043555456071 -0.022352094890003588 0.051266567394911283 -0.03159809210374355 0.049997697059405731 0.05121848368934271 -0.016630203623919131 -0.042818675494488624 -0.040366556175286207 -0.042266264150264014 -0.042078760852136049 0.050872940891096265 -0.022040372212958261 -0.031305847033592724 -0.03721334544145545 0.050796999590371622 0.031060924478589637 -0.050730693543807465 0.025708692353233278 -0.050590758924845693 0.010328763073358336 -0.050654332546547214 -0.050613266361911963 -0.028074607992278969 0.045739588072012227 0.027822315750659295 -0.050603505203697968 -0.0057840391228514611
leaf_weight=27.215415526559802 0.074383947998285294 0.26985315216006611 0.81427178424200919 1.2838623836869372 0.65134454140206788 0.94108519819565106 0.93628287717001502 0.72661003639223032 0.51474430761300027 0.53821189858717744 0.20440163696184743 0.73536125320242618 0.22299532522447396 1.1098463461094059 0.19616988999768981 1.0975026392843563 0.21530726453056559 0.77340342261595652 0.37956705410033453 1.0951782691408869 0.38937550736591209 0.73617884912528098 0.69693377334624418 0.33205802796874184 0.63405448611592774 0.69698505755513895 0.94105680659414304 3.5305696329742196 0.46877340471837747 1.0041644392767919
leaf_count=1618 12 60 22 44 51 47 82 73 25 12 5 28 4 150 14 43 22 84 18 156 14 116 29 48 103 43 16 138 64 59
internal_value=-0.000148893 0.0298388 -0.000359212 -0.0105207 0.00242619 0.000243798 0.0146634 -0.000495288 0.0230841 -0.000796866 -0.000266895 -0.00122069 0.0252574 0.0366827 -0.000473623 -0.00117514 0.0227454 0.0360601 -0.000307658 -0.0181099 -0.0306818 0.00060765 -0.0209651 0.00149546 -0.000835859 0.0108057 0.0138785 0.00861879 0.0137302 0.0203806
internal_weight=49.4259 0.344237 49.0817 2.74948 1.93521 46.3322 3.11872 2.18244 1.24135 43.2135 42.6753 41.1381 1.53724 1.31425 40.4027 39.2178 1.18488 0.969573 38.1203 1.86412 1.48455 36.2562 1.43311 34.8231 27.8495 6.97361 6.64155 5.70049 5.00351 4.53473
internal_count=3200 72 3128 117 95 3011 227 145 98 2784 2772 2613 159 155 2585 2465 120 98 2422 188 170 2234 145 2089 1721 368 320 304 261 197
is_linear=0
shrinkage=0.05


Tree=192
num_leaves=31
num_cat=0
split_feature=4 4 3 1 10 3 5 5 5 3 5 3 3 0 3 7 1 3 0 3 3 11 4 5 2 3 1 2 6 2
split_gain=0.123244 0.197814 0.173937 0.338578 0.220539 0.20409 0.207318 0.38368 0.365842 0.400432 0.325887 0.324447 0.212387 0.8645 0.61281 0.638754 0.616162 0.437455 0.609431 0.362909 1.03942 0.581178 0.590447 0.394962 1.11516 0.460889 0.645578 0.809178 0.594235 0.434086
threshold=-0.62050816202769388 -0.61701940545681822 -0.5673752561669626 -0.29543068525098165 1.9502346260213264 -0.55862915082987807 -0.54006500472546171 -0.49280438539099541 -0.51602433894632216 -0.47984334681358626 -0.49097255210125434 -0.51362464035520328 -0.48676529919091976 -0.70778991346071596 -0.43295134401924623 0.47508523743431424 -0.10898319679356805 -0.50033097130084458 -0.19969147626913489 -0.41690527970286867 -0.38912192078864066 -0.84220323152830712 -0.23251925235962498 -0.3625738381022901 -0.62025950798046459 -0.33068769449154395 -0.53606057173133537 -0.31065878629843879 0.24400599970350381 -0.13049713171448926
decision_type=2 2 2 2 2 2 2 2 2 2 2 2 2 2 2 2 2 2 2 2 2 2 2 2 2 2 2 2 2 2
left_child=-1 -2 3 -3 5 -4 11 8 9 -8 -9 -7 13 -12 15 16 -14 18 -15 21 -21 -16 -23 24 -22 26 27 -25 -28 -26
right_child=1 2 4 -5 -6 6 7 10 -10 -11 12 -13 14 17 19 -17 -18 -19 -20 20 23 22 -24 25 29 -27 28 -29 -30 -31
leaf_value=-0.028723269064232539 0.028006318405022268 -0.050444778734425134 0.023003305045415756 0.0076602900937467744 0.033843874528839628 -0.013410747502170445 -0.045871033329989055 0.044156721698545925 -0.050239526737709574 0.018598667457520889 -0.050631589791007028 0.03007473251661872 -0.05094178727697507 0.026323735004911721 0.048575859304708702 0.041726149323169148 0.029965254724439595 0.040141959681075222 -0.026893174886060373 -0.047623718023492717 0.026258600296062307 -0.045779976323651196 0.02994614744275121 -0.051436519758572087 -0.050729593159456438 -0.000817093784507126 0.041070555548940506 0.035498282668909274 -0.01036901713212051 0.0091355290804675821
leaf_weight=0.3742977193905962 0.62586068361997504 0.49286132116685621 0.92915131512563576 0.51027864302159176 0.48078026477014546 0.64708851987961669 0.37709608732257038 0.40637113689444149 0.76332206040387163 0.66666134702973046 0.51710136706242327 1.2723387185251258 1.5695757216308266 1.3195126652717593 0.9489953180309384 0.28406876791268576 0.27682543196714626 1.4195014674914923 0.90830459282733489 1.1879000791814061 0.972505516954698 0.48535151663236309 0.54810979589819098 0.65113360155373812 1.5804961293470114 24.834520234930167 2.3563826545723674 0.45450727292336501 0.73705348331714038 0.37457278370856406
leaf_count=65 13 113 23 37 91 39 28 10 70 25 71 34 163 35 17 17 14 30 46 135 36 37 12 59 200 1645 61 9 39 26
internal_value=-0.000142177 7.79511e-05 -0.00028641 -0.0208878 0.000153582 -0.000194841 -0.000667951 -0.00137532 -0.0239324 -0.0046934 -0.000400905 0.0154147 -0.000837992 0.00987105 -0.00203484 -0.028073 -0.0388116 0.0184489 0.00462664 -0.000455814 -0.00169857 0.0203246 -0.00561763 8.3258e-06 -0.0174955 0.00177331 0.0170937 -0.0156993 0.0288144 -0.03926
internal_weight=48.9725 48.5982 47.9724 1.00314 46.9692 46.4884 45.5593 43.6399 1.80708 1.04376 41.8328 1.91943 41.4264 4.16442 37.262 2.13047 1.8464 3.64732 2.22782 35.1315 33.1491 1.98246 1.03346 31.9612 2.92757 29.0336 4.19908 1.10564 3.09344 1.95507
internal_count=3200 3135 3122 150 2972 2881 2858 2785 123 53 2662 73 2652 182 2470 194 177 111 81 2276 2210 66 49 2075 262 1813 168 68 100 226
is_linear=0
shrinkage=0.05


Tree=193
num_leaves=31
num_cat=0
split_feature=8 4 9 8 10 8 2 4 11 5 2 9 8 6 8 1 4 1 1 7 8 2 2 12 1 6 6 1 4 1
split_gain=0.123965 0.449008 0.502231 0.264167 0.227864 0.920229 0.185253 0.553864 1.30757 0.456682 0.453848 0.445654 0.410352 0.621605 0.409604 0.392009 0.377706 0.369742 0.409637 0.533763 1.47223 0.449985 0.427556 0.468345 0.359745 0.539004 0.372081 0.327412 0.292336 0.711485
threshold=-0.94934480707556113 -0.058196488134231041 -1.1416551648470044 -0.93797193775816734 -1.6737416076862408 -0.097377268281641602 -0.43141555683671956 -0.13990425593765118 0.98649928985631286 0.067263558097246531 -0.44909933174326844 -0.66706608926738176 -0.7094142729049101 0.26690157344377136 -0.61627028200523648 -0.56877160486173917 -0.51842105628428214 -0.64265954965323702 -0.57051890622880752 -0.11105226823389444 -0.57647288307432376 0.26103676950788751 0.81301158420182296 -0.74002698477181994 0.45805458259395293 -0.69471252364746272 0.3470360815347075 0.080838178188090429 -0.42687959624876742 -0.18355496182223469
decision_type=2 2 2 2 2 2 2 2 2 2 2 2 2 2 2 2 2 2 2 2 2 2 2 2 2 2 2 2 2 2
left_child=1 2 -1 -2 5 -5 7 10 9 -9 28 -11 13 16 15 -14 -8 -16 -19 20 -20 -22 24 -24 25 -21 -27 -25 -6 -30
right_child=3 -3 -4 4 6 -7 12 8 -10 11 -12 -13 14 -15 17 -17 -18 18 19 22 21 -23 23 27 -26 26 -28 -29 29 -31
leaf_value=0.033940388267863823 0.030996706285879319 0.021789739939197323 -0.050805617278398163 -0.050860521727045027 -0.004944916386653315 0.02813266786763435 -0.021245481018811688 -0.050685277046244294 0.023256487025648954 0.014189799579336585 -0.05095101853659334 -0.050865853644216356 0.010182031663970862 -0.027395071296213842 -0.050844010471674306 -0.051774036913440402 0.028591808445007416 0.023692791862115762 0.050922160515170914 0.043243025042960848 -0.051098037048566039 0.023600746672952325 0.050565018422157493 0.034024280272946003 0.050862254164310408 -0.045416448449974535 0.016580719988101632 -0.0055225896181705404 0.01122365180597317 -0.050746842823211125
leaf_weight=0.22112122294493008 0.69178998563438554 0.57685900502838094 0.83501639077439893 0.91649973165476695 7.5641907877579824 0.61681657517328747 0.42219358554575581 1.9838265137514093 1.3119971584528682 0.68839905285858549 0.4073860397329544 0.42625253373989813 0.40032203390728682 0.69454760430380691 0.32307883410249871 0.70481343648862693 3.8200955989887033 2.1140552596189179 0.54925754852592978 0.70282555790618062 1.6647469482850379 0.2293898039497434 0.42886576705496438 0.55955962790175462 0.78996215696679417 0.48192429437765161 0.4861363471718505 8.0926856439327803 9.3088494231633394 0.48741687281289969
leaf_count=12 26 38 119 106 509 23 26 292 65 44 38 56 19 44 50 53 117 59 8 15 153 16 70 34 111 33 23 470 511 60
internal_value=-0.000143668 -0.0136859 -0.0330625 0.000328177 -0.000131286 -0.0190834 0.000519652 -0.00272196 -0.0185812 -0.0362966 0.00121474 -0.0106881 0.00371997 0.0164532 0.000133535 -0.0293312 0.023632 0.00211634 0.00317913 7.82424e-05 -0.0211518 -0.0420516 0.00457257 -0.000436991 0.023059 0.0099142 -0.014283 -0.00296501 0.00243888 0.00814029
internal_weight=48.5009 1.633 1.05614 46.8679 46.1761 1.53332 44.6428 22.1783 4.41048 3.09848 17.7678 1.11465 22.4645 4.93684 17.5276 1.10514 4.24229 16.4225 16.0994 13.9854 2.44339 1.89414 11.542 9.08111 2.46085 1.67089 0.968061 8.65225 17.3605 9.79627
internal_count=3200 169 131 3031 3005 129 2876 1575 457 392 1118 100 1301 187 1114 72 143 1042 992 933 177 169 756 574 182 71 56 504 1080 571
is_linear=0
shrinkage=0.05


Tree=194
num_leaves=31
num_cat=0
split_feature=2 4 4 4 3 1 10 2 10 3 6 4 10 10 6 2 9 6 4 0 1 4 0 6 4 1 2 3 3 3
split_gain=0.119613 0.159947 0.111727 0.180666 0.158205 0.317026 0.188046 0.224397 0.21773 0.226601 0.525156 0.34196 0.287348 0.456032 0.293803 0.828096 0.635706 0.579214 0.332644 0.306702 0.410666 0.286232 0.564231 0.569395 0.287825 0.235808 0.223735 0.221165 0.325515 0.305533
threshold=3.005692153639917 2.9580797114381077 -0.62050816202769388 -0.61701940545681822 -0.5673752561669626 -0.29543068525098165 1.9502346260213264 0.070065466139794294 1.8147072367158077 2.5549216383180724 -1.0000000180025095e-35 1.7559896087907816 1.5242408017266686 1.4619991718941348 1.2743068180155406 2.8214319521275733 2.8702882791712816 0.98811214626219701 0.80531569173493622 2.0229533401720441 1.2799681179653957 0.099369598729839012 -0.40513010400760469 -0.1452187538810433 0.43109098834364906 -0.30159663339220039 0.93257453326227113 0.49840544605180831 0.11220507653487838 -0.16485053153286366
decision_type=2 2 2 2 2 2 2 2 2 2 2 2 2 2 2 2 2 2 2 2 2 2 2 2 2 2 2 2 2 2
left_child=2 -2 -1 -4 5 -5 8 -8 9 11 -11 12 13 14 17 16 -16 18 19 20 21 27 -23 24 -24 -25 -13 28 29 -6
right_child=1 -3 3 4 6 -7 7 -9 -10 10 -12 26 -14 -15 15 -17 -18 -19 -20 -21 -22 22 23 25 -26 -27 -28 -29 -30 -31
leaf_value=-0.028028472310525611 0.050372969858500573 -0.0157887121230894 0.026835200304226339 -0.050416278780533078 -0.00097087538158744649 0.0070097735819262003 -0.034538586316584824 0.050626072322927901 -0.036392633085585095 -0.020775756265355383 0.051423069668793932 -0.047820669747315254 0.033592055629620608 -0.041572011106369273 0.050927290819400187 -0.0403173944206702 -0.041780173829550307 -0.045168965592031873 0.032744572709661877 -0.03247812873381084 0.050612762973704886 -0.050677408948593822 -0.048174703824576719 -0.0086100856411361077 0.015031465659477761 0.04063698915968194 -0.0078629907731060517 0.03978427833791217 -0.027634884402615217 0.011480289534836262
leaf_weight=0.36246900403057125 0.25934914464596559 0.14101910300087184 0.61164412181824346 0.46248257602564991 26.233310446841621 0.50034485687501629 0.099021901609375074 0.35333876157528721 0.41664428822696109 0.41693077544914559 0.63617203850299009 0.60283349186647572 0.63398288865573604 0.65949927666224439 1.2651049926062103 0.44625327130779613 0.21656701283063728 0.71567328838864241 0.77081426000222464 0.73230002314085041 0.39958793442929064 0.81732072669547084 0.64809113007504504 0.37385427561821416 0.24943730677478015 0.69485944462939964 0.83637139532947913 0.36215280974283715 0.99734854401321982 6.066275790391976
leaf_count=64 55 5 13 113 1590 36 15 71 19 19 46 13 69 26 160 8 4 18 58 49 51 130 56 37 26 30 36 18 68 297
internal_value=-0.000145808 0.0270693 -0.000374809 -0.000162527 -0.000516833 -0.0205741 -9.37364e-05 0.0319835 -0.000414826 -8.00401e-05 0.022839 -0.000632082 0.000183732 -0.000324818 0.000338837 0.0193931 0.0373768 -0.000601618 0.000230182 -0.000436827 0.000200046 -0.000352721 -0.0157617 -0.00124812 -0.0306087 0.0234095 -0.0245999 0.000921585 0.000498896 0.00136761
internal_weight=47.9811 0.400368 47.5807 47.2182 46.6066 0.962827 45.6437 0.452361 45.1914 44.7747 1.0531 43.7216 42.2824 41.6485 40.989 1.92793 1.48167 39.061 38.3454 37.5745 36.8422 36.4427 2.78356 1.96624 0.897528 1.06871 1.4392 33.6591 33.2969 32.2996
internal_count=3200 60 3140 3076 3063 149 2914 86 2828 2809 65 2744 2695 2626 2600 172 164 2428 2410 2352 2303 2252 279 149 82 67 49 1973 1955 1887
is_linear=0
shrinkage=0.05


Tree=195
num_leaves=31
num_cat=0
split_feature=7 9 7 8 0 8 7 3 5 3 3 8 3 12 0 2 10 6 5 6 10 10 2 9 0 2 8 7 7 2
split_gain=0.115067 0.207344 0.118667 0.470321 0.407018 0.248947 0.582781 0.33302 0.81208 0.229102 0.288617 0.383755 0.305537 0.427903 0.350556 0.407074 0.284317 0.416866 0.370732 0.32385 0.265748 0.285029 0.336553 0.428555 0.256303 0.523839 0.368033 0.223163 0.212934 0.222752
threshold=2.3040973512739593 -0.50909210862769505 2.1027043013255291 2.3775163797786161 0.88291895521107089 2.3775163797786161 0.2901487973368892 4.9662738841152505 1.6806643856118415 1.1196828020726919 0.59136444341463046 -0.010742254270037643 0.41314335518397888 1.251635211418108 1.869841407555904 -1.0000000180025095e-35 1.4102292410043342 0.7934997694699234 -0.49737856696123289 0.6217829664179173 1.2838772422309073 1.1668540686626026 1.3287255244981955 1.3993072179390611 0.54335610264837564 -0.33688123024890454 0.91795931872602143 0.7679122299421447 0.80008907675030116 -0.038294417668392491
decision_type=2 2 2 2 2 2 2 2 2 2 2 2 2 2 2 2 2 2 2 2 2 2 2 2 2 2 2 2 2 2
left_child=2 -2 5 4 -4 7 -7 8 9 10 12 -12 13 16 15 -14 17 19 -18 20 21 22 23 24 26 -26 28 -15 29 -1
right_child=1 -3 3 -5 -6 6 -8 -9 -10 -11 11 -13 14 27 -16 -17 18 -19 -20 -21 -22 -23 -24 -25 25 -27 -28 -29 -30 -31
leaf_value=0.0024973403561293034 -0.027899170928120338 0.050303103693132005 -0.036248292700677288 -0.041914140215169898 0.050724289557715664 -0.03112124498101479 0.050977705466525469 -0.0367099891605236 0.05133192656920204 -0.020863018519674412 -0.01129816411342952 0.045180847887769451 -0.050439720132155863 -0.010698245234800688 -0.050217660098068745 0.050816135174431058 0.037062158921022152 0.050854682862314649 -0.035453173859189051 -0.044741281033411115 0.030354980651635471 -0.041958106015306695 0.051169985513256522 -0.05261718828511705 -0.050538424343562496 0.010469255826408605 -0.04861464988765514 0.051403215055339881 -0.029722899047026765 -0.02052493383684343
leaf_weight=31.69927231981999 0.12175419647246599 0.27896146330749516 0.21366461249999591 0.72916833055205643 0.36316520697437227 0.31738046801183273 0.67775088240159675 0.62578212725929816 0.75794146530097251 1.3874351552221913 0.49113012757152319 0.7759214493271418 0.16952834505354986 0.1911740762880062 0.65122339862864465 0.23947148723527678 0.20981263037538145 0.39599203190300514 1.1019925051950838 0.41312089643906702 0.69704394391737778 0.41608437366085027 0.31438439211342384 0.39445913059171189 0.72920823807362467 0.67994891386479028 0.37467233423376356 0.59461408812785521 0.54692900975351122 1.0866828134749287
leaf_count=1964 3 105 8 16 48 9 76 10 61 55 14 85 27 11 12 25 15 51 89 47 31 39 29 28 124 29 35 59 48 47
internal_value=-0.000138486 0.026542 -0.00036478 -0.0152268 0.0185086 5.77314e-05 0.0247936 -0.000489963 2.14736e-05 -0.000871323 -0.000213618 0.0232886 -0.000941601 -0.000236713 -0.0274328 0.0088461 -0.000971637 -0.0001764 -0.0238549 -0.000717416 -0.000225055 -0.000813208 -0.000335343 -0.000791326 -0.000209176 -0.0211009 0.00066421 0.0362946 0.00121812 0.00173427
internal_weight=47.6457 0.400716 47.245 1.306 0.57683 45.939 0.995131 44.9438 44.318 43.5601 42.1727 1.26705 40.9056 39.8454 1.06022 0.409 39.0596 37.7478 1.31181 37.3518 36.9387 36.2416 35.8256 35.5112 35.1167 1.40916 33.7076 0.785788 33.3329 32.786
internal_count=3200 108 3092 72 56 3020 85 2935 2925 2864 2809 99 2710 2646 64 52 2576 2472 104 2421 2374 2343 2304 2275 2247 153 2094 70 2059 2011
is_linear=0
shrinkage=0.05


Tree=196
num_leaves=31
num_cat=0
split_feature=8 0 0 8 10 8 9 9 8 2 9 5 11 0 2 2 8 0 0 10 0 8 8 0 0 0 11 6 1 5
split_gain=0.11559 0.445886 0.589787 0.239195 0.209045 0.867999 0.189202 0.510966 0.618282 0.533223 0.462237 0.413319 1.08806 0.737797 0.391851 0.893279 1.06537 0.6335 1.03362 1.18417 0.682022 0.716828 0.602252 0.70878 0.44692 0.890839 0.655465 0.649418 0.528316 0.658184
threshold=-0.94934480707556113 -0.56840673503357109 -0.83875985386597141 -0.93797193775816734 -1.6737416076862408 -0.097377268281641602 -0.011572574667395821 0.35319731513960112 -0.81093604403492547 -0.59288636449129062 0.41793858791678862 -0.28073704901623436 -0.84220323152830712 0.28658029861152789 -0.47223126233517387 -0.6115726644886349 -0.65825336148056179 -0.16090846121821747 -0.54441139285864371 -0.31933582374911101 -1.0956171004864814 0.87501482547457088 0.021877850006359802 1.3111020490317455 0.077046697253584678 -0.28017539168835409 1.0000000180025095e-35 0.39282722901524242 -0.45787841992707229 -0.40953021739588963
decision_type=2 2 2 2 2 2 2 2 2 2 2 2 2 2 2 2 2 2 2 2 2 2 2 2 2 2 2 2 2 2
left_child=1 2 -1 -2 5 -5 14 8 -8 -10 -9 12 -11 -14 15 -6 -17 18 20 -20 -18 -22 24 -24 25 27 -26 28 29 -16
right_child=3 -3 -4 4 6 -7 7 10 9 11 -12 -13 13 -15 22 16 17 -19 19 -21 21 -23 23 -25 26 -27 -28 -29 -30 -31
leaf_value=-0.050845607954961486 0.029634272217560403 -0.050849417726919532 0.03017255406685377 -0.050819473567897192 0.0076073202304847197 0.026916191799850261 -0.031562239317190315 -0.041630773226939637 -0.02690816554460701 0.039145523412179313 0.00049943112375611359 0.037686063144579687 -0.051528260954747433 0.029967807424652965 0.044193513361372568 -0.050712887132859812 0.029901117574567822 -0.040507863585839826 -0.050919572938160795 0.040613372687824355 -0.050679873544582338 0.056524329244918119 -0.034226674041015169 0.045371742608523835 0.044094335085217928 -0.051040284140012208 -0.018035851724373782 -0.050976633798353092 -0.010854337660366814 0.0050679117741252999
leaf_weight=0.32379761867923662 0.68588962790090491 0.52951889374526118 0.7334647716488687 0.86636887793429196 5.1720411051937809 0.61331782303750404 0.64185993140563358 0.68900688603753124 0.55245351602206927 1.5123172311577948 11.819737965473903 2.9119943977857541 0.82257533047231779 0.41927247523562983 1.9387538851588013 1.9946341679606092 0.4493899882654625 1.1954143192851994 0.4345440533361401 1.8909719426301306 1.4946483287785666 0.17409291351214062 1.6466346927045368 0.33688508238992643 1.7269283754285427 0.67911720304982637 0.56286790780723084 0.4191810248303226 1.6325224671163594 2.4123681326163942
leaf_count=51 26 85 33 106 256 23 51 46 46 33 852 124 52 18 44 275 31 136 49 53 224 3 118 39 55 62 41 48 109 111
internal_value=-0.000130928 -0.0133975 0.0053599 0.000329753 -0.000116808 -0.0185987 0.000511431 0.00419305 0.0151588 0.0199812 -0.00182119 0.0245529 0.0106672 -0.0240136 -0.00244002 -0.00843613 -0.019306 -0.00819685 0.000495339 0.0235096 -0.0247722 -0.0394957 0.004322 -0.0207075 0.00961948 0.00341083 0.0288218 0.0091862 0.0134009 0.0225013
internal_weight=47.2826 1.58678 1.05726 45.6958 45.0099 1.47969 43.5302 19.3692 6.86047 6.21861 12.5087 5.66616 2.75417 1.24185 24.161 12.8057 7.6337 5.63906 4.44365 2.32552 2.11813 1.66874 11.3553 1.98352 9.37174 7.08194 2.2898 6.40283 5.98364 4.35112
internal_count=3200 169 84 3031 3005 129 2876 1222 324 273 898 227 103 70 1654 1027 771 496 360 102 258 227 627 157 470 374 96 312 264 155
is_linear=0
shrinkage=0.05


Tree=197
num_leaves=31
num_cat=0
split_feature=7 9 5 4 10 4 6 6 5 6 11 7 5 4 4 4 9 0 1 1 5 10 7 9 9 10 10 5 7 0
split_gain=0.111904 0.189621 0.115017 0.384921 0.543796 0.291639 0.271791 0.295329 0.24429 0.489032 0.517447 0.681745 0.232146 0.246171 0.646136 0.781836 0.485174 0.54558 0.421897 0.993141 0.41528 0.474335 0.406714 0.361628 0.726836 0.454373 0.351221 0.32201 0.554448 0.305163
threshold=2.3040973512739593 -0.50909210862769505 -0.54006500472546171 -0.44143170142558324 -0.17176104920960775 -0.40985554383540329 1.0000000180025095e-35 -0.60313022868639277 -0.49280438539099541 0.39282722901524242 0.52932365951015792 -0.42426068045722298 -0.49097255210125434 -0.48930158921575306 -0.38173003263391186 -0.3583857906035775 -0.95356234125848871 -0.67474622421048835 -0.23605960936680864 -0.42859469845312409 -0.4851209774912994 0.18400310009189699 -0.18410408226469854 0.27086052614417755 0.13425693715579584 0.28660621759209054 0.98806738966228058 -0.24165748000997522 -0.85443477093681619 -0.52774684691061624
decision_type=2 2 2 2 2 2 2 2 2 2 2 2 2 2 2 2 2 2 2 2 2 2 2 2 2 2 2 2 2 2
left_child=2 -2 3 4 -1 -5 7 -6 9 10 -4 -12 -10 18 16 27 17 -15 19 23 -18 -22 -23 24 25 -14 -27 28 -16 -24
right_child=1 -3 8 5 6 -7 -8 -9 12 -11 11 -13 13 14 15 -17 20 -19 -20 -21 21 22 29 -25 -26 26 -28 -29 -30 -31
leaf_value=-0.048408044507789037 -0.025779874681457617 0.050288189216793192 -0.049624295094917642 0.053641290541846243 0.028587352586163264 0.0083580077361713745 0.046732626634082945 -0.041314706183512503 0.037042005608592575 0.029410771944909792 -0.052016623685137431 0.040856284373134683 0.01393324812785275 -0.051434634368446086 0.049861912148942124 -0.0021624876628152643 0.038729780516903733 0.030895504076900726 0.03187891227492206 -0.050934928452107155 -0.048653034949751893 -0.049234852184498801 0.049472359456089063 -0.026164025768726392 0.057493779761185408 -0.052599455345494012 0.016406227826396738 0.048133935949405425 -0.014389868373169782 -0.015896783975275355
leaf_weight=0.54582626398769207 0.11860767286270857 0.26490158520755258 1.121063549362588 0.61679376981919631 0.29598872101632878 0.8394940331345413 0.38303333683870733 0.30867977096932031 0.41637116007041086 0.46731094538699824 0.33535477594705299 0.4810349394683725 3.1716426925850105 0.27210401048068888 0.56339080748148263 26.017636442120434 0.20831481157802034 0.77249141538050003 1.4498136170441274 0.77731400378979731 2.0099326596828107 0.38624515529954806 0.33270506688859314 0.62810303241712961 0.80573383055161674 0.5197541924426331 0.28578492809901945 1.0598066750098905 0.83102152601350121 0.38529148377710931
leaf_count=77 3 105 123 12 18 38 22 25 13 21 26 23 142 31 12 1834 9 36 64 72 220 55 8 43 11 37 15 30 34 41
internal_value=-0.000134862 0.0267627 -0.000357715 0.00912712 -0.0083557 0.0275372 0.0137781 -0.00709724 -0.00101266 -0.0165001 -0.0275737 0.00270615 -0.000101914 -0.000483998 -0.00236454 0.000382248 -0.0202726 0.00944954 0.00760108 0.00191323 -0.0296173 -0.0341892 -0.00786233 0.00950507 0.0141892 0.00541618 -0.028118 0.0273595 0.0115701 0.014394
internal_weight=46.6715 0.383509 46.288 2.98982 1.53353 1.45629 0.987702 0.604668 43.2982 2.40476 1.93745 0.81639 40.8935 40.4771 32.8389 28.4719 4.36708 1.0446 7.63815 6.18833 3.32249 3.11417 1.10424 5.41102 4.78292 3.97718 0.805539 2.45422 1.39441 0.717997
internal_count=3200 108 3092 192 142 50 65 43 2900 193 172 49 2707 2694 2310 1910 400 67 384 320 333 324 104 248 205 194 52 76 46 49
is_linear=0
shrinkage=0.05


Tree=198
num_leaves=31
num_cat=0
split_feature=7 0 7 3 9 8 8 11 8 10 2 3 5 5 2 8 9 7 5 8 11 9 9 6 8 6 8 8 0 3
split_gain=0.115283 0.573621 0.397292 0.599686 0.447587 0.449542 0.404784 0.399354 0.384309 0.339742 0.325521 0.493138 0.511451 0.276818 0.248082 0.222479 0.198045 0.691901 0.338019 0.809143 0.292623 0.520442 0.282607 0.768763 0.51179 0.378662 0.7285 0.80064 0.592642 0.786243
threshold=-0.7582426102791241 -0.98753960173662036 -0.86679013174991326 -0.3398415475563642 -0.76541830991751136 -1.0074117131433951 -0.90956479039176863 0.98649928985631286 -0.45097457947957148 -0.03140796935762389 -0.32190075162862714 -0.38912192078864066 -0.034612060361208515 -0.58021129192019882 -0.51418418224812157 -0.5292771265721824 -1.0486088130242492 -0.18410408226469854 -0.26118370153134735 -0.78840457752608395 -0.84220323152830712 -1.2380469847259292 -0.80354214332994855 -0.90077268730987003 -0.81093604403492547 -0.40851785189411932 -0.3905482533952343 -0.89020044576809931 0.41775503379414541 0.064043504423612424
decision_type=2 2 2 2 2 2 2 2 2 2 2 2 2 2 2 2 2 2 2 2 2 2 2 2 2 2 2 2 2 2
left_child=1 -1 4 8 5 -3 -6 -7 13 -10 11 14 -13 -4 15 -8 17 18 19 -2 -20 -22 23 -18 -25 26 27 28 29 -24
right_child=16 2 3 -5 6 7 10 -9 9 -11 -12 12 -14 -15 -16 -17 22 -19 20 -21 21 -23 25 24 -26 -27 -28 -29 -30 -31
leaf_value=-0.050714419361852642 0.038625354136572046 0.053648310947720081 0.024366901704977174 -0.050756158355575801 -0.050722267526460266 -0.050702119181635343 0.0039319625560947829 0.020753144523842845 -0.01592258823386954 0.03757283618495607 0.031614547068995573 -0.050690384455343851 0.025177328304817399 -0.050713716439490943 -0.0077319263658500231 0.040343370527288959 0.023107175693947581 -0.050457142749997498 0.052265670915984254 -0.035359324489485505 0.050516758365549766 -0.023121225128982598 -0.050706956776999504 -0.00081804050118969057 -0.050986917780949714 0.0051872567050690651 0.003886799402618964 -0.042992849141322398 0.061212116508496464 0.065312966863886754
leaf_weight=0.6384125659824339 0.73130179767031256 0.16937451530247916 0.16302931262180198 0.91725258098449458 0.253913554828613 0.83255340901086927 0.66663833975326281 0.25555896639707498 0.5102942981175147 0.70938266848679654 1.7383312182500978 0.65067277487832931 0.33729526703246093 0.49708922870922834 0.72899687296012272 1.1317319372901693 0.94129234529100392 0.39754127687774499 0.97606348711997271 0.74709682259708654 0.4758518363814801 0.48399030114524066 0.50404894241364695 0.84042057293118033 1.286559127533105 20.35240709444043 5.5190554817381763 2.2183348549588118 0.36635443056002259 0.20558640384115279
leaf_count=129 29 2 5 136 34 131 24 16 33 22 36 83 24 63 41 27 49 81 18 63 12 32 68 61 149 1213 365 245 5 4
internal_value=-0.000133818 -0.0048266 -0.00176291 -0.0176131 0.00479041 -0.022125 0.0109357 -0.0339198 -0.0014408 0.0151912 0.0139157 0.00516362 -0.0247889 -0.0321711 0.0168723 0.026846 0.00119418 0.0119716 0.0192404 0.00123779 0.0329885 0.0133856 -8.03029e-05 -0.0145145 -0.031164 0.00143819 -0.00721937 -0.0258258 0.00956701 -0.0170952
internal_weight=46.2464 10.2005 9.56211 2.79705 6.76507 1.25749 5.50758 1.08811 1.8798 1.21968 5.25367 3.51534 0.987968 0.660119 2.52737 1.79837 36.0459 3.81185 3.4143 1.4784 1.93591 0.959842 32.2341 3.06827 2.12698 29.1658 8.81338 3.29432 1.07599 0.709635
internal_count=3200 806 677 259 418 149 269 147 123 55 235 199 107 68 92 51 2394 235 154 92 62 44 2159 259 210 1900 687 322 77 72
is_linear=0
shrinkage=0.05


Tree=199
num_leaves=31
num_cat=0
split_feature=2 8 8 0 0 8 8 0 8 5 4 7 0 9 3 0 8 8 9 5 9 7 5 5 4 2 4 4 9 11
split_gain=0.11143 0.158467 0.101765 0.407961 0.52664 0.222848 0.241833 0.38884 0.364132 0.172403 0.849564 0.509463 0.527885 0.507402 0.574496 0.536481 0.470837 0.721994 0.606653 0.450268 1.07588 0.597556 0.530605 0.736883 0.501802 0.556916 0.487792 0.413585 0.467787 0.411862
threshold=3.005692153639917 0.36733440048457644 -0.94934480707556113 -0.56840673503357109 -0.83875985386597141 -0.93365301639212717 -0.91283737994998082 -1.0831371044232039 -0.89884376613022876 -0.26547673432301416 -0.13157156760723329 1.3838853872389729 -0.16090846121821747 -1.0417899804808421 -0.26763235822301684 -0.35219342830129935 -0.32473839999149695 -0.26158706778672614 -1.0900239759565429 -0.39570251435831999 0.13425693715579584 0.12179853671858829 -0.43706294013567248 -0.5316492773807372 -0.17165362441276685 -0.13049713171448926 -0.54971359904393469 -0.449698846770969 -0.73725475595626 -0.84220323152830712
decision_type=2 2 2 2 2 2 2 2 2 2 2 2 2 2 2 2 2 2 2 2 2 2 2 2 2 2 2 2 2 2
left_child=2 -2 3 4 -1 -4 7 -7 -8 10 11 12 13 14 -10 19 18 -18 -14 21 -21 22 23 27 25 26 -25 28 -15 -24
right_child=1 -3 5 -5 -6 6 8 -9 9 -11 -12 -13 16 15 -16 -17 17 -19 -20 20 -22 -23 29 24 -26 -27 -28 -29 -30 -31
leaf_value=-0.050794810993311117 -0.018740755517685958 0.050487620934778446 0.024984013119272886 -0.050773854573842161 0.028270564590028226 0.035086543688252002 0.026681571563550322 -0.050806773947955214 -0.051024488781733324 0.0021641940559807603 -0.04686613252934916 0.047172242083833492 0.027948322125100802 0.036053383691282602 0.028625026230110401 0.025837114065024258 0.047282160805926579 -0.020568560605571787 -0.051074077811275709 -0.050834826159114603 0.013688241640957619 -0.050851743492175333 0.054483298756496747 0.0015922530477467771 0.044113232123405309 0.04301119873796274 -0.051293453447455777 0.039474535679204684 -0.050975085696279912 0.0070381995755170847
leaf_weight=0.29886281926883385 0.12460584309883316 0.24557663238374516 0.88015194761101057 0.4869572906754901 0.71322922466788419 0.17533222318161279 1.2459951837081451 0.53023746865801413 0.85201428335858509 22.655988645215992 1.1045093959255528 0.5186162869213139 0.2900333740981299 0.29221861017867912 0.30831566487905238 2.4091568680014399 0.52803254575701464 1.5226833787164675 1.4936696946970185 1.2843377724057066 1.3000144786201415 0.43056934513151635 0.99323596101021394 0.64622794536990502 0.29730539605952477 0.26551506016403426 1.3403491203498559 1.3388132151449132 0.32740496622864157 0.84789112256839849
leaf_count=51 8 52 39 85 33 6 39 59 114 1481 183 44 19 14 11 82 14 120 165 160 56 53 17 38 6 5 128 28 38 52
internal_value=-0.000136302 0.0271849 -0.000359183 -0.0131697 0.00492318 7.84685e-05 -0.000431333 -0.0294625 5.29927e-05 -0.000755328 -0.00435192 -0.00163549 -0.00314508 0.00168546 -0.0298605 0.00479458 -0.0194383 -0.00309789 -0.0382249 -0.000619287 -0.0183776 0.00615017 0.0100159 0.000778212 -0.0169401 -0.0249999 -0.0340899 0.023843 -0.00993188 0.0326335
internal_weight=45.7479 0.370182 45.3777 1.49905 1.01209 43.8786 42.9985 0.70557 42.2929 41.0469 18.3909 17.2864 16.7678 12.9334 1.16033 11.773 3.83442 2.05072 1.7837 9.36388 2.58435 6.77953 6.34896 4.50783 2.5494 2.25209 1.98658 1.95844 0.619624 1.84113
internal_count=3200 60 3140 169 84 2971 2932 65 2867 2828 1347 1164 1120 802 125 677 318 134 184 595 216 379 326 257 177 171 166 80 52 69
is_linear=0
shrinkage=0.05


Tree=200
num_leaves=31
num_cat=0
split_feature=6 1 7 6 2 11 1 4 9 9 11 6 6 6 6 2 0 1 8 0 2 0 0 2 2 5 1 9 9 0
split_gain=0.111312 0.379936 0.389323 0.247523 0.402842 0.211438 0.49503 0.236738 0.505519 0.42838 0.416236 0.478675 0.296379 0.571966 0.508069 0.291151 0.281033 0.461343 0.224681 0.347347 0.495227 0.384115 0.350443 0.245538 0.518071 0.460988 0.820605 0.451215 0.45359 0.779434
threshold=-1.1869673590632133 -0.43921187833385439 0.67237047638421177 -1.0610417034917423 -0.29780832664808204 1.4436749202024679 0.60854553687892621 1.0800313386245708 2.2417173007326912 2.2417173007326912 1.0000000180025095e-35 1.2285156705350058 1.1884484164895375 2.8655491929641301 0.6217829664179173 0.93257453326227113 2.1432782136874171 1.2799681179653957 1.8231348425794385 0.4359493256153853 -0.34449425741718026 0.36497072049860563 0.26483202885300999 -0.60942377085899468 -0.59782257499795122 -0.088173702862978723 -0.14158821090736814 -1.1333149585006315 -0.88111815688133843 -0.44563268767116926
decision_type=2 2 2 2 2 2 2 2 2 2 2 2 2 2 2 2 2 2 2 2 2 2 2 2 2 2 2 2 2 2
left_child=1 -1 -3 4 -2 7 -7 8 12 10 -9 -12 14 -14 16 -13 17 18 19 21 -21 22 23 27 -25 -26 -27 -5 -29 -30
right_child=3 2 -4 5 -6 6 -8 9 -10 -11 11 15 13 -15 -16 -17 -18 -19 -20 20 -22 -23 -24 24 25 26 -28 28 29 -31
leaf_value=0.021717180840807079 -0.050466627398530986 -0.051102584971013255 0.037102843621256973 -0.050843715190085459 0.0025080208581278471 -0.0095869406840183684 0.050731056832120772 0.043055686103314554 0.050931907478042493 -0.042896571276439588 0.027243329023467142 -0.057972260758503064 0.050659285796697054 -0.012694140957651265 -0.035327113273382935 -0.0096437038296300868 -0.041747189656485308 0.050767050437137612 0.041946572275866643 -0.050478622538580292 -0.0004952087769357472 0.029170527540442137 -0.050834505159991661 -0.050606411556511778 0.0017407659954402415 -0.031648973316806071 0.035478010285635769 0.030394262920856698 0.01261382586403044 -0.039023636268823665
leaf_weight=1.8092200126848186 0.64526729936187621 0.41334866057149966 0.17939483158988878 0.30760717531666149 0.80855880596209206 0.7089637818862673 0.65388538120896555 0.41534265619702626 0.48938548302976315 0.90364837122615416 0.53984890584251832 0.51528334477916338 0.78803352828253881 0.65022099367342889 1.0541060173127323 0.78853829856961966 0.3998721772513808 0.44888887778506514 0.31226106081157823 0.82690090918913517 1.2367025699932117 1.1382144499802951 0.3408630567137142 0.54386027503642154 18.650419094745303 2.4720597811101475 0.5580593394697847 2.0885634686856065 3.6431728511815891 0.91415611957199416
leaf_count=71 139 49 19 37 32 34 110 38 59 23 35 8 137 32 81 38 37 56 19 156 51 36 42 94 1189 255 25 56 168 74
internal_value=-0.000139086 0.0103349 -0.0244071 -0.000726307 -0.0210043 -1.40219e-05 0.0193532 -0.000673458 0.000452862 -0.0138016 -0.00216308 -0.01235 -0.000226298 0.0220178 -0.00114206 -0.0287436 -7.85099e-05 0.000419139 -0.000265047 -0.000667884 -0.0205239 0.00066868 -0.000430324 0.00015851 -0.00240709 -0.001198 -0.0192861 0.00835854 0.0110987 0.00225585
internal_weight=45.2446 2.40196 0.592743 42.8427 1.45383 41.3889 1.36285 40.026 36.8633 3.16266 2.25901 1.84367 36.374 1.43825 34.9357 1.30382 33.8816 33.4817 33.0328 32.7206 2.0636 30.657 29.5188 29.1779 22.2244 21.6805 3.03012 6.9535 6.64589 4.55733
internal_count=3200 139 68 3061 171 2890 144 2746 2604 142 119 81 2545 169 2376 46 2295 2258 2202 2183 207 1976 1940 1898 1563 1469 280 335 298 242
is_linear=0
shrinkage=0.05


Tree=201
num_leaves=31
num_cat=0
split_feature=6 3 1 2 6 2 11 1 4 6 8 8 6 6 8 2 8 1 0 1 10 8 0 2 0 0 2 2 1 6
split_gain=0.101536 0.355913 0.264075 0.251071 0.229017 0.389556 0.195829 0.474188 0.217059 0.468892 0.541669 0.927481 0.3783 0.315312 0.631569 0.524267 0.260717 0.404217 0.250968 0.501679 0.239331 0.234942 0.286033 0.516661 0.347763 0.313963 0.222975 0.49416 0.45112 0.407504
threshold=-1.1869673590632133 -0.52116219720580781 -0.48421267813725072 -0.39804270866968167 -1.0610417034917423 -0.29780832664808204 1.4436749202024679 0.60854553687892621 1.0800313386245708 1.1884484164895375 0.99166862375229659 0.9512386387651296 0.6217829664179173 1.9840696039638324 -0.023933338064652712 2.2738930693361579 1.9450463599621288 -0.040533503198712122 2.1432782136874171 1.2799681179653957 1.3452438030625775 1.8231348425794385 0.4359493256153853 -0.34449425741718026 0.36497072049860563 0.26483202885300999 -0.60942377085899468 -0.59782257499795122 -0.66423068467975754 -0.40851785189411932
decision_type=2 2 2 2 2 2 2 2 2 2 2 2 2 2 2 2 2 2 2 2 2 2 2 2 2 2 2 2 2 2
left_child=1 -1 -3 -4 5 -2 8 -8 9 12 11 -11 18 14 -10 -16 17 -14 19 21 -15 22 24 -24 25 26 -6 -28 -29 -30
right_child=4 2 3 -5 6 -7 7 -9 13 10 -12 -13 16 20 15 -17 -18 -19 -20 -21 -22 -23 23 -25 -26 -27 27 28 29 -31
leaf_value=-0.045773626015164895 -0.050443933197251857 0.028156031353454326 -0.050592417415743753 0.014334982116406226 0.0079945673681478344 0.0023831432508747094 -0.0091020946481114289 0.050695419431191824 -0.045794867966715468 0.050760758136909771 0.050856727158899467 -0.063158638554690269 -0.050598741096991175 -0.0045199025754699912 0.051332575619511961 -0.017869519733402391 -0.048517268571696935 0.048910437379516725 -0.039314995661158529 0.050703704132282194 -0.045514125473586624 0.041940887065363579 -0.050455246316025194 0.0010663157920460767 0.027810756315729736 -0.048831627803688299 -0.050576851882298629 -0.05045444046528913 -0.010839923313930862 0.0043881524310792419
leaf_weight=0.25587373651796985 0.61406642077781726 1.4870996507816021 0.24082465085666671 0.39005405327770692 6.9020029232196931 0.80838580464478471 0.70938126160763093 0.62242123705800623 0.48258783062919985 0.35449679341399931 0.95838191497023217 0.36022627144120634 0.19350909607601352 0.57803066575434037 0.6583674657449583 0.4684052185039036 0.68749680323526263 0.21593364066211396 0.39850009387009677 0.4922486872819708 0.92704296990996227 0.32823786186054249 0.78692771622445468 1.2749710786156345 1.1342771322233591 0.33091347489971568 0.51763062892132339 0.45406016905326652 6.2204868813860292 14.955492949986377
leaf_count=19 139 49 37 34 335 32 34 110 11 51 144 4 44 34 52 22 13 30 40 70 23 21 156 54 36 43 94 114 532 823
internal_value=-0.000135763 0.00992735 0.0166566 -0.0104497 -0.00069871 -0.0204221 -1.46293e-05 0.0188444 -0.000647603 0.000431652 0.0262884 -0.00665555 -0.000808181 -0.0133189 0.00206633 0.0225649 -0.0297057 0.00188083 0.000129773 0.000600433 -0.0297701 -0.000149097 -0.000573188 -0.018597 0.000644686 -0.000404097 0.000147555 -0.00229785 -0.00114248 -8.51256e-05
internal_weight=44.8083 2.37385 2.11798 0.630879 42.4345 1.42245 41.012 1.3318 39.6802 36.5658 1.6731 0.714723 34.8927 3.11443 1.60936 1.12677 1.09694 0.409443 33.7957 33.3972 1.50507 32.905 32.5768 2.0619 30.5149 29.3806 29.0497 22.1477 21.63 21.176
internal_count=3200 139 120 71 3061 171 2890 144 2746 2604 199 55 2405 142 85 74 87 74 2318 2278 57 2208 2187 210 1977 1941 1898 1563 1469 1355
is_linear=0
shrinkage=0.05


Tree=202
num_leaves=31
num_cat=0
split_feature=7 0 1 7 3 8 4 7 1 1 2 4 5 3 8 2 0 2 2 12 1 7 0 0 4 5 6 8 6 2
split_gain=0.100858 0.540109 0.53326 0.320253 0.520335 0.344741 0.278088 0.261414 0.601139 0.515417 0.509407 0.256811 0.252194 0.584785 0.524719 0.318719 0.353999 0.222876 0.347154 0.193834 0.465634 0.683565 0.704012 0.736665 0.796046 0.589378 0.428353 0.849842 0.783877 0.540102
threshold=-0.7582426102791241 -0.98753960173662036 -0.19004845802386253 -0.86679013174991326 -0.3398415475563642 -0.45097457947957148 -0.60269612713128373 -0.88058684800413356 -0.62054438135280299 -0.61317340738068116 -0.23323661230895307 -0.28289758763731837 -0.16745649092160517 -0.42093374953847557 -0.99270166716927222 -0.32190075162862714 -0.8299955817200052 -0.57028594651450781 -0.51418418224812157 1.0000000180025095e-35 -0.50951628003741223 -0.19868611276367645 -0.79791685066319606 -0.67013406319362911 -0.33667053551921933 -0.073140735916695523 0.11808034413203268 1.8473808696127203 0.64467854015818482 -0.46182579806084384
decision_type=2 2 2 2 2 2 2 2 2 2 2 2 2 2 2 2 2 2 2 2 2 2 2 2 2 2 2 2 2 2
left_child=1 -1 3 7 5 6 -5 8 -3 -10 12 -7 13 17 -15 16 -14 -11 -19 20 21 25 -23 -24 -25 -2 27 -21 29 -28
right_child=19 2 -4 4 -6 11 -8 -9 9 10 -12 -13 15 14 -16 -17 -18 18 -20 26 -22 22 23 24 -26 -27 28 -29 -30 -31
leaf_value=-0.050705890005740287 -0.031395036426720598 -0.050654855792165367 -0.050834804284809187 0.029317273278395131 -0.05062808933644837 -0.0074889922586786331 -0.05074377165060262 0.034018169163097585 0.054153376496689921 -0.010195842204861938 -0.051279074446853548 0.04014471505377646 0.050615582837165857 0.046461420587590535 -0.050883457346530325 0.053250933790181171 -0.050431820312542078 0.045674962141688855 -0.0028432305552036066 -0.017296167489378518 0.010581553753406287 -0.05083206849477772 0.047931032202324884 0.023015411462307615 -0.04361143455519563 0.012933969026236808 -0.00070219249854960733 0.050921182424148739 -0.010067639299919525 0.036420367295338311
leaf_weight=0.59705972325173107 2.8798079530824912 0.46939876541727876 0.51901592590729606 0.14464012533426274 0.69452206935966465 0.55646974872797728 0.43363947106990963 0.80117644427809764 0.55063283094204774 0.6040877771447416 0.39571367762983367 0.57569825300015531 0.15256781876087189 0.17064634733833195 0.73334275034722107 0.59052760433405627 0.20068423188058659 0.89545388205442589 0.62672161916270641 6.3444002527394323 11.927451280556854 0.41655874207208432 1.266242346959189 1.2391814463771882 0.70243962603853849 1.0137828962760975 1.7159815097693356 0.49195140070514742 4.4127616135810968 2.283872765110571
leaf_count=129 260 81 80 5 115 34 55 31 8 31 25 18 6 4 84 6 39 17 38 525 769 64 22 60 83 50 117 60 283 101
internal_value=-0.000131439 -0.00463522 -0.00161743 0.00135428 -0.0141301 0.000689759 -0.0307188 0.00736943 0.00340816 0.00856572 0.0028212 0.0167324 0.00820823 0.00117884 -0.0325076 0.0307779 -0.00678995 0.0155008 0.0256987 0.0011293 0.00443883 -0.0053067 0.0103199 0.0182608 -0.00108885 -0.019853 -0.003091 -0.0123872 0.00446335 0.0204944
internal_weight=44.4064 9.712 9.11494 8.59592 2.40497 1.71045 0.57828 6.19095 5.38978 4.92038 4.36975 1.13217 3.97403 3.03025 0.903989 0.94378 0.353252 2.12626 1.52218 34.6944 19.4455 7.51801 3.62442 3.20786 1.94162 3.89359 15.249 6.83635 8.41262 3.99985
internal_count=3200 806 677 597 227 112 60 370 339 258 250 52 225 174 88 51 45 86 55 2394 1308 539 229 165 143 310 1086 585 501 218
is_linear=0
shrinkage=0.05


Tree=203
num_leaves=31
num_cat=0
split_feature=10 2 6 0 1 1 3 2 10 0 3 5 6 12 4 4 0 2 6 10 9 4 1 0 3 2 2 0 0 6
split_gain=0.099355 0.170445 0.104158 0.723595 0.650447 0.480504 0.492141 0.635716 0.448437 0.814481 0.621186 0.559283 0.391088 1.14819 0.370938 0.751205 0.586108 0.664696 0.624422 0.944379 0.916579 0.574967 0.559535 0.548481 0.518206 0.512785 0.577935 0.504613 0.982205 0.603423
threshold=2.0842712252892728 -1.0000000180025095e-35 0.41572280275550993 -0.44227187395058193 0.27839597170200692 -0.58380083548826778 -0.50592460394468752 -0.16098469152165887 1.1668540686626026 1.7996030111991581 -0.37345920747904521 0.69076997025876208 0.32414050779444004 -0.74002698477181994 -0.38173003263391186 -0.34718799748660006 -0.75288375657835027 -0.5491734194217891 -0.030740885179705944 -0.5500091215934656 -0.48174790162526887 -0.29355422887269261 -0.4067129285001933 -0.52374606631629861 -0.48834420201985546 -0.62531109429930687 -0.62973416343412636 -0.76040882525767406 -0.49872557221912678 -1.1869673590632133
decision_type=2 2 2 2 2 2 2 2 2 2 2 2 2 2 2 2 2 2 2 2 2 2 2 2 2 2 2 2 2 2
left_child=2 -2 12 4 -4 -5 -7 -8 9 10 -9 -11 14 -14 22 23 21 25 19 -19 -20 -17 27 24 -16 26 -18 29 -29 -1
right_child=1 -3 3 5 -6 6 7 8 -10 11 -12 -13 13 -15 15 16 17 18 20 -21 -22 -23 -24 -25 -26 -27 -28 28 -30 -31
leaf_value=0.041321899756162996 -0.040715584787203413 0.050463563890797328 -0.050028986414736354 0.035304630147016784 0.047350515314840053 0.037704101290507608 -0.050930663889765096 -0.0469397542443451 -0.017340816722003174 -0.034829589596024953 0.049380763519059928 0.024590851209421963 -0.051572138732594246 0.033228346403396218 0.038064165041841701 -0.050634678909871104 -0.050635985041348808 -0.047303585277016946 -0.050798196480897909 0.0014116991854710489 0.037247968590523498 0.016600085135190731 -0.027185398505329774 0.040612014509401224 -0.051097942243244598 -0.044721330456083924 0.029752974734436971 0.023763159049891597 -0.013945857535908665 -0.037974971951194286
leaf_weight=0.28579663566779334 0.066835645004175603 0.21985934578697097 1.2852538439619809 0.90401796175865357 0.19788317847996939 0.66299680297379282 0.74670676706591521 0.19159735180437421 2.6099247151578311 1.084689991927007 1.3247265518875817 0.62371341884136189 0.48108195874374393 2.3443256927130269 0.2917939203325659 0.33791344973724324 0.35051121580181643 1.2356238222564577 0.35282261774409596 5.1053509990451857 1.8222141659935012 5.3894434196408865 2.8061327615869223 2.062094925553537 0.36908624693751368 1.7484010496118596 0.61737276939675245 3.3999951532459809 3.5090838463802356 1.4942684529087262
leaf_count=11 13 59 187 41 6 30 73 6 133 53 163 47 39 85 9 51 47 135 36 388 70 308 270 52 41 242 16 124 258 207
internal_value=-0.000130685 0.0292075 -0.000323446 -0.00491346 -0.0370364 0.000933442 -0.00335571 -0.00749202 -0.00193283 0.0105376 0.03721 -0.013136 0.000976685 0.0187894 -0.000637538 0.00353034 -0.00038366 -0.00702099 -0.00015162 -0.00808113 0.0229656 0.0126332 -0.00777394 0.0279081 -0.0117308 -0.0285576 0.000640775 -0.00150506 0.00461095 -0.0252435
internal_weight=43.9215 0.286695 43.6348 9.63151 1.48314 8.14837 7.24436 6.58136 5.83465 3.22473 1.51632 1.7084 34.0033 2.82541 31.1779 19.6826 16.9597 11.2323 8.51601 6.34097 2.17504 5.72736 11.4953 2.72298 0.66088 2.71629 0.967884 8.68914 6.90908 1.78007
internal_count=3200 72 3128 739 193 546 505 475 402 269 169 100 2389 124 2265 1395 1293 934 629 523 106 359 870 102 50 305 63 600 382 218
is_linear=0
shrinkage=0.05


Tree=204
num_leaves=31
num_cat=0
split_feature=7 0 3 5 5 5 8 0 4 2 7 11 4 7 0 2 6 11 12 6 2 2 3 8 10 6 3 8 0 8
split_gain=0.0945676 0.617439 0.414193 0.380956 0.499809 0.42091 0.384902 0.572738 0.54543 0.55404 0.365554 0.334609 0.395865 0.303536 0.301907 0.26212 0.257833 0.241255 0.234942 0.382029 0.281583 1.02498 0.507137 0.475361 0.284282 0.853406 0.475965 0.476237 0.464005 0.401417
threshold=-0.71245176654266851 -0.98753960173662036 0.0088618594171846424 0.22119224682757102 -0.15497602664123841 -0.16745649092160517 -0.73179666590299031 -0.57919804065690472 -0.54179494364878866 -0.57028594651450781 -1.0144875794354324 0.52932365951015792 -0.30719131028632812 -0.88058684800413356 -0.67474622421048835 -0.62973416343412636 -1.0839372772320097 0.52932365951015792 1.0000000180025095e-35 2.1443386201457049 -0.6104437432506814 -0.52362246031922421 -0.29019636965983181 -0.097377268281641602 -0.14071562723736633 -0.36272670441358429 -0.54083893813988271 0.55929766776893797 -1.0260760021469928 0.9512386387651296
decision_type=2 2 2 2 2 2 2 2 2 2 2 2 2 2 2 2 2 2 2 2 2 2 2 2 2 2 2 2 2 2
left_child=1 -1 3 4 5 6 7 14 17 13 -6 -11 -13 -10 16 -15 -3 -8 19 -2 22 -22 23 -20 25 28 -26 -28 -23 -29
right_child=18 2 -4 -5 10 -7 8 -9 9 11 -12 12 -14 15 -16 -17 -18 -19 20 -21 21 24 -24 -25 26 -27 27 29 -30 -31
leaf_value=-0.050663563294883501 0.0038617974571874061 0.028177428594113846 -0.050453945285589379 0.049455572988563221 0.026861807525695648 0.042368444303622244 -0.051236805372053031 -0.050799673794946223 -0.051251174893305176 0.030178761072042183 -0.050697175590830562 -0.051140382906225523 0.020623311375875121 0.03110931353842529 0.026265710430918843 -0.025411658816215588 -0.050801672818839919 0.00022777645224409291 -0.051088040400963888 0.050787984203761918 -0.050680059114256597 0.047606735998188675 0.031985729879407357 0.031857629640915451 0.040254511144004884 0.031623486249495215 -0.029819620048076242 0.045362133811731965 -0.039554884970134492 -0.0057714464626665383
leaf_weight=0.66990331932902236 17.617810488547551 0.15029033611062914 0.40842225012602362 0.38852725178003389 0.18945954914670438 0.62272098718676794 0.52995808888226292 0.83826080465223274 0.41488695464795455 2.9114604956703345 0.76683691021753198 0.30481584020890296 0.51997806422878046 0.38758377113845199 0.64180910366121657 0.43573547466075513 0.33076166282990016 0.39929308940190822 0.45763004338368785 0.44466330180875857 1.182455307804047 0.18492314766626805 1.3276494636666019 0.27746213908540107 0.50939748639939075 1.89913379785139 2.1171555887849545 0.41510582441696886 0.87600275469594657 5.0918791624717414
leaf_count=147 1162 7 90 5 10 17 43 110 49 120 114 28 30 14 22 38 51 28 43 73 190 8 45 12 26 112 141 48 97 320
internal_value=-0.000132204 -0.00415837 -0.00111623 0.000933188 -0.00106306 0.00279796 -0.000335145 -0.0195267 0.00604 0.0126086 -0.0353313 0.0222146 -0.00589811 -0.0163775 0.00381981 0.00119602 -0.026127 -0.0291228 0.00122356 0.00501703 -0.00355506 -0.00642722 0.0135381 -0.01978 -0.00171036 0.0115574 -0.00653893 -0.00966538 -0.0243623 -0.0019171
internal_weight=43.312 10.9107 10.2408 9.83238 9.44385 8.48755 7.86483 1.96112 5.90371 4.97446 0.956296 3.73625 0.824794 1.23821 1.12286 0.823319 0.481052 0.929251 32.4013 18.0625 14.3388 12.2761 2.06274 0.735092 11.0936 2.96006 8.13354 7.62414 1.06093 5.50698
internal_count=3200 923 776 686 681 557 540 190 350 279 124 178 58 101 80 52 58 71 2277 1235 1042 942 100 55 752 217 535 509 105 368
is_linear=0
shrinkage=0.05


Tree=205
num_leaves=31
num_cat=0
split_feature=2 8 6 8 4 0 0 5 6 12 8 8 12 9 0 8 4 4 2 6 8 9 6 2 11 5 5 5 4 4
split_gain=0.0939585 0.184586 0.100813 0.817499 0.589771 0.534426 0.499058 0.448162 0.34702 1.06184 0.361235 0.51333 0.346046 0.527473 0.548926 0.923806 0.444657 0.574827 0.666302 0.813526 0.581193 0.595992 0.530406 0.546025 0.54566 0.4301 0.407942 0.40418 0.510704 0.730512
threshold=3.005692153639917 -0.023933338064652712 0.41572280275550993 -0.5292771265721824 -0.38442078730432289 -0.36435580584953903 0.33484190877001879 -0.58021129192019882 0.32414050779444004 -0.74002698477181994 -0.42956260406462488 0.12339272282884474 -0.74002698477181994 0.7075521942012909 -0.28017539168835409 -0.79231838868755811 -0.37927890629068789 -0.3583857906035775 -0.4875075561924242 0.083736983521631461 1.8473808696127203 -0.62618322737723475 0.015050262300829011 -0.50253625459106532 0.52932365951015792 -0.35013365661049528 -0.53532188322227148 0.01440520802376844 -0.22646612404892905 -0.23251925235962498
decision_type=2 2 2 2 2 2 2 2 2 2 2 2 2 2 2 2 2 2 2 2 2 2 2 2 2 2 2 2 2 2
left_child=2 -2 8 7 -5 -6 -7 -4 12 -10 -11 -12 13 14 -1 -16 22 -18 27 20 21 25 23 24 -14 -20 -25 28 29 -19
right_child=1 -3 3 4 5 6 -8 -9 9 10 11 -13 16 -15 15 -17 17 18 19 -21 -22 -23 -24 26 -26 -27 -28 -29 -30 -31
leaf_value=0.015058536663463499 -0.031249222593991256 0.050414364396235457 0.051133755983755219 0.031572156772018495 -0.046765748971596334 0.031775254504401981 -0.0066981140917006842 -0.050777220602685358 -0.051513188727586548 0.045876808514217965 -0.046695440858206705 0.036775025034683086 0.01567750351508963 -0.040190632526920345 0.027040962767945292 -0.037026610279711547 0.033530648087683711 -0.032408420970672022 -0.050629557427035191 0.038974415049880355 0.050795896368442797 -0.018504848651795486 -0.041939663892735422 0.017264647847932857 -0.037868565229930845 0.028004401959628424 -0.035423363988491711 0.0040741340243156191 -0.050665472720695819 0.052428997808814604
leaf_weight=8.2229939751559851 0.098137627355754375 0.23463737702695553 0.11861715558916319 1.3217729212919938 0.6865833898773398 1.0142299182480208 4.9893732712371275 1.1915472754626524 0.45886609348235685 1.527621566143353 0.30384102335665253 0.4677437103819102 2.5984950518759433 0.57586003237520422 0.91761967196362126 1.4545384767407057 1.229629028472117 0.82373343530343845 0.19853879755828518 1.5211923729511907 0.47320393481641065 3.556142799905512 1.4224158032739067 0.45135856437264044 0.58242094493471075 1.4010051320656174 1.974532170366728 1.2565433999698141 1.4218093517119972 0.36670035106362797
leaf_count=412 4 56 3 98 71 50 346 172 39 36 25 25 168 65 58 171 41 115 30 53 65 248 125 36 83 77 193 94 233 8
internal_value=-0.000133681 0.0263312 -0.00034076 -0.0049353 0.00105226 -0.00497752 -0.000198544 -0.0415506 0.000949061 0.0179321 0.0317917 0.00390533 -0.000589278 0.00641292 0.00894588 -0.0122434 -0.00464689 0.00110574 -0.00251265 0.00653152 -0.00223609 -0.00710352 -0.0146709 -0.007753 0.0058733 0.0182442 -0.0256203 -0.0192276 -0.0304362 -0.00627516
internal_weight=42.8617 0.332775 42.5289 9.32212 8.01196 6.69019 6.0036 1.31016 33.2068 2.75807 2.29921 0.771585 30.4487 11.171 10.5952 2.37216 19.2777 12.2485 11.0189 7.15008 5.62889 5.15569 7.02922 5.60681 3.18092 1.59954 2.42589 3.86879 2.61224 1.19043
internal_count=3200 60 3140 740 565 467 396 175 2400 125 86 50 2275 706 641 229 1569 964 923 473 420 355 605 480 251 107 229 450 356 123
is_linear=0
shrinkage=0.05


Tree=206
num_leaves=31
num_cat=0
split_feature=10 2 6 3 1 9 6 2 11 7 4 9 9 10 6 6 6 7 2 8 9 9 11 2 3 9 7 8 8 1
split_gain=0.0954953 0.129342 0.0928239 0.314572 0.229982 0.395092 0.185577 0.370371 0.172636 0.451071 0.22188 0.445755 0.366324 0.399997 0.28623 0.228682 0.489808 0.430791 0.544485 0.459742 0.47936 0.273544 0.539415 0.54001 0.506673 0.230003 0.375059 0.667049 0.551742 0.44529
threshold=2.0842712252892728 0.070065466139794294 -1.1869673590632133 -0.52116219720580781 -0.48421267813725072 0.69293794669428055 -1.0610417034917423 -0.29780832664808204 1.4436749202024679 1.1574853415732238 1.0800313386245708 2.2417173007326912 2.2417173007326912 0.97699101548487877 -0.32838334380318313 1.1884484164895375 2.8655491929641301 1.69023434397695 1.4440829388726462 1.9450463599621288 -0.49139599248876137 0.57944151231838004 -0.38502760118215218 -0.5491734194217891 -0.047108634477242554 0.2622138828695067 0.32654253101180114 -0.3696310787956385 -0.49357506536296752 -0.50155397542955737
decision_type=2 2 2 2 2 2 2 2 2 2 2 2 2 2 2 2 2 2 2 2 2 2 2 2 2 2 2 2 2 2
left_child=2 -2 3 -1 -5 -6 7 -4 10 -10 11 15 13 14 -12 17 -17 18 21 20 -19 25 -23 -24 -25 -8 27 28 29 -27
right_child=1 -3 6 4 5 -7 8 -9 9 -11 12 -13 -14 -15 -16 16 -18 19 -20 -21 -22 22 23 24 -26 26 -28 -29 -30 -31
leaf_value=-0.044631404620801216 -0.027233269964774227 0.050446017457442927 -0.050411026378430451 0.02701683121640356 -0.041492971967308313 0.043028387119227775 -0.0010205627607635832 0.0031173269923941349 -0.0098347997132008265 0.050811007527337984 -0.017912633928047282 0.050813115724631625 -0.042158824986698984 -0.018408729187743274 0.050796366176651231 0.050613729994971629 -0.011822815370746927 -0.055752892306904694 0.051167978936882366 -0.053719116775543876 0.046754691535851343 -0.047061272229167735 0.030093311975580239 -0.043425157893968176 0.031344000285440182 -0.050959693231231708 0.044480240247541186 -0.048284944112231193 0.047959300116836495 0.014893272405467643
leaf_weight=0.23913321766303886 0.07347156634204921 0.19801404610916506 0.55525013363512699 1.4111170726828282 0.37234150210860995 0.21993020345689729 24.725233589124411 0.77309092367067822 0.66440347279421874 0.56935027544386685 0.22548445872962519 0.43062174253282037 0.8319491387810557 1.3779795938171444 0.46242712286766563 0.65209741788566933 0.60604733636137098 0.18256815522909164 0.51077308313688163 0.77582066069589928 0.30387932318262645 0.9229838551837023 0.82496629294473689 0.82959551434032619 0.31171752593945579 0.36663355783093798 0.73684728471562255 0.49251083750277658 0.83045299863442812 0.85614868719130743
leaf_count=19 14 58 139 49 54 16 1836 31 38 94 11 58 20 49 46 120 29 2 47 18 50 91 51 72 21 39 20 57 13 38
internal_value=-0.000135211 0.0294238 -0.000326 0.0095717 0.0160416 -0.0101074 -0.00088342 -0.0192577 -0.000249308 0.0181519 -0.000858663 0.00026192 -0.0141451 -0.00286378 0.0282749 -0.000379682 0.0205381 -0.00118524 -3.42125e-05 -0.0298251 0.00828266 -0.000880658 -0.0155284 -0.000726689 -0.0230041 0.000630392 0.0130658 0.00397306 0.0165082 -0.00485179
internal_weight=42.3328 0.271486 42.0614 2.24252 2.00339 0.592272 39.8188 1.32834 38.4905 1.23375 37.2567 34.3589 2.89784 2.06589 0.687912 33.9283 1.25814 32.6701 31.4079 1.26227 0.486447 30.8971 2.88926 1.96628 1.14131 28.0078 3.28259 2.54575 2.05324 1.22278
internal_count=3200 72 3128 138 119 70 2990 170 2820 132 2688 2562 126 106 57 2504 149 2355 2285 70 52 2238 235 144 93 2003 167 147 90 77
is_linear=0
shrinkage=0.05


Tree=207
num_leaves=31
num_cat=0
split_feature=7 3 5 1 6 4 9 8 12 8 1 9 7 9 7 12 9 6 6 2 2 2 2 5 1 10 10 10 10 6
split_gain=0.0928724 0.374773 0.409783 0.575229 0.661619 0.312285 0.674212 0.63099 0.381273 0.567648 0.49715 0.32728 0.298614 0.240726 0.903509 0.268736 0.404012 0.365242 0.357444 0.300069 0.420128 0.798173 0.398121 0.359401 0.352694 0.281721 0.67634 0.674915 0.677194 0.792018
threshold=-0.71245176654266851 0.0088618594171846424 0.28972254172480144 -0.41494257657078276 0.55309624519711487 -0.44143170142558324 -1.0007138576871395 -0.80076656880768149 -0.74002698477181994 -0.89281070336826673 -0.51494593986672565 0.054254266186621471 -1.0556258681765083 -1.0972518430228704 -0.37409621458701747 1.0000000180025095e-35 -0.75775560443221923 2.1443386201457049 -0.68326473677732891 -0.62639762872770943 -0.60942377085899468 -0.52362246031922421 -0.50253625459106532 -0.5316492773807372 -0.58602576503959236 -0.21179715288573966 -0.51934678352350616 -0.58563937664697863 -1.3096694806325151 -1.072489490361876
decision_type=2 2 2 2 2 2 2 2 2 2 2 2 2 2 2 2 2 2 2 2 2 2 2 2 2 2 2 2 2 2
left_child=1 2 3 5 12 8 -7 11 10 -10 -1 -8 -5 14 -2 17 18 25 -17 -18 -21 -22 -23 -24 -25 26 27 28 -15 -30
right_child=13 -3 -4 4 -6 6 7 -9 9 -11 -12 -13 -14 15 -16 16 19 -19 -20 20 21 22 23 24 -26 -27 -28 -29 29 -31
leaf_value=-0.033059817561931264 0.031795573303150908 -0.050420434600923172 0.059275695059772621 0.021941492632506669 0.033479833614631041 -0.050794166830491261 -0.051080234955635642 0.024239035386511971 0.02280631011303914 -0.051032714989842881 0.037813544127389402 0.012710486548365735 -0.043216392027635754 0.016213092598531865 -0.050489861452584196 0.0074021010482460559 -0.050783473391782956 0.050750637563629769 -0.050029372262252396 0.032866896969806964 -0.050693759280233612 0.037670726856975451 0.045490211412985329 -0.051039095813514526 -0.0024253413429249104 0.0088372323981686755 -0.036583514780120181 0.037587699662921886 0.030889695229990896 -0.038285050623320473
leaf_weight=0.40375477480120026 1.8500465581309984 0.42120012870873402 0.26330499351024705 0.19476348045282121 0.40087672200752411 0.41739368758862649 0.47487396432552254 3.7698604318138709 0.36195205111289397 0.92664238545694189 0.63909436913672857 0.34872282278956845 1.8097044073510888 1.9508533371845254 0.40698843428981746 0.39279881920083426 0.31269786122720589 0.41194334258034437 0.87318172986851894 0.84113100147806008 0.837095227732786 0.66050882503622688 0.37313836056272798 0.39084701944374778 8.2143736323923946 9.0876194456359354 1.3310053858440412 1.1298067692550837 0.52814174187369589 1.9111127585201759
leaf_count=46 83 103 2 11 19 68 59 211 22 107 17 27 231 104 85 42 36 73 106 31 126 24 20 38 559 572 134 37 25 182
internal_value=-0.000129458 -0.00421843 -0.00227453 -0.00393713 -0.0251582 0.00301492 0.0100487 0.0155773 -0.0121023 -0.0302921 0.0103739 -0.0240703 -0.0368853 0.00122458 0.0169579 1.03898e-05 -0.00538644 0.00426692 -0.03221 -0.00246652 -0.0011315 -0.00386128 0.000205922 -0.00255024 -0.00463337 0.00306552 -0.00459056 0.00312383 -0.00574554 -0.0233075
internal_weight=41.9354 10.4321 10.0109 9.74764 2.40534 7.34229 5.01085 4.59346 2.33144 1.28859 1.04285 0.823597 2.00447 31.5033 2.25703 29.2463 12.8958 16.3505 1.26598 11.6298 11.3171 10.476 9.63887 8.97836 8.60522 15.9385 6.85092 5.51991 4.39011 2.43925
internal_count=3200 923 820 818 261 557 365 297 192 129 63 86 242 2277 168 2109 982 1127 148 834 798 767 641 617 597 1054 482 348 311 207
is_linear=0
shrinkage=0.05


Tree=208
num_leaves=31
num_cat=0
split_feature=12 11 3 3 3 3 1 5 0 2 12 0 7 2 7 2 9 12 4 7 7 2 6 3 7 0 0 1 7 7
split_gain=0.0928081 0.427057 0.234868 0.130434 0.375711 0.286528 0.387307 0.235504 0.302397 0.472172 0.364056 0.219905 0.256889 0.428952 0.208631 0.455193 0.268394 0.51597 0.336955 0.272095 0.22252 0.202032 0.290962 0.196756 0.194315 0.564293 0.426356 0.408596 0.755857 0.462918
threshold=2.2474663095130718 -0.84220323152830712 -0.49056045828588268 2.5549216383180724 4.9662738841152505 1.9458569951648856 2.5289177641824563 1.4169900174534245 1.530513257050377 1.1364962722902126 1.251635211418108 1.5573656483092535 1.5209921970515621 2.4459164779143916 1.7412113822502675 0.39417534796347414 0.57944151231838004 1.0000000180025095e-35 -0.44143170142558324 0.34426901418773442 0.67237047638421177 1.4775055533280745 2.5221155868601182 1.1196828020726919 -0.7582426102791241 0.54335610264837564 -0.98753960173662036 -0.47183627938922462 -0.94316671086567228 -0.95500026722586229
decision_type=2 2 2 2 2 2 2 2 2 2 2 2 2 2 2 2 2 2 2 2 2 2 2 2 2 2 2 2 2 2
left_child=3 -2 -3 5 -5 6 7 8 10 -10 14 -11 21 -14 15 16 20 19 -19 -18 24 -13 -23 -17 26 -26 -1 -28 29 -29
right_child=1 2 -4 4 -6 -7 -8 -9 9 11 -12 12 13 -15 -16 23 17 18 -20 -21 -22 22 -24 -25 25 -27 27 28 -30 -31
leaf_value=-0.050660510026410227 -0.035895663642534263 -0.019155440531249197 0.051160032532974631 0.05073374947981682 -0.010792069436493319 -0.027764783956440553 0.050454185419846857 0.039529176660510729 0.037778829289773747 -0.055378439791706258 0.037923676170358259 -0.055809643685420129 0.050857187980790156 -0.027579592185479292 -0.025336427396633377 0.050813469363531663 -0.042965784693843295 -0.050690468363025459 0.024764387809414652 0.018192881321167673 -0.028080250393648993 0.011833536704831449 -0.046837417377376261 -0.005527660319967289 0.0048110922298714746 -0.048471583454742999 0.006144344340834427 -0.019379480203366158 -0.050700187824079805 0.035815251611691634
leaf_weight=0.49279129118076515 0.29189779778243974 0.15128589700907469 0.5523338966013388 0.45702047580561966 0.54286932409740984 0.97216014470904966 0.37254658920573902 0.35901888887747091 0.34807919437298496 0.46550161857157979 0.62551214639097352 0.4883413218194621 0.31232822115998704 0.3944287394406274 0.82960387476486985 0.61900812160456453 1.3332271039835166 0.18001190066570416 0.83090302109485492 0.21058947232086223 0.66863751334312738 0.4544133409508504 0.39500132668763399 0.20670406718272716 20.997671506891507 0.50894808839075167 4.7426672595320269 0.90407404146390036 1.0738000310666347 0.6551817693107298
leaf_count=122 11 6 69 58 20 30 88 36 74 7 57 7 53 24 56 67 139 29 56 11 78 39 10 12 1340 89 349 87 162 14
internal_value=-0.000133348 0.0149486 0.0360414 -0.000504613 0.0173296 -0.000956736 -0.000279262 -0.000775387 -0.00115883 -0.0167946 0.000122401 -0.0243626 -0.0173008 0.00708299 -0.000567892 4.68743e-05 -0.000881777 -0.0164401 0.0113283 -0.0346232 0.000441202 -0.0301831 -0.0154501 0.0367094 0.00109041 0.00355017 -0.00563274 -0.00262432 -0.0184185 0.00381273
internal_weight=41.4366 0.995518 0.70362 40.441 0.99989 39.4412 38.469 38.0964 37.7374 2.85809 34.8793 2.51001 2.04451 0.706757 34.2538 33.4242 32.5985 2.55473 1.01091 1.54382 30.0438 1.33776 0.849415 0.825712 29.3751 21.5066 7.86851 7.37572 2.63306 1.55926
internal_count=3200 86 75 3114 78 3036 3006 2918 2882 214 2668 140 133 77 2611 2555 2476 235 85 150 2241 56 49 79 2163 1429 734 612 263 101
is_linear=0
shrinkage=0.05


Tree=209
num_leaves=31
num_cat=0
split_feature=0 3 0 0 11 11 2 0 0 7 2 0 9 7 7 8 8 12 2 0 8 2 8 0 0 1 7 3 7 2
split_gain=0.0940859 0.300033 0.119263 0.141886 0.439509 0.278071 0.342668 0.254234 0.26614 0.302694 0.552342 0.49158 0.274999 0.434557 0.548587 0.395546 0.545393 0.258636 0.461784 0.228337 0.289893 0.329158 0.19824 0.839223 0.578465 0.798349 0.5302 0.406613 0.399371 0.330153
threshold=2.1666511591977167 -0.26108899134453095 2.1082722643615655 1.9028524291508331 1.4436749202024679 1.4436749202024679 2.3286866434053652 1.7996030111991581 1.5805432220787325 1.5209921970515621 0.87936879924589173 1.4305827725244109 0.57944151231838004 -0.86679013174991326 0.70557035139073532 -0.81093604403492547 -0.81865738961252987 -1.0000000180025095e-35 0.97752512498495203 1.530513257050377 1.7870833896375522 1.6891274532491829 -0.26158706778672614 -0.68395150822035389 -0.16090846121821747 -0.42645607738533481 0.23321390571243181 -0.51619296592505359 0.67237047638421177 -0.62718486310651722
decision_type=2 2 2 2 2 2 2 2 2 2 2 2 2 2 2 2 2 2 2 2 2 2 2 2 2 2 2 2 2 2
left_child=2 -2 3 5 -5 7 -7 8 9 10 12 -12 22 -14 15 16 -15 18 -11 20 21 -19 28 -24 25 -25 29 -27 -1 -26
right_child=1 -3 -4 4 -6 6 -8 -9 -10 17 11 -13 13 14 -16 -17 -18 19 -20 -21 -22 -23 23 24 26 27 -28 -29 -30 -31
leaf_value=0.0035271071438743732 -0.027742731423502177 0.050516597800609311 -0.022174549572774434 0.050965099271662817 -0.033497102596679901 0.050933784969322771 -0.012038968454524358 -0.026292510456933146 0.041450078818975222 -0.037841672261868388 0.051137026331757533 -0.011361238480708143 0.019083843032635113 -0.0504520599023544 0.039272910290196118 -0.047966243030807695 0.067281258096787616 -0.021442512099813044 0.050814221627205391 -0.057270570740787535 -0.031959173076771416 0.051056288208515682 -0.040894488561531599 0.024198756882451829 0.02285834984846831 0.030424737373763507 0.031636666833387825 -0.051022465993111416 -0.050626016408893304 -0.050956758529252147
leaf_weight=22.735140091681384 0.19672189009725116 0.3244849068869361 0.6192952822893848 0.4560061484517054 0.23257876472780481 0.56365566253953048 0.35027257731417194 0.97655278071761031 0.37518663227092375 0.25907508179079775 0.96684950630878919 0.46640431601554155 0.68140442305593785 0.19693827751325443 0.27523818827467028 1.5011475678184059 0.19653103256132487 0.35770583574776482 0.33916930435225368 0.43141760863363732 1.1225694163586011 0.27841990540036932 1.4396383782732298 3.0403292449773289 0.17841985367704172 0.20277164084836841 0.33275272080209095 0.62730991881107945 0.34563855393207532 1.0033897516550592
leaf_count=1562 25 119 24 50 10 81 20 40 67 12 85 18 44 38 21 152 2 25 42 6 38 36 251 125 8 10 28 68 57 136
internal_value=-0.000129578 0.0209788 -0.000400881 -6.32027e-05 0.0224369 -0.000457995 0.0267988 -0.0011079 -0.000449482 -0.000874601 0.000417285 0.0307991 -0.000912057 -0.0157489 -0.0266875 -0.0362699 0.00835367 -0.0167153 0.012421 -0.024674 -0.0166779 0.0102888 0.00050253 -0.00698393 0.00208184 0.0123332 -0.0241152 -0.0311266 0.00271615 -0.0398128
internal_weight=41.073 0.521207 40.5518 39.9325 0.688585 39.2439 0.913928 38.33 37.3534 36.9783 34.1899 1.43325 32.7566 2.85126 2.16986 1.89462 0.393469 2.78836 0.598244 2.19011 1.7587 0.636126 29.9054 6.82461 5.38497 3.87041 1.51456 0.830082 23.0808 1.18181
internal_count=3200 144 3056 3032 60 2972 101 2871 2831 2764 2605 103 2502 257 213 192 40 159 54 105 99 61 2245 626 375 203 172 78 1619 144
is_linear=0
shrinkage=0.05


Tree=210
num_leaves=31
num_cat=0
split_feature=1 0 1 4 6 4 2 2 9 10 6 0 1 1 8 10 0 9 7 9 3 5 9 9 5 5 0 1 5 0
split_gain=0.0939498 0.906882 0.699775 0.526111 0.476739 0.37981 0.413526 0.839609 0.544137 0.438999 0.64422 0.512719 0.434725 0.35729 0.317069 0.335121 0.268949 0.713088 0.549708 0.316008 0.288214 0.491813 0.256483 0.514606 0.268222 0.242432 0.257955 0.87995 0.719611 0.632779
threshold=-0.54841222683799962 -0.94193629397106149 -0.56525070204263117 -0.063503577663305763 -1.1984151459333472 -0.06734891957222737 -0.55935715586603918 -0.61598382059233459 -0.93596688081279178 0.61276048349846202 -0.19100990136157828 -0.59070947984302158 -0.63184954001899396 -0.54558561461518407 -0.26851243215764925 -0.041398772367113125 -1.0326644869479418 -1.1185685682044857 -0.7088178460563298 -1.0972518430228704 -0.35979401400654704 -0.5238446889404057 -0.35760655612334546 -1.1416551648470044 -0.5316492773807372 -0.59675889329748533 -0.57919804065690472 -0.35226049805867143 -0.080812678547923192 -0.63095583996529825
decision_type=2 2 2 2 2 2 2 2 2 2 2 2 2 2 2 2 2 2 2 2 2 2 2 2 2 2 2 2 2 2
left_child=1 -1 3 5 -5 6 7 8 -3 10 11 14 -10 -2 15 -8 18 -18 -15 -19 21 -20 23 -12 -25 -21 27 28 29 -27
right_child=13 2 -4 4 -6 -7 9 -9 12 -11 22 -13 -14 16 -16 -17 17 19 20 25 -22 -23 -24 24 -26 26 -28 -29 -30 -31
leaf_value=-0.050789505764472255 0.045405300714629504 0.045633438379318714 -0.045394740358700197 0.031431427800560678 -0.050513549799464187 0.060517489099060684 -0.050907349999961493 -0.050785736698777451 0.021121137425914739 0.037160125400441384 0.0403752125721034 -0.050876942331016341 -0.05105017763899522 -0.050374357245270521 0.038260251272431871 0.0231720715512772 -0.050503739598188706 0.03577255174575257 0.041574924369338483 0.044321033571947915 0.039981201845867655 -0.050644444518151935 0.031437832158952024 0.021995796449846883 -0.050744719606614544 0.015573917676678255 0.0022023907959359697 -0.040117410898188668 -0.051483877504541059 -0.051343564766416466
leaf_weight=0.94848159358661988 0.45359137031482788 0.64134752261452377 0.77663947135442768 0.23334241047268733 0.74153752817073915 0.32915913313627143 0.34867552272044122 0.87626336851098585 0.41000023472588509 1.4066092985449357 0.46231039497070014 0.72356033042888146 0.42487769620493077 0.26091111294226754 0.4084810960630374 0.27157724928110838 0.69965318150935374 0.62499741069041803 0.30361467669717968 0.30189850625175552 1.3152950768126197 0.27600345798418868 1.7919580320885922 0.17902787355706096 0.43383573612663917 3.6788999931304711 18.682633510878052 1.7102087346429602 0.55625617777695868 0.39080278936307911
leaf_count=184 13 18 85 10 147 3 39 158 26 55 12 98 35 67 18 9 135 23 7 12 51 44 67 6 57 173 1365 206 52 25
internal_value=-0.000126118 -0.00397488 0.000270457 0.00393327 -0.0308996 0.00783303 0.00576326 -0.012015 0.0109986 0.0127037 0.00525673 -0.0186276 -0.0156076 0.00137468 0.00405494 -0.0184717 0.000681237 -0.000693109 0.0176677 0.000650087 0.0270365 -0.00233824 0.019854 0.000547696 -0.029496 -0.000216849 -0.000754282 -0.00947224 0.00185723 0.00914801
internal_weight=40.6625 11.4077 10.4592 9.68256 0.97488 8.70768 8.37852 2.35249 1.47623 6.02604 4.61943 1.75229 0.834878 29.2548 1.02873 0.620253 28.8012 26.6454 2.15582 25.9457 1.89491 0.579618 2.86713 1.07517 0.612864 25.3207 25.0188 6.33617 4.62596 4.0697
internal_count=3200 1027 843 758 157 601 598 237 79 361 306 164 61 2173 66 48 2160 1991 169 1856 102 51 142 75 63 1833 1821 456 250 198
is_linear=0
shrinkage=0.05


Tree=211
num_leaves=31
num_cat=0
split_feature=0 3 6 8 4 0 0 5 6 9 1 4 1 6 6 1 6 9 3 3 9 5 9 8 12 0 1 10 6 1
split_gain=0.0876255 0.28392 0.121327 0.722087 0.512419 0.461733 0.445793 0.397125 0.292068 0.441691 0.462154 0.490067 0.522022 0.478154 0.395283 0.667917 0.428416 0.40465 0.329349 0.579143 0.677915 1.03125 0.536171 0.634644 0.72038 0.597342 0.520446 0.418439 0.596654 0.416037
threshold=2.1666511591977167 -0.26108899134453095 0.41572280275550993 -0.5292771265721824 -0.38442078730432289 -0.36435580584953903 0.33484190877001879 -0.58021129192019882 0.083736983521631461 -0.24784238097039532 -0.41239590979717583 -0.449698846770969 -0.59316825847168986 0.36993165527497501 -0.11087539327064211 -0.29543068525098165 -0.030740885179705944 1.3390854832963273 -0.50033097130084458 -0.48676529919091976 -0.62618322737723475 -0.30155381090757954 -0.53815491610554311 1.313642735767492 -0.74002698477181994 -0.75288375657835027 -0.56525070204263117 -0.96827329876349266 -0.93511604792027125 -0.19004845802386253
decision_type=2 2 2 2 2 2 2 2 2 2 2 2 2 2 2 2 2 2 2 2 2 2 2 2 2 2 2 2 2 2
left_child=2 -2 8 7 -5 -6 -7 -4 14 10 11 -10 -13 -12 18 17 -17 -16 -1 -20 27 29 -23 24 25 -24 -27 28 -21 -22
right_child=1 -3 3 4 5 6 -8 -9 9 -11 13 12 -14 -15 15 16 -18 -19 19 20 21 22 23 -25 -26 26 -28 -29 -30 -31
leaf_value=-0.015451534674666024 -0.02656782887333425 0.050490761426402214 0.049506441747875475 0.029749672309299521 -0.046184092139538585 0.030308405528000727 -0.0074881030596825136 -0.050713558053895491 -0.029335029430421773 0.020083826747295301 -0.04910803566861368 -0.025607928348937322 0.033109231882635794 0.021776190417196709 -0.050804976598920651 -0.033167837538500909 0.032467329847097957 0.032837185599571342 0.037949919366827914 0.027610584237617797 -0.050391541580420599 -0.052456243686860263 0.039951591990587738 0.049146807612523546 -0.015848314012081168 0.023871095953399622 -0.045031335290639574 0.017273041611658005 -0.050825613816096162 0.018025599963891154
leaf_weight=2.7897288988606332 0.19529278986738063 0.30814093977096391 0.10869346209801722 1.2232028298021758 0.63149977120337908 0.94027494528563593 4.5806079234462231 1.0910204328538382 0.66821487885317798 4.3495463826984615 0.84827010612934806 0.49060625060519747 1.6569584107492117 0.33063976815901697 1.3447812785161661 0.38223401631694287 0.71121900260914717 0.16202213865471993 1.1129728181986198 0.41941544064320624 1.6402999887068288 0.45219428039855092 1.454008906031959 0.69219081359915424 3.5749599337577473 0.5762990700895898 0.5225702137686381 6.0479860755440411 0.57463953201659013 0.25701485454920536
leaf_count=271 25 119 3 92 71 51 309 172 60 175 80 57 53 15 189 34 33 6 36 27 244 41 39 88 299 32 64 401 82 32
internal_value=-0.000130682 0.0205981 -0.00039398 -0.00565878 0.000192908 -0.0056835 -0.00105089 -0.0416337 0.00105963 0.00905941 -0.00294433 0.00805997 0.0196954 -0.0292277 -0.00187911 -0.0202241 0.00952351 -0.0418112 0.000492414 0.00305983 0.000664519 -0.00829574 0.000269009 0.0037649 -0.00136137 0.0189256 -0.00889564 0.0123318 -0.0177315 -0.0411236
internal_weight=40.1375 0.503434 39.6341 8.5753 7.37559 6.15238 5.52088 1.19971 31.0588 8.34424 3.99469 2.81578 2.14756 1.17891 22.7145 2.60026 1.09345 1.5068 20.1143 17.3246 16.2116 9.16954 7.27222 6.82003 6.12784 2.55288 1.09887 7.04204 0.994055 1.89731
internal_count=3200 144 3056 698 523 431 360 175 2358 440 265 170 110 95 1918 262 67 195 1656 1385 1349 839 563 522 434 135 96 510 109 276
is_linear=0
shrinkage=0.05


Tree=212
num_leaves=31
num_cat=0
split_feature=1 1 4 6 11 3 9 6 1 4 1 2 9 2 9 8 10 3 6 5 10 8 2 8 2 9 10 9 9 6
split_gain=0.0839324 0.615223 0.4878 0.418858 0.417799 0.507333 0.519123 0.329193 0.324618 0.313461 0.336471 0.400674 0.43318 0.381485 0.516615 0.508502 0.314385 0.529558 0.349849 0.514043 0.245253 0.692109 0.414805 0.51255 0.406081 0.379065 0.332566 0.506645 0.41195 0.394835
threshold=-0.54841222683799962 -0.56525070204263117 -0.063503577663305763 -1.1984151459333472 0.52932365951015792 -0.55862915082987807 0.49532658395159151 -1.1984151459333472 -0.54558561461518407 -0.06734891957222737 -0.64448539392447113 -0.63488434538077343 1.3390854832963273 -0.55069853381578837 -0.93596688081279178 0.12339272282884474 0.61276048349846202 -0.48381697949935337 -0.19100990136157828 -0.40767023778265582 0.61276048349846202 -0.57220428632768028 2.2738930693361579 1.7641034443092669 2.0636603349898412 1.0000000180025095e-35 -0.66223135849169101 -0.80354214332994855 -0.61242554813479133 0.083736983521631461
decision_type=2 2 2 2 2 2 2 2 2 2 2 2 2 2 2 2 2 2 2 2 2 2 2 2 2 2 2 2 2 2
left_child=1 2 4 -4 9 -6 7 -7 -2 10 11 -1 -13 14 -12 -16 17 -15 19 -19 22 -22 23 26 -23 -26 -10 -28 -29 -30
right_child=8 -3 3 -5 5 6 -8 -9 20 -11 13 12 -14 16 15 -17 -18 18 -20 -21 21 24 -24 -25 25 -27 27 28 29 -31
leaf_value=0.047661280650038509 0.043918241665283679 -0.045353694829407043 0.024247959441099837 -0.050473158507672103 0.047062759166393103 0.010391995755129144 0.027983291381208465 -0.050854021780054715 -0.0064286334075399926 0.057192212165709445 0.028812880429017758 -0.050448746883771572 0.047787039124417986 -0.050869305362718914 -0.050825643876862781 0.022400103607638579 0.042218689226907212 0.027661993071078292 0.032235079465450484 -0.050724540545935871 -0.050765270842722511 -0.007468012681191627 -0.024319002943066107 0.050714269348135235 -0.027860812905449974 0.038912004562930702 -0.013061586000832681 0.03006956973744327 -0.0025856302854757132 0.019537137574491568
leaf_weight=0.18047880772792269 0.43969541747356089 0.82589478138834138 0.24533225427148864 0.79632422898430266 0.27298382771550711 0.26978723914362479 0.35613861226011057 1.1747107664268694 5.5353956883191229 0.32317944522947151 0.6125076173339038 0.69382602366385782 0.13387206452898681 0.30707990593509515 0.77239041289430754 0.34209007926983759 1.1417294149287043 0.46802764001767883 1.6358373708790237 0.37812184286303829 0.80732348997844372 5.7232125921727848 1.2583287816378277 0.60217360279057075 0.27286326795001492 0.96152973796415608 2.3092190825264067 2.6028490904718717 4.5462968339852345 3.6250239540968323
leaf_count=9 13 104 12 175 17 8 22 165 472 3 25 180 3 40 103 21 28 14 55 43 118 425 62 92 16 136 240 95 330 174
internal_value=-0.000133476 -0.00386179 -0.000470405 -0.0328747 0.00325409 -0.0164552 -0.0260848 -0.0394152 0.00128724 0.00910167 0.00677014 -0.0198412 -0.0345601 0.0115121 -0.00807549 -0.028349 0.0201179 0.0110707 0.0187341 -0.00736688 0.000623573 -0.00694303 0.00349253 0.00531325 -0.00185813 0.0241518 0.00384488 0.00819146 0.0127466 0.00722864
internal_weight=39.6142 10.9303 10.1044 1.04166 9.06276 2.07362 1.80064 1.4445 28.6839 6.98914 6.66596 1.00818 0.827698 5.65778 1.72699 1.11448 3.9308 2.78907 2.48199 0.846149 28.2442 7.76493 20.4793 19.221 6.95761 1.23439 18.6188 13.0834 10.7742 8.17132
internal_count=3200 1027 923 187 736 212 195 173 2173 524 521 192 183 329 149 124 180 152 112 57 2160 695 1465 1403 577 152 1311 839 599 504
is_linear=0
shrinkage=0.05


Tree=213
num_leaves=31
num_cat=0
split_feature=4 4 4 7 4 2 6 6 6 1 2 6 2 9 4 0 2 1 5 0 11 1 5 2 1 4 9 4 2 6
split_gain=0.0835602 0.169835 0.153797 0.239717 0.182424 0.214216 0.263439 0.148245 0.539828 0.791297 0.511112 0.473764 0.420059 0.586481 0.657593 0.622498 0.43832 0.560825 0.495314 0.72292 0.711409 0.536675 0.53244 0.511649 0.443893 0.391593 0.381201 0.343106 0.480851 0.336339
threshold=-0.62050816202769388 -0.61026752394455841 -0.59162046264247503 -0.77558885829974356 -0.58698813852144871 -0.63735761389618728 -0.91222047418000374 0.083736983521631461 -0.11087539327064211 -0.20870473754150617 -0.62405837872654368 0.15242370474243391 -0.54295881379775024 -0.88111815688133843 -0.2856482198693906 -1.0441996313413673 -0.51418418224812157 -0.56877160486173917 -0.24542870081337956 -0.59070947984302158 0.98649928985631286 -0.62917904104589562 -0.23564188496286539 -0.41162463686833839 0.56554074109709163 0.032540542191864204 -0.56700975125511521 -0.26474965357614949 -0.29780832664808204 -0.030740885179705944
decision_type=2 2 2 2 2 2 2 2 2 2 2 2 2 2 2 2 2 2 2 2 2 2 2 2 2 2 2 2 2 2
left_child=-1 -2 3 -3 -4 6 -6 8 10 -10 -7 -9 13 14 -12 -15 17 -14 19 21 22 -18 -20 -23 25 27 -25 28 -24 -11
right_child=1 2 4 -5 5 7 -8 11 9 29 12 -13 16 15 -16 -17 18 -19 20 -21 -22 23 24 26 -26 -27 -28 -29 -30 -31
leaf_value=-0.027140965014500473 0.020171244458704274 0.0086025506139892106 0.031092168510912843 -0.04950991461268308 0.0071373086222926768 0.025780423443469015 -0.050505035187655173 0.024878149538111249 -0.050799806423958573 -0.026471385082751788 0.037509434809133595 0.00022884650047087139 -0.050454705482427011 0.02767769901127903 -0.051106492338092328 -0.042931025637797049 0.045589883285385047 0.031969773995424382 0.064729212262347666 -0.036287366318390656 -0.027036061958416093 -0.050667920938861494 -0.050813809663375765 0.028317601077616873 0.049054511099383497 -0.026822676062932274 -0.029483481905392996 0.025521110105272495 0.018186260757854084 0.039778713721617127
leaf_weight=0.28431322473625087 1.0225882132071991 0.32213246414903551 0.46477978583425184 0.39513952878769387 0.34625640563899651 1.7446645339805389 0.46360761616960999 2.2703194295172606 1.2987533754203471 0.32473493949510157 0.75596677599241957 13.788964169332756 0.23273741846787777 0.36956224561436135 0.28952980219037294 2.0092537657474159 0.58133666717913035 1.8218670099449781 0.49349366719252064 2.1310840054939 1.2344730923650784 0.53443044470623147 0.4340405614930205 0.8040547885466367 0.61806699575390656 0.83554733006167214 0.44208100362447977 1.7739983299980051 0.60366126871667447 0.46720378284226782
leaf_count=65 26 20 13 45 23 71 85 79 188 27 42 1069 45 41 56 327 26 87 10 243 99 78 57 36 81 95 38 80 22 26
internal_value=-0.000133187 6.43386e-05 -0.000478862 -0.0234112 -3.59126e-05 -0.000430454 -0.0258601 0.000143854 -0.00275136 -0.0267796 8.52356e-05 0.00371355 -0.00272272 -0.0182436 0.012969 -0.0319616 0.00151528 0.0226331 -0.00262238 -0.015173 0.00678644 0.00387798 0.0155603 -0.00974053 0.00987145 0.00323144 0.007812 0.0121626 -0.0106745 0.0126128
internal_weight=39.1586 38.8743 37.8517 0.717272 37.1345 36.6697 0.809864 35.8598 19.8005 2.09069 17.7098 16.0593 15.9652 3.42431 1.0455 2.37882 12.5409 2.0546 10.4863 4.49299 5.99328 2.3619 4.75881 1.78057 4.26531 3.64725 1.24614 2.8117 1.0377 0.791939
internal_count=3200 3135 3109 65 3044 3031 108 2923 1775 241 1534 1148 1463 466 98 368 997 132 865 421 444 178 345 152 335 254 74 159 79 53
is_linear=0
shrinkage=0.05


Tree=214
num_leaves=31
num_cat=0
split_feature=10 1 6 8 5 8 3 2 5 0 10 0 5 5 9 3 7 2 6 9 11 2 10 1 6 9 1 6 1 9
split_gain=0.0876963 0.133705 0.0939512 0.693145 0.382476 0.298211 0.302326 0.320395 0.294363 0.3083 0.436714 0.607591 0.74482 0.462443 0.383279 0.328941 0.529464 0.27162 0.268948 0.377028 0.481916 0.581882 0.442467 0.525559 0.432139 0.517394 0.492185 0.339518 0.581065 0.389671
threshold=2.0842712252892728 -0.12599319565942518 0.41572280275550993 -0.5292771265721824 -0.58021129192019882 1.8473808696127203 4.9662738841152505 2.3286866434053652 -0.5103099349167014 -0.37993576881572488 1.182757133119076 1.7996030111991581 -0.37641788488831157 0.69076997025876208 0.30867334519599221 1.6754764446151218 1.8104635086917404 -0.5163232542232592 0.083736983521631461 -0.24784238097039532 -1.0000000180025095e-35 -0.55069853381578837 1.3452438030625775 -0.41239590979717583 0.15242370474243391 -1.2380469847259292 -0.48718724280384718 -0.11087539327064211 -0.29543068525098165 0.81103858648067917
decision_type=2 2 2 2 2 2 2 2 2 2 2 2 2 2 2 2 2 2 2 2 2 2 2 2 2 2 2 2 2 2
left_child=2 -2 5 4 -4 6 7 18 -5 14 11 12 -11 -13 -10 16 -12 -14 27 22 21 -21 23 24 -20 -26 -27 29 -29 -1
right_child=1 -3 3 8 -6 -7 -8 -9 9 10 15 13 17 -15 -16 -17 -18 -19 19 20 -22 -23 -24 -25 25 26 -28 28 -30 -31
leaf_value=0.0015768540682571466 -0.03713353141987806 0.05041737708162794 0.049168046340041259 0.045683154771053371 -0.050681546840005247 0.035633457155957317 -0.049313068483383599 0.050834268317632214 -0.049006238858909118 -0.040236917428143122 0.050847073407503385 -0.032222638039918393 -0.010602979401829971 0.024368445122427057 0.029644238231559691 -0.033929027206580253 -0.021778582842500217 0.046567369933322035 0.027956533750179088 -0.050897322144426896 0.033558254771229527 0.014688880548566947 0.053044380999553109 -0.038830606300716254 0.051211471754815274 -0.050908094444886157 0.015714912724735412 -0.041517275375951512 0.012038886450482856 -0.024877801389719921
leaf_weight=16.957218455383568 0.057008554926142097 0.18551746124285173 0.10577893606387068 0.34570433702901926 1.027690395421814 0.60861566415405732 0.30420658132061262 0.31637624505674367 0.6387868093443102 0.33851854986278329 0.39240148814860754 0.99991091404808663 0.23515382769983295 0.56496263132430613 0.20448644924908876 1.1522102978196924 0.69620200293138623 1.7833625695202489 1.0680559831671428 0.43837740953313176 2.3243539400573336 1.479619469027966 0.31929268490057428 1.013894179894123 0.25288166268728729 0.78577319621399555 0.42832962999818713 1.3566607848333663 0.80815860914299875 1.5164683010370925
leaf_count=1423 13 59 3 25 172 92 5 36 78 24 53 54 17 47 16 30 45 175 39 46 66 60 7 92 5 102 21 194 52 149
internal_value=-0.000134534 0.0298375 -0.000323518 -0.00496835 -0.0413633 0.000991173 0.000273295 0.000792279 0.000642939 -0.00157953 0.00230037 0.0123613 0.0283968 -0.0117917 -0.0299342 -0.0153084 0.00440029 0.0399071 0.00024158 0.00795604 0.01825 -0.000301503 -0.00333355 -0.00840579 0.00376267 -0.013852 -0.0274038 -0.00279007 -0.021524 -0.000594756
internal_weight=38.706 0.242526 38.4635 8.48517 1.13347 29.9783 29.3697 29.0655 7.3517 7.006 6.16272 3.92191 2.35703 1.56487 0.843273 2.24081 1.0886 2.01852 28.7491 8.11058 4.24235 1.918 3.86823 3.54893 2.53504 1.46698 1.2141 20.6385 2.16482 18.4737
internal_count=3200 72 3128 739 175 2389 2297 2292 564 539 445 317 216 101 94 128 98 192 2256 438 172 106 266 259 167 128 123 1818 246 1572
is_linear=0
shrinkage=0.05


Tree=215
num_leaves=31
num_cat=0
split_feature=0 3 6 8 4 0 1 3 3 1 8 3 4 9 8 2 6 6 6 1 6 9 9 8 9 11 9 10 1 4
split_gain=0.0883879 0.255385 0.107143 0.638503 0.440672 0.402412 0.386523 0.34671 0.294245 0.271203 0.398766 0.260024 0.375121 0.449966 0.5487 0.305399 0.470526 0.256474 0.332823 0.49393 0.398101 0.379548 0.370209 0.453492 0.33086 0.441568 0.590648 0.411842 0.480514 0.504772
threshold=2.1666511591977167 -0.26108899134453095 0.41572280275550993 -0.5292771265721824 -0.38442078730432289 -0.36435580584953903 -0.54060072574269447 2.5549216383180724 -0.55428211222392354 1.0168475337475449 -0.14525739711955646 1.9458569951648856 0.071106762154513989 1.6346045433690966 -0.064543436672427554 1.5715216972039561 0.64467854015818482 0.083736983521631461 -0.11087539327064211 -0.29543068525098165 -0.030740885179705944 1.3390854832963273 0.81103858648067917 1.313642735767492 -0.24784238097039532 -1.0000000180025095e-35 0.30867334519599221 1.3452438030625775 -0.41239590979717583 -0.40453228912572742
decision_type=2 2 2 2 2 2 2 2 2 2 2 2 2 2 2 2 2 2 2 2 2 2 2 2 2 2 2 2 2 2
left_child=2 -2 9 8 -5 -6 -7 11 -4 17 -11 12 15 14 -14 16 -8 18 22 21 -21 -20 -1 -24 27 26 -26 28 29 -19
right_child=1 -3 3 4 5 6 7 -9 -10 10 -12 -13 13 -15 -16 -17 -18 24 19 20 -22 -23 23 -25 25 -27 -28 -29 -30 -31
leaf_value=0.0014403756810282154 -0.024449971138889619 0.050467418756594842 0.031246915780096907 0.027974462922637063 -0.045348371872517029 0.042003404190123141 -0.045621779020556058 0.029441337428855841 -0.05065953617848204 -0.051382442154176589 0.039539660557470067 -0.036061670794096702 -0.051889186044777214 -0.01716446496432095 0.048659971246774368 -0.036666822386555269 0.0508070661683723 -0.031656714427418693 -0.050698434514779817 -0.038419509625537411 0.028860796313370192 0.032620189966121829 -0.041199597471783034 0.026521164360420641 0.017255904737129998 0.032121793968174175 -0.044516381858783496 0.052440428349870033 -0.037993869475361729 0.018033657985929166
leaf_weight=16.985585612201255 0.18655150273116305 0.29151315049966697 0.12384441198082641 1.1736518337565938 0.57391825621016224 0.47019410133361716 0.22014278755523298 0.62117171974387009 0.95675168474554062 0.14045284083113074 0.85282419243594532 0.80884794506710012 0.16089511860627581 0.79722370370291162 0.86579326604260209 1.1175826556864192 0.29741710374946706 0.71959379088366482 1.157021855353378 0.33267149230232462 0.64839762565680459 0.15499622671632085 1.0626397330779571 0.32215533300768573 1.3458162135793825 2.2990350701729758 0.54314984229858954 0.30713068856857706 0.9616041260305791 1.7637923372967637
leaf_count=1422 25 119 14 92 71 14 17 50 161 4 122 16 5 54 122 42 40 73 189 30 26 6 108 26 50 62 49 7 90 94
internal_value=-0.000131528 0.021233 -0.000401842 -0.00546412 -1.94584e-05 -0.00555697 -0.00129576 -0.00545994 -0.0412724 0.000998545 0.026683 -0.0105396 -0.00457171 0.0110185 0.0329026 -0.0219618 0.0097913 0.000106638 -0.00282827 -0.020789 0.00604666 -0.0408555 -0.000586312 -0.0254452 0.00774446 0.0174053 -0.000505985 -0.00303864 -0.00798476 0.00363522
internal_weight=38.2624 0.478065 37.7843 8.18743 7.10684 5.93319 5.35927 4.88907 1.0806 29.5969 0.993277 4.2679 3.45905 1.82391 1.02669 1.63514 0.51756 28.6036 20.6635 2.29309 0.981069 1.31202 18.3704 1.3848 7.94012 4.188 1.88897 3.75212 3.44499 2.48339
internal_count=3200 144 3056 698 523 431 360 346 175 2358 126 296 280 181 127 99 57 2232 1807 251 56 195 1556 134 425 161 99 264 257 167
is_linear=0
shrinkage=0.05


Tree=216
num_leaves=31
num_cat=0
split_feature=12 11 3 3 8 3 1 0 2 12 7 7 0 6 0 4 0 1 7 2 4 3 4 8 4 4 8 9 6 6
split_gain=0.0921063 0.342614 0.198173 0.117937 0.659857 0.215057 0.340698 0.177532 0.426535 0.352081 0.227189 0.302721 0.229207 0.366314 0.196441 0.218842 0.378554 0.384379 0.477031 0.324611 0.179581 0.401259 0.300899 0.33421 0.307472 0.504401 0.306906 0.33936 0.306303 0.540436
threshold=2.2474663095130718 -0.84220323152830712 -0.49056045828588268 2.5549216383180724 0.49910078562768412 1.9458569951648856 2.5289177641824563 1.530513257050377 1.1364962722902126 1.251635211418108 0.92642579206975795 1.3838853872389729 1.5573656483092535 0.7934997694699234 1.3111020490317455 0.099369598729839012 -0.40513010400760469 0.64593486761137875 -0.54739462153556973 -0.6388851069117637 0.018200078826350885 -0.16485053153286366 -0.042052330150773802 -0.96712325108514074 -0.072140712628948056 -0.10229681383388389 -0.94934480707556113 -1.1416551648470044 -0.69471252364746272 0.3470360815347075
decision_type=2 2 2 2 2 2 2 2 2 2 2 2 2 2 2 2 2 2 2 2 2 2 2 2 2 2 2 2 2 2
left_child=3 -2 -3 5 -5 6 7 9 -9 14 -10 -12 -13 -14 15 20 19 18 -18 -17 22 -22 24 -24 25 26 27 -1 -26 -30
right_child=1 2 -4 4 -6 -7 -8 8 10 -11 11 12 13 -15 -16 16 17 -19 -20 -21 21 -23 23 -25 28 -27 -28 -29 29 -31
leaf_value=0.030836650850285557 -0.032744243463095825 -0.016484920181740453 0.051069712558321392 -0.037112581998634861 0.050962936829997835 -0.025043747925064076 0.050410474191217969 0.037764784109038906 0.01924787160725806 0.038061421164849923 -0.048968742318576682 -0.05278773736323962 -0.018889054276022357 0.050655340812788302 0.033792115609567797 0.034978991446044647 0.018733852090777207 0.043094855876931376 -0.041418142409398478 -0.051006028724675502 -0.03065499241437053 0.031675613236254785 0.029817088251543868 -0.048881145077661371 0.048854233799453188 -0.050790173439344936 0.001077563470098871 -0.050615374240689029 -0.046942146386965589 0.043937260795670209
leaf_weight=0.16585817572195083 0.25677681883098558 0.14003085775766522 0.48306293354835261 0.34386631031520565 0.55731939690303989 0.90344796399585803 0.32764532232249521 0.35768420499516596 0.30725516600068692 0.60319535579765116 0.88131704600527916 0.24775046692229785 0.64837335483753122 0.26746176290907897 0.41210397391114284 0.12635018350556493 0.61732620955444872 0.38997507857857261 0.70716401329263934 0.83613417373271692 0.33492855762597162 1.1271432239154808 0.17380586033686996 0.60275688441471231 0.63517342234263197 0.49689009407302265 23.673942991954391 0.55844489327866043 0.3158503133454349 0.33934766898164526
leaf_count=12 11 6 69 10 68 30 88 80 25 60 26 5 46 49 40 5 64 54 85 143 55 52 3 111 16 62 1770 110 33 12
internal_value=-0.000129463 0.0158586 0.0358878 -0.000510091 0.0173559 -0.000956617 -0.000337583 -0.000815021 -0.0131049 0.000221943 -0.0208404 -0.0268639 -0.0101213 0.00142079 -0.000502344 -0.000956762 -0.0146237 -0.000535795 -0.0133821 -0.0397183 0.000330372 0.017397 -0.000595102 -0.0312674 0.000314521 -0.000918989 9.66787e-05 -0.0319637 0.0241126 0.000127161
internal_weight=37.8384 0.879871 0.623094 36.9585 0.901186 36.0573 35.1539 34.8262 2.70984 32.1164 2.35216 2.0449 1.16359 0.915835 31.5132 31.1011 2.67695 1.71447 1.32449 0.962484 28.4241 1.46207 26.9621 0.776563 26.1855 24.8951 24.3982 0.724303 1.29037 0.655198
internal_count=3200 86 75 3114 78 3036 3006 2918 231 2687 151 126 100 95 2627 2587 351 203 149 148 2236 107 2129 114 2015 1954 1892 122 61 45
is_linear=0
shrinkage=0.05


Tree=217
num_leaves=31
num_cat=0
split_feature=12 11 3 3 8 8 6 5 7 4 6 9 6 3 1 5 9 4 4 4 4 7 4 3 3 3 5 5 4 4
split_gain=0.0860113 0.319868 0.21069 0.1106 0.622176 0.20892 0.188367 0.281739 0.235841 0.131959 0.444347 0.523535 0.285518 0.257488 0.555354 0.23651 0.22321 0.132584 0.130823 0.172165 0.13992 0.225143 0.163377 0.347566 0.179067 0.179083 0.826407 0.25756 0.221372 0.259735
threshold=2.2474663095130718 -0.84220323152830712 -0.49362470313530632 2.5549216383180724 0.49910078562768412 2.7674059731597915 2.8655491929641301 1.7948913295550049 1.8104635086917404 1.7559896087907816 1.2743068180155406 2.8702882791712816 0.6217829664179173 0.59136444341463046 -0.14158821090736814 0.43804011477797322 0.75425081044723874 -0.28924486602422433 -0.62050816202769388 -0.61026752394455841 -0.59162046264247503 -0.77558885829974356 -0.58698813852144871 -0.57108177455919318 -0.55862915082987807 -0.51852309068056368 -0.39742967276441404 -0.54006500472546171 -0.57871223663880444 -0.57132408761323317
decision_type=2 2 2 2 2 2 2 2 2 2 2 2 2 2 2 2 2 2 2 2 2 2 2 2 2 2 2 2 2 2
left_child=3 -2 -3 5 -5 6 7 9 -8 10 12 -12 13 15 -15 18 -14 -18 -1 -20 21 -21 -22 -24 -25 26 -26 -27 -29 -30
right_child=1 2 -4 4 -6 -7 8 -9 -10 -11 11 -13 16 14 -16 -17 17 -19 19 20 22 -23 23 24 25 27 -28 28 29 -31
leaf_value=-0.037149305915716031 -0.031510125972417063 -0.021081406906593686 0.051007183409721428 -0.035861301228951974 0.050916062371916697 -0.036903510716268621 0.0050349365455824033 0.05102656454037735 -0.045815298963335652 -0.021662464671492094 0.050623147849890943 -0.046945712756029254 -0.040719480769550898 -0.049149361943235131 0.053727780078269283 -0.03664668439812762 -0.025119149471280439 0.037988082510969377 0.020575067077836989 0.0075262769401881272 0.029761347196903706 -0.050731133136877431 -0.045693153102321457 0.025877559173208345 -0.041622784268385622 0.025749842168796989 0.038113266287990763 -0.050053080331563561 0.032802026142302841 -0.00081664133170560027
leaf_weight=0.23689692904008453 0.25357575778616592 0.12918968312442303 0.47045332028937892 0.33821847371291269 0.53061435824201908 0.39886450249468808 0.41604533838108082 0.26927903480827708 0.50454302853904665 0.70911004472873074 0.79208273158292186 0.16636470740195364 0.76768324922886566 0.17174613859970123 0.55540580541128193 0.45023526535078318 0.15742196183418855 0.17659206123789772 0.99772874801419575 0.3143091700039804 0.45323729526717826 0.351094560406639 0.41905849045725574 0.66201083222405444 1.0558912514243273 0.9754636044381354 0.46942317744834738 0.22289523889778351 0.58893767150586995 23.478154521697363
leaf_count=57 11 5 70 10 68 22 34 30 22 31 166 3 60 18 62 57 11 30 25 20 13 41 111 30 107 35 15 24 15 1997
internal_value=-0.000125551 0.0155679 0.0354761 -0.000491104 0.0171354 -0.000919356 -0.00051347 8.3154e-05 -0.0228343 -0.000318289 0.000134018 0.0336874 -0.000855367 2.23727e-05 0.0294292 -0.00067471 -0.0258742 0.00824543 -0.000138869 0.000153502 -0.000549322 -0.0232127 -1.69197e-05 -0.000501158 0.000188684 -0.000446099 -0.0170836 0.000558334 -0.000453334 6.02971e-06
internal_weight=37.4825 0.853219 0.599643 36.6293 0.868833 35.7605 35.3616 34.441 0.920588 34.1717 33.4626 0.958447 32.5042 31.4025 0.727152 30.6753 1.1017 0.334014 30.2251 29.9882 28.9905 0.665404 28.3251 27.8718 27.4528 26.7908 1.52531 25.2655 24.29 24.0671
internal_count=3200 86 75 3114 78 3036 3014 2958 56 2928 2897 169 2728 2627 80 2547 101 41 2490 2433 2408 61 2347 2334 2223 2193 122 2071 2036 2012
is_linear=0
shrinkage=0.05


Tree=218
num_leaves=31
num_cat=0
split_feature=2 8 6 8 4 0 5 1 9 4 6 4 2 6 2 6 5 5 4 4 4 8 0 8 4 0 0 1 6 8
split_gain=0.0788499 0.127787 0.0858914 0.603432 0.387727 0.380679 0.36395 0.341063 0.316293 0.254977 0.485379 0.507594 0.297749 0.438937 0.26229 0.229886 0.292253 0.454143 0.255694 0.589734 0.450357 0.419909 0.491921 0.65264 0.519591 0.469744 0.41103 0.547137 0.455694 0.564414
threshold=3.005692153639917 -0.023933338064652712 0.41572280275550993 -0.5292771265721824 -0.38442078730432289 -0.36435580584953903 -0.58021129192019882 -0.54060072574269447 -0.75076311700519882 0.081919371092023283 1.1312094821388687 0.61344965428003506 1.5715216972039561 0.64467854015818482 1.9622995548891227 0.32414050779444004 -0.17350767067303544 -0.44300297239349212 -0.38173003263391186 -0.3583857906035775 -0.42432366527682197 1.8473808696127203 -0.75288375657835027 -0.26158706778672614 -0.29355422887269261 -0.60528862996593402 -0.49872557221912678 -0.53096232111184827 0.083736983521631461 0.05516546710626994
decision_type=2 2 2 2 2 2 2 2 2 2 2 2 2 2 2 2 2 2 2 2 2 2 2 2 2 2 2 2 2 2
left_child=2 -2 15 6 8 -6 -4 -7 -5 12 -11 -12 13 -9 -13 18 17 -17 20 -20 -1 22 23 24 -21 -24 -27 -28 29 -29
right_child=1 -3 3 4 5 7 -8 9 -10 10 11 14 -14 -15 -16 16 -18 -19 19 21 -22 -23 25 -25 -26 26 27 28 -30 -31
leaf_value=-0.002992510195234162 -0.025745185126195669 0.050296456268097013 0.04844179202603735 -0.050857581083616848 -0.044953233703048628 0.040431529225105921 -0.050624201155955166 -0.043839769634771104 0.035664694618153747 0.045841032636211976 0.050703485304146402 -0.022740059365340654 -0.03659472985749631 0.050719833033738705 0.022804760444845446 0.025032530202632904 0.035191227645296523 -0.03384567196184874 0.02828523098648162 -0.050548909473125271 -0.036835856197733517 0.050576728863238378 -0.037495134697462018 -0.050462097659442845 0.020452147185100522 0.018229529796725413 -0.037197610968624617 -0.032192476757615544 0.02322134509471387 0.0069698144693894019
leaf_weight=8.7797349362517689 0.079290946014225483 0.18221063283271988 0.10305037978105247 0.11761703909724008 0.53847956200479519 0.45767416688613494 0.92406523224781245 0.21441622695419926 1.0361226599925428 0.55492465815041248 0.34322884934954379 1.7944316318607891 1.0441235903999766 0.28698351851198822 0.38371050549903873 0.77564562152838334 1.0710976034752082 0.56686105308472201 2.0783088738680862 0.27381398406578217 1.1069246251718166 0.3967374248022687 1.2064599353179826 0.39779884734889748 4.3716346194560174 1.6483068302331965 1.4165075024648102 1.700070801598476 1.3192224481608716 2.0051682716293726
leaf_count=734 4 56 3 22 71 14 172 19 76 61 73 95 41 50 43 27 50 48 71 46 144 81 129 102 228 85 237 225 57 136
internal_value=-0.000119448 0.0272396 -0.000313266 -0.00497334 0.000443298 -0.00497856 -0.0406849 -0.000740821 0.0268443 -0.0048179 0.00350622 -0.00581119 -0.0213867 0.0102828 -0.0147167 0.000935025 0.0157125 0.000171753 -0.000400784 0.00335117 -0.00678166 -0.000165496 -0.00156945 0.0110037 0.0162672 -0.00839083 -0.00405012 -0.0097517 -0.00201409 -0.010999
internal_weight=37.1746 0.261502 36.9131 7.79883 6.77171 5.61797 1.02712 5.07949 1.15374 4.62182 3.0763 2.52137 1.54552 0.5014 2.17814 29.1143 2.4136 1.34251 26.7007 16.814 9.88666 14.7357 14.339 5.04325 4.64545 9.29574 8.08928 6.44097 5.02446 3.70524
internal_count=3200 60 3140 740 565 467 175 396 98 382 272 211 110 69 138 2400 125 75 2275 1397 878 1326 1245 376 274 869 740 655 418 361
is_linear=0
shrinkage=0.05


Tree=219
num_leaves=31
num_cat=0
split_feature=12 0 8 3 8 6 8 4 6 5 0 1 3 5 2 6 12 8 8 12 0 8 1 8 5 4 4 5 2 2
split_gain=0.0763608 0.272725 0.237942 0.104597 0.570868 0.189909 0.474874 0.437146 0.384133 0.345384 0.316274 0.393966 0.272178 0.51147 0.26954 0.205389 0.852846 0.316743 0.413134 0.296556 0.374897 0.699874 0.561797 0.427239 0.324751 0.320395 0.475029 0.649699 0.82804 0.918254
threshold=2.2474663095130718 0.48497408146685034 0.6301486958195619 2.5549216383180724 0.49910078562768412 0.41572280275550993 -0.5292771265721824 -0.38442078730432289 0.48440952397631237 -0.58021129192019882 -0.36435580584953903 -0.54060072574269447 1.9458569951648856 1.0689182628952916 2.3286866434053652 0.32414050779444004 -0.74002698477181994 -0.42956260406462488 0.12339272282884474 -0.74002698477181994 -0.28017539168835409 -0.79231838868755811 -0.34867988809831424 -0.64119655746608784 0.074541910464191577 -0.37927890629068789 -0.22646612404892905 0.01440520802376844 -0.43141555683671956 -0.394431355599552
decision_type=2 2 2 2 2 2 2 2 2 2 2 2 2 2 2 2 2 2 2 2 2 2 2 2 2 2 2 2 2 2
left_child=3 -2 -3 5 -5 14 9 8 -8 -7 -9 -12 13 -13 15 19 -17 -18 -19 20 22 -22 -1 -24 -23 -21 -27 28 -28 -30
right_child=1 2 -4 4 -6 6 7 10 -10 -11 11 12 -14 -15 -16 16 17 18 -20 25 21 24 23 -25 -26 26 27 -29 29 -31
leaf_value=0.017277557176398641 -0.028017896840347813 -0.029403713418936113 0.05099040984388381 -0.034145538377767057 0.050856538334153711 0.047549705222356853 -0.042827711488483994 -0.04696532391252492 0.03813919842121298 -0.05059387035528138 0.039164814536566728 -0.011510444708149867 -0.037855152761721814 0.050812303815487792 0.050718886644313788 -0.051354306970586586 0.042074589056669914 -0.051283982151312316 0.032190897654277399 -0.014182286405646878 0.023700375988427561 -0.04604077505061694 0.007518184194277972 -0.050677596507222068 0.016254473118101766 0.014374118965220362 -0.050587383164388759 0.010574413463709508 0.042201997369667066 -0.028396754250365752
leaf_weight=6.3630353521439247 0.25382718216860567 0.11593393352814019 0.44650662220374215 0.32742705987766285 0.4978591970866546 0.099817359820008278 0.17390119389165171 0.50523946300381783 0.92933451314456761 0.87951170836458903 0.44907628209330086 2.661914778494975 0.72731923882383842 0.37566488250740793 0.26921984399086696 0.40573704673443001 1.329557951685274 0.24738320236792688 0.36979288753354922 6.0053822302143116 0.84105131833348457 1.1078994298295599 0.68847170687513426 0.58195988205261506 0.25791145942639548 3.7818675162561712 1.4884262568375577 2.6095577747037169 0.75250170280924056 1.1872880382288706
leaf_count=323 13 8 65 10 68 3 21 70 77 172 14 247 19 56 41 39 36 24 23 598 64 164 51 69 31 285 286 199 24 100
internal_value=-0.000118374 0.0150036 0.034419 -0.000462072 0.0171325 -0.000875895 -0.00837726 -0.00295901 0.0253765 -0.0405907 -0.00958315 -0.00510117 -0.0103812 -0.00380284 0.000927851 0.000449415 0.0145895 0.0283335 -0.00126841 -0.000846659 0.00596914 -0.0121816 0.0112166 -0.0191402 -0.0342773 -0.00508487 0.000478828 -0.00822474 -0.0225346 -0.00100941
internal_weight=36.7304 0.816268 0.562441 35.9141 0.825286 35.0888 6.80178 5.82245 1.10324 0.979329 4.71921 4.21398 3.7649 3.03758 28.287 28.0178 2.35247 1.94673 0.617176 25.6654 9.84033 2.20686 7.63347 1.27043 1.36581 15.825 9.81964 6.03777 3.42822 1.93979
internal_count=3200 86 73 3114 78 3036 679 504 98 175 406 336 322 303 2357 2316 122 83 47 2194 702 259 443 120 195 1492 894 609 410 124
is_linear=0
shrinkage=0.05


Tree=220
num_leaves=31
num_cat=0
split_feature=6 10 2 6 1 9 6 8 6 1 2 7 2 9 9 0 1 11 8 11 6 10 2 7 9 9 7 7 2 9
split_gain=0.0749376 0.176395 0.143193 0.133024 0.193202 0.276546 0.192591 0.294139 0.152528 0.146345 0.123116 0.510687 0.396931 0.367375 0.351906 0.691738 0.344872 0.272914 0.5041 0.509469 0.262946 0.568616 0.419075 0.222782 0.170412 0.8212 0.420886 0.305383 0.501093 0.239068
threshold=-1.2556540802840159 1.9502346260213264 0.1388800348719422 -1.1869673590632133 -0.48421267813725072 0.78894611965009986 -1.0610417034917423 -0.76654827854868868 -1.0495939166216084 -0.60861183984327571 -0.60942377085899468 0.12179853671858829 -0.59782257499795122 -1.1333149585006315 -0.88111815688133843 -0.44563268767116926 -0.66423068467975754 0.98649928985631286 -0.45097457947957148 -1.2993788618744622 -0.85498153982933511 0.93239028898708665 -0.22175113384545886 -0.56871771943999549 -0.80354214332994855 -0.98640739684122802 -0.32759101262509632 -0.42426068045722298 -0.50768976144928135 -1.2499166779651896
decision_type=2 2 2 2 2 2 2 2 2 2 2 2 2 2 2 2 2 2 2 2 2 2 2 2 2 2 2 2 2 2
left_child=-1 3 -3 4 9 -6 7 -5 -8 -2 11 13 -12 -10 23 17 -14 18 19 -16 21 22 -18 -15 25 26 27 28 -22 -30
right_child=1 2 -4 6 5 -7 8 -9 10 -11 12 -13 16 14 15 -17 20 -19 -20 -21 24 -23 -24 -25 -26 -27 -28 -29 29 -31
leaf_value=-0.029989094581305734 0.0022278533669471438 -0.029688139751022132 0.050623039518795522 0.013790083918524754 -0.040601647914051547 0.041459346108881669 0.03114350725911276 -0.040259062341312192 -0.050655088148750554 0.036753273584857769 -0.050458483472890774 -0.050672895458074158 -0.050305641147174673 0.008403218226978924 0.031244836472553796 -0.039441421683578448 -0.050647879213753848 0.037970119163243547 0.026784048466100926 -0.051030742388502075 0.023770751473927917 0.037388318522753275 0.025584002062017837 0.045020645583525976 0.0022820287689021704 -0.050616433552741584 -0.050460089927003175 0.044612043705505748 0.023801503839712024 -0.050813674854927729
leaf_weight=0.2087590049195559 0.5063035559724085 0.068812849174718305 0.28693516355997417 0.3858247869357001 0.3199609512812448 0.1511768753407523 0.38128578168107097 0.72419683999032602 0.24159354792209331 0.77943731972482033 0.4180462428630517 0.37450612866086874 0.35483616089913894 0.67992859697551455 0.27838805830106128 0.74578710792410818 0.98378834631876078 0.87118626164738078 1.0971015108225404 0.58049701491836458 0.9850671604654061 0.33015700516989444 0.22073531651403655 1.0675772569957187 20.849362729670268 0.90327405539574357 0.29891991775366467 0.56015233707148615 0.13892145908903408 0.47238819341873661
leaf_count=25 28 16 78 45 51 10 20 122 37 25 105 49 129 31 12 98 161 24 48 65 76 31 21 23 1524 177 66 17 8 78
internal_value=-0.000118521 5.44242e-05 0.0350883 -0.000294682 0.0131208 -0.0142702 -0.000989051 -0.0214725 -0.000296555 0.0231577 -0.000665949 0.00584266 -0.00212315 0.00964798 0.0123862 0.00339325 -0.00134889 0.0146927 0.00432509 -0.024363 -0.000674076 -0.020744 -0.036678 0.0307733 0.000598267 -0.00985373 0.00514145 0.0128485 0.00170295 -0.0338572
internal_weight=36.2649 36.0561 0.355748 35.7004 1.75688 0.471138 33.9435 1.11002 32.8335 1.28574 32.4522 5.93657 26.5156 5.56206 5.32047 3.57296 26.0976 2.82717 1.95599 0.858885 25.7428 1.53468 1.20452 1.74751 24.2081 3.35872 2.45545 2.15653 1.59638 0.61131
internal_count=3200 3175 94 3081 114 61 2967 167 2800 53 2780 387 2393 338 301 247 2288 149 125 77 2159 213 182 54 1946 422 245 179 162 86
is_linear=0
shrinkage=0.05


Tree=221
num_leaves=31
num_cat=0
split_feature=8 2 2 2 10 8 8 6 6 3 0 8 9 0 9 9 10 8 11 4 7 3 7 6 2 2 8 2 0 7
split_gain=0.0731305 0.335437 0.533655 0.303775 0.166743 0.58541 0.164084 0.300582 0.494484 0.413982 0.229035 0.185887 0.351868 0.437216 0.165718 0.466673 0.378158 0.506901 0.536567 0.393726 0.351917 0.599089 0.299946 0.426844 0.297258 0.24846 0.246472 0.241812 0.223668 0.326877
threshold=-0.94934480707556113 -0.5163232542232592 -0.52934258735173034 -0.62805951233906898 -1.6737416076862408 -0.097377268281641602 -0.87902072086857896 -0.69471252364746272 -0.25969662258238069 -0.36284809208065011 0.20598211269802577 -0.81865738961252987 -1.0900239759565429 -0.8299955817200052 -0.011572574667395821 0.35319731513960112 -1.2507599642427312 -0.023933338064652712 0.98649928985631286 -0.61026752394455841 -0.63945649945877059 -0.41386777615773901 -0.44114761312149881 -0.2253532619719795 -0.53091693639222648 -0.34449425741718026 0.13788299578839844 -0.16098469152165887 1.3754348968422161 1.7412113822502675
decision_type=2 2 2 2 2 2 2 2 2 2 2 2 2 2 2 2 2 2 2 2 2 2 2 2 2 2 2 2 2 2
left_child=1 2 3 -1 5 -2 7 10 -9 -10 -6 12 -8 -14 28 20 -17 18 19 -18 21 -16 -22 25 -25 -24 -19 -28 29 -13
right_child=4 -3 -4 -5 6 -7 11 8 9 -11 -12 14 13 -15 15 16 17 26 -20 -21 22 -23 23 24 -26 -27 27 -29 -30 -31
leaf_value=0.033370452638795983 -0.050617322726095149 -0.050634877170693149 0.060480911312321119 -0.050707102997195198 -0.050483734166389738 0.022628067023520871 0.02673562707835447 0.037660777607125717 0.014647527090606006 -0.050721492320985155 0.02212731116861149 -0.0023415907929023741 0.010683146147098005 -0.050686603260977729 0.019298238335674869 0.041881992348589289 0.038537046309384947 0.040161361701404642 0.013062476023596692 -0.049404883631482543 0.045139108058796326 -0.050737026814260455 -0.051147399977918888 -0.015336527573394008 0.038716920197412019 0.01007280076931287 -0.049312355740267128 0.0021847279040934603 0.034979453984443104 -0.041078894400798843
leaf_weight=0.15526755450991914 0.6274174856080208 0.38538879971019813 0.28838395827915519 0.34870509828033391 0.30500129258143749 0.48264995263889321 0.36430125829065207 1.4738096067449082 0.74540839431574601 0.35877722845179794 0.16865427838638425 14.243457283431779 0.44874992829863902 0.82152284259791386 0.89668636221904308 0.46199077495839347 0.1400503560435028 0.41046023543458421 0.64166578976437438 1.3952067926293221 1.2450460385298359 0.46302458693389759 0.31691591785056517 0.31459987862035643 1.3280411947635025 0.34741392999421838 0.23776623664889296 5.5251017761911516 0.38094549381639886 0.56623353954637501
leaf_count=12 107 78 4 75 56 23 23 56 41 50 8 1319 43 118 35 16 3 25 41 172 26 63 38 17 70 28 36 555 46 16
internal_value=-0.000120369 -0.0123735 0.00623614 -0.0248039 0.000295383 -0.0187707 0.000925267 0.0119803 0.0187066 -0.00659248 -0.0246292 -0.000179055 -0.0165831 -0.0290065 0.000748284 0.00473068 -0.00215285 -0.00458914 -0.0253345 -0.0413826 0.0170806 -0.00455098 0.0253611 0.0146871 0.0283646 -0.0191321 0.00272635 6.00449e-05 -0.00284961 -0.00382267
internal_weight=35.8886 1.17775 0.792357 0.503973 34.7109 1.11007 33.6008 3.05165 2.578 1.10419 0.473656 30.5492 1.63457 1.27027 28.9146 13.724 8.81224 8.35025 2.17692 1.53526 4.91173 1.35971 3.55202 2.30697 1.64264 0.66433 6.17333 5.76287 15.1906 14.8097
internal_count=3200 169 91 87 3031 130 2901 211 147 91 64 2690 184 161 2506 1125 848 832 216 175 277 98 179 153 87 66 616 591 1381 1335
is_linear=0
shrinkage=0.05


Tree=222
num_leaves=31
num_cat=0
split_feature=3 3 9 7 4 6 1 2 6 11 3 6 0 2 4 4 2 2 9 9 9 7 1 6 7 4 0 8 6 5
split_gain=0.0751979 0.406987 0.488018 0.374475 0.267807 0.366262 0.410934 0.37707 0.27958 0.393673 0.212328 0.198857 0.278449 0.193494 0.293442 0.185763 0.1899 0.614811 0.818279 0.573458 0.422901 0.343519 0.233174 0.334706 0.231452 0.259469 0.229667 0.36217 0.260516 0.333302
threshold=-0.50033097130084458 -0.48184563559686372 -0.29331643695406112 -0.95500026722586229 -0.34038347672486485 0.55309624519711487 -0.59161367624155514 -0.6381226920533446 -0.39707006502398551 0.52932365951015792 -0.57817941564614406 -0.019293098309572206 -0.59445848542571766 -0.63735761389618728 0.56079277484353107 -0.61701940545681822 -0.60942377085899468 -0.55069853381578837 0.18153066974588863 0.34198078026692641 -1.2714285120506144 -0.072412693130621195 -0.64448539392447113 -1.1984151459333472 -0.75277179100025904 -0.20874743000213489 -0.67474622421048835 -0.85731809630496614 -0.6718169499071952 -0.13638011912902584
decision_type=2 2 2 2 2 2 2 2 2 2 2 2 2 2 2 2 2 2 2 2 2 2 2 2 2 2 2 2 2 2
left_child=4 2 3 -2 5 6 11 -8 9 10 -9 12 -1 14 -3 -15 21 18 20 -20 -18 24 23 -19 25 -17 27 -26 -28 -30
right_child=1 13 -4 -5 -6 -7 7 8 -10 -11 -12 -13 -14 15 -16 16 17 22 19 -21 -22 -23 -24 -25 26 -27 28 -29 29 -31
leaf_value=0.023803146677049324 0.039775237342027349 -0.050397636859392136 0.037242318494404771 -0.049871665966632034 -0.047443004419592108 0.039479498982979803 0.024656707176973085 0.014414099937949685 -0.044599801603030786 0.018990901575496259 -0.050924557503853489 0.034647284033874397 -0.050797110638416382 0.039016705574186468 0.04131368458902368 -0.050611872947614871 0.041445394022333749 0.023266478039440274 0.038073204184633822 -0.050399966568733523 -0.050472860825315907 -0.028779327923511344 0.0015981089679904612 -0.050377628473192188 0.043063873098062741 0.011938981315738664 0.049470503350212414 -0.02853252692692871 -0.0144929159837904 0.034657421761628129
leaf_weight=0.30954750927048735 0.17714632235583838 0.41049728344660508 1.4791142980102474 0.34021519433008507 0.35925701509404362 0.46415391915070348 0.44071839161915694 0.16164888284401968 1.0742981162620717 0.61450039394549094 0.53871127229649574 0.68753955399733901 0.20990536353201605 0.29925900325179711 0.11075183749198914 0.26523449551314116 0.13502285024151217 0.22429770283633843 0.67115803362685245 0.25189573352690786 1.7085607825574796 0.52730350964703276 20.017815938881515 0.49429033996422234 0.27233379194512963 0.44218924106098745 0.88126724123139943 0.50263604096835512 0.57608631916809894 0.8596029945183532
leaf_count=38 5 91 42 44 44 36 14 29 134 34 59 42 38 8 2 40 6 8 28 63 409 47 1633 141 6 38 23 41 37 20
internal_value=-0.000121495 0.000794842 0.0226222 -0.0191763 -0.00589949 -0.00258362 -0.00741999 -0.0178384 -0.0256773 -0.0102168 -0.0358439 0.0170067 -0.00634202 -0.000726184 -0.0309114 -0.000166831 -0.000588181 -0.0023603 -0.0244999 0.0139294 -0.0437408 0.00903823 0.00059355 -0.0273906 0.0142868 -0.0115132 0.0201898 -0.00337268 0.028071 0.0149353
internal_weight=35.507 30.6467 1.99648 0.517362 4.86028 4.50102 4.03687 2.82988 2.38916 1.31486 0.70036 1.20699 0.519453 28.6502 0.521249 28.129 27.8297 23.503 2.76664 0.923054 1.84358 4.32665 20.7364 0.718588 3.79935 0.707424 3.09193 0.77497 2.31696 1.43569
internal_count=3200 2732 91 49 468 424 388 270 256 122 88 118 76 2641 93 2548 2540 2288 506 91 415 252 1782 149 205 78 127 47 80 57
is_linear=0
shrinkage=0.05


Tree=223
num_leaves=31
num_cat=0
split_feature=2 4 6 0 1 1 1 4 3 0 6 12 12 9 0 1 1 6 9 9 4 6 2 11 4 2 6 10 10 6
split_gain=0.0736729 0.100194 0.0736648 0.452623 0.465147 0.274191 0.308565 0.54035 0.264636 0.213661 0.18799 0.779328 0.221591 0.33727 0.386723 0.613549 0.567953 0.384574 0.41715 0.363077 0.302618 0.429026 0.418845 0.423947 0.400079 0.515189 0.56385 0.511754 0.360613 0.324373
threshold=3.005692153639917 2.9580797114381077 0.41572280275550993 -0.44227187395058193 0.27839597170200692 -0.58380083548826778 -0.33780423609459781 -0.40760096144522323 2.5549216383180724 0.60261027332643768 0.32414050779444004 -0.74002698477181994 -0.74002698477181994 0.7075521942012909 -0.28017539168835409 -0.40942477494011204 -0.34867988809831424 -0.94656383479040496 -0.030838908580263048 -0.011572574667395821 -0.37927890629068789 0.015050262300829011 -0.50253625459106532 0.52932365951015792 -0.3583857906035775 -0.4875075561924242 0.083736983521631461 -0.66223135849169101 -0.91562336577113945 -0.019293098309572206
decision_type=2 2 2 2 2 2 2 2 2 2 2 2 2 2 2 2 2 2 2 2 2 2 2 2 2 2 2 2 2 2
left_child=2 -2 10 4 -4 -5 -7 -8 -9 -10 12 -12 13 14 16 -16 -1 -17 -19 -18 21 22 23 28 -22 29 27 -27 -14 -26
right_child=1 -3 3 5 -6 6 7 8 9 -11 11 -13 20 -15 15 17 19 18 -20 -21 24 -23 -24 -25 25 26 -28 -29 -30 -31
leaf_value=0.019666106006499623 0.050248268822376908 -0.018320776047487611 -0.04941120067565901 0.029573275662403364 0.04644000962384201 -0.041658843710686802 0.048216755250429018 -0.0096938150996492851 -0.015096489833715476 0.050955770889424469 -0.051271121991055393 0.027825517785824979 -0.050470477557743566 -0.037870402054136443 -0.039676964025866596 0.050800927560141262 -0.050589672938951405 -0.050650452709928163 0.037493373713436827 0.0056040141491740646 0.030498103758871582 -0.04102104009542018 -0.023662479680257101 -0.036744457300026005 -0.010484830251577568 -0.045166028412556174 0.035467896378999213 0.0046665258864744862 0.022048133626882589 -0.050677486021539889
leaf_weight=5.8356695323600425 0.16040518837689788 0.079769101808778942 0.87719638310954884 0.70733705232851196 0.14791375095956028 0.48317144392058242 0.52461671906348772 4.067488428685464 0.18909089843509708 0.34729118322138675 0.37328882483416248 1.8789029670879236 0.18751092537422698 0.42370466297143217 0.98580527264857665 0.4412476634606719 0.5025354512326885 0.30602850683499128 0.23910600098315693 0.67161544971168019 1.0481857158010832 1.1107723393943159 2.0087519147055004 0.46504048531642173 2.4910449429007717 0.59040860884124224 1.3101427677320314 4.0444181257480531 1.9986979766690636 0.62867459098924783
leaf_count=295 55 5 187 41 6 57 48 348 9 44 39 86 39 65 158 16 76 41 14 41 41 125 229 83 348 84 53 336 129 102
internal_value=-0.000123141 0.0274744 -0.00031314 -0.00476254 -0.0355808 0.000237004 -0.00346077 0.000137997 -0.00534064 0.0276704 0.000873316 0.0147157 -0.000359441 0.0057227 0.0077791 -0.0117806 0.0132822 0.0160994 -0.011989 -0.0184468 -0.00396106 -0.0130972 -0.00644118 0.00660675 0.00125235 -0.00212946 0.0065055 -0.00168141 0.0158282 -0.0185843
internal_weight=35.1258 0.240174 34.8857 7.34411 1.02511 6.319 5.61166 5.12849 4.60387 0.536382 27.5416 2.25219 25.2894 9.40571 8.98201 1.97219 7.00982 0.986382 0.545135 1.17415 15.8836 5.77077 4.66 2.65125 10.1129 9.06469 5.94497 4.63483 2.18621 3.11972
internal_count=3200 60 3140 740 193 547 506 449 401 53 2400 125 2275 706 641 229 412 71 55 117 1569 605 480 251 964 923 473 420 168 450
is_linear=0
shrinkage=0.05


Tree=224
num_leaves=31
num_cat=0
split_feature=7 7 3 0 0 4 9 9 7 8 0 0 0 8 3 12 10 8 7 0 7 8 1 11 10 1 8 1 7 8
split_gain=0.0713262 0.242515 0.437518 0.380801 0.472734 0.379591 0.901113 0.438427 0.861224 0.416412 0.386022 0.366437 0.362959 0.359502 0.350199 0.333595 0.577131 0.322308 0.301701 0.273554 0.2616 0.243237 0.265313 0.239466 0.547062 0.238004 0.429898 0.270969 0.461649 0.305881
threshold=-0.50744246826949346 -0.41808140680750433 -0.54379028606451019 -0.79791685066319606 -0.74657034756074236 -0.3583857906035775 -0.38642035927626961 -0.50909210862769505 0.45074665414405063 -0.49357506536296752 -0.55968212710101473 -0.53247975489389054 -1.0326644869479418 -0.57220428632768028 -0.35979401400654704 1.0000000180025095e-35 -0.63354879652227014 -0.086219841523367466 -0.18410408226469854 -0.44563268767116926 0.92642579206975795 2.6950201312696116 0.56554074109709163 -1.2993788618744622 0.17423742220486654 -0.18355496182223469 0.44619769500960715 -0.33780423609459781 -0.61102336075318076 -0.73179666590299031
decision_type=2 2 2 2 2 2 2 2 2 2 2 2 2 2 2 2 2 2 2 2 2 2 2 2 2 2 2 2 2 2
left_child=25 2 -2 12 -5 7 -7 9 19 18 -8 -12 14 -13 -3 16 -15 -18 -6 -9 21 22 -17 -4 -25 27 -27 28 -1 -30
right_child=1 3 23 4 5 6 10 8 -10 -11 11 13 -14 15 -16 20 17 -19 -20 -21 -22 -23 -24 24 -26 26 -28 -29 29 -31
leaf_value=-7.7163917068269624e-05 -0.053005931152694634 -0.050688897155690082 0.043102613550019771 0.03295359156678903 0.029676282016113054 -0.040831554814062088 -0.048023500577227818 -0.0029545093584045085 0.030930222758741646 0.041895100873184932 0.054976036451360601 -0.050912769910527872 -0.042697239504018353 -0.046262161443850106 0.019062778316963666 0.0016738421693728461 -0.0039955387369252724 0.045855536065461243 -0.027233124623232602 -0.048667935142163915 -0.010163992552177266 -0.030323584332260529 0.050764721933778179 0.022197269152508158 -0.050665929374944019 -0.040001020568974255 0.049680170472949786 0.014685529776108062 -0.0070435683962146861 -0.051024673995240848
leaf_weight=9.3105898967623908 0.21962667454499785 0.24359555999399163 0.81377002852968949 1.1498499514418679 0.43983961490448575 1.5632530942966685 0.38799528678646122 0.54878020210890111 0.99905347240564868 1.5308790958224561 0.32588353962637295 0.32146465196274032 0.9841712233901514 0.27314404235221457 0.68870008981321007 0.5688678875158073 0.44587361626327049 1.1885264469165098 0.4949660814017991 0.81074224037001941 3.8024954010325018 0.23789357941132028 0.53321055474225432 1.6507678019988836 0.30524272704496969 0.8626761928317126 0.15812307456508279 2.2656047877972005 0.78137767245061696 0.80016508084372684
leaf_count=905 19 50 18 40 24 215 36 35 101 58 6 55 175 23 51 34 28 202 52 91 304 6 70 91 40 162 8 156 55 90
internal_value=-0.000124163 0.00175958 0.0149231 -0.000484034 0.00209636 -0.000355202 -0.00608097 0.0110964 -0.00431514 0.0258385 0.000637842 0.00309068 -0.021519 0.000796894 0.00083766 0.00315474 0.0210128 0.0322559 -0.000456425 -0.0302154 -0.00346951 0.0155277 0.0254251 0.0203095 0.0108267 -0.00285157 -0.0261093 -0.00104719 -0.00431966 -0.0292954
internal_weight=34.7071 20.5286 2.98941 17.5392 15.6227 14.4729 9.64861 4.82426 2.35858 2.46568 8.08536 7.69736 1.91647 7.37148 0.932296 7.05001 1.90754 1.6344 0.934806 1.35952 5.14247 1.33997 1.10208 2.76978 1.95601 14.1785 1.0208 13.1577 10.8921 1.58154
internal_count=3200 1824 168 1656 1380 1340 979 361 227 134 764 728 276 722 101 667 253 230 76 126 414 110 104 149 131 1376 170 1206 1050 145
is_linear=0
shrinkage=0.05


Tree=225
num_leaves=31
num_cat=0
split_feature=7 9 7 8 9 6 6 2 0 4 4 10 2 4 4 6 4 4 10 8 4 9 5 0 2 10 5 9 7 7
split_gain=0.0717559 0.162837 0.0718539 0.326213 0.338401 0.168846 0.220609 0.201862 0.142089 0.123034 0.276237 0.148053 0.37321 0.224853 0.223443 0.281223 0.141858 0.141932 0.127616 0.266166 0.16753 0.280543 0.368835 0.278035 0.323828 0.299093 0.205998 0.216753 0.363028 0.289351
threshold=2.3040973512739593 -0.50909210862769505 2.1027043013255291 2.3775163797786161 -0.084168832740406013 2.9685792747953341 2.8655491929641301 2.7236347652505892 0.77198772032990837 5.0581982709663604 2.9580797114381077 1.5242408017266686 -0.23323661230895307 -0.45673149463429308 1.7559896087907816 2.2359209151067749 -0.62050816202769388 -0.61026752394455841 1.4619991718941348 2.1585523881427231 0.099369598729839012 1.2757035031972077 0.32113213570035332 -0.40513010400760469 -0.64177611913605548 -0.73655305005001626 0.69076997025876208 0.57944151231838004 -0.86679013174991326 -0.081320128343368311
decision_type=2 2 2 2 2 2 2 2 2 2 2 2 2 2 2 2 2 2 2 2 2 2 2 2 2 2 2 2 2 2
left_child=2 -2 5 4 -4 6 7 9 -7 10 11 14 -13 -14 15 16 -1 -18 19 20 26 22 23 24 -22 -25 27 -19 -29 -30
right_child=1 -3 3 -5 -6 8 -8 -9 -10 -11 -12 12 13 -15 -16 -17 17 18 -20 -21 21 -23 -24 25 -26 -27 -28 28 29 -31
leaf_value=-0.042321909768908351 -0.030580162328069527 0.050232626411982034 -0.048715450513535145 -0.040873318764690941 0.050517869898760615 -0.0094647256679878423 -0.041094837745347251 0.036723263001597811 0.050762409005105841 -0.033802693959295263 0.051103118696396291 -0.050347104501954225 -0.024577056499838539 0.050381274545460167 -0.02671914004124247 0.050681990791174858 0.018752628614059519 0.0011965544670313774 -0.032242657225970535 0.050516949720162185 0.053722462318207292 0.020555703761744898 -0.041806506305593287 -0.050633934632337299 -0.050380488832582296 0.024590021638762824 0.046384613396534227 0.020829746992025003 -0.050073607466416342 -0.0092789696521357982
leaf_weight=0.20456650127017439 0.091112233698368073 0.19736192275740805 0.12492324691265821 0.5065853187115863 0.27511544909793784 0.14662616327404876 0.3291698107495894 0.37083985423669119 0.29487053782213479 0.27299330104142328 0.26131884282221918 0.1515363511571195 0.12260925845475867 0.54364296888525032 0.82673457940108974 0.2673626541509283 0.92329210485333035 22.091406332081551 0.32658280193572764 0.25036829308373754 0.090134678641334176 0.53916030877735455 1.0544612160883842 0.15744451672071624 0.43627301583183031 0.82217364787356839 0.23815429583191772 0.55053787206998128 0.72237248573219415 1.0913791067723637
leaf_count=57 3 105 2 16 54 8 13 61 41 7 21 38 9 87 27 51 26 1870 21 50 2 44 92 33 105 94 16 39 117 91
internal_value=-0.000123361 0.0247086 -0.000334094 -0.0142212 0.0195295 4.64407e-05 -0.000368945 4.58963e-05 0.0307603 -0.000379887 -9.17982e-05 -0.000517717 0.020478 0.0365868 -0.00107897 -0.000366818 -0.000829507 -0.000539754 -0.00116761 -0.000805726 -0.00126805 -0.0122248 -0.0191274 -0.00324839 -0.0325554 0.0125 0.00010728 -0.000343377 -0.0147322 -0.0255265
internal_weight=34.2811 0.288474 33.9926 0.906624 0.400039 33.086 32.6445 32.3153 0.441497 31.9445 31.6715 31.4102 0.817789 0.666252 30.5924 29.7657 29.4983 29.2937 28.3704 28.0439 27.7935 3.09965 2.56049 1.50603 0.526408 0.979618 24.6939 24.4557 2.36429 1.81375
internal_count=3200 108 3092 72 56 3020 2971 2958 49 2897 2890 2869 134 96 2735 2708 2657 2600 2574 2553 2503 370 326 234 107 127 2133 2117 247 208
is_linear=0
shrinkage=0.05


Tree=226
num_leaves=31
num_cat=0
split_feature=3 3 9 7 4 1 5 10 2 1 10 1 9 2 3 10 9 10 4 2 2 9 9 9 7 10 8 0 1 4
split_gain=0.0719185 0.375797 0.432412 0.346378 0.246074 0.217281 0.31141 0.302132 0.329691 0.254298 0.230783 0.352954 0.206142 0.186919 0.234632 0.168996 0.23603 0.168632 0.164142 0.188181 0.529882 0.753348 0.513313 0.394506 0.320417 0.241486 0.527003 0.668335 0.482603 0.422469
threshold=-0.50033097130084458 -0.48184563559686372 -0.29331643695406112 -0.95500026722586229 -0.34038347672486485 -0.59161367624155514 -0.54342980462193946 -2.0818439501917854 -0.6381226920533446 -0.50635432523051049 -0.041398772367113125 -0.59316825847168986 -0.24784238097039532 -0.63735761389618728 0.11220507653487838 0.41359454263427609 0.42750761806088611 1.9502346260213264 -0.61701940545681822 -0.60942377085899468 -0.55069853381578837 0.18153066974588863 0.34198078026692641 -1.2714285120506144 -0.072412693130621195 -0.66223135849169101 -0.99779796382513897 -0.35219342830129935 -0.49278018968412085 -0.56642816672322194
decision_type=2 2 2 2 2 2 2 2 2 2 2 2 2 2 2 2 2 2 2 2 2 2 2 2 2 2 2 2 2 2
left_child=4 2 3 -2 5 10 9 -8 -9 -7 11 -1 -12 14 -3 16 -11 18 -15 24 21 23 -23 -21 -20 26 -22 -28 -29 -27
right_child=1 13 -4 -5 -6 6 7 8 -10 15 12 -13 -14 17 -16 -17 -18 -19 19 20 25 22 -24 -25 -26 29 27 28 -30 -31
leaf_value=-0.050407697680803012 0.038619006671669447 -0.050393485692251438 0.036177549790902035 -0.049783250334059413 -0.047041343307520023 -0.050600757985362482 0.05728214099512946 0.026399966191082248 -0.036606095003487257 -0.026569329034660295 -3.0466757680460849e-05 0.056975707183817594 0.051347921450537196 0.037381874899927024 0.033766636953128905 0.040839088553578234 0.034897731929481375 0.038508481601395257 0.014070089892139634 0.040107974398072094 0.052503967581222291 0.036280080514605677 -0.050377020302684497 -0.050438044446448282 -0.028698215215310564 -0.049557804231735024 -0.043530967394948217 0.020878724162309084 -0.033171148723341974 0.003840413198166478
leaf_weight=0.25043262755207252 0.17145154261379492 0.37218690052395942 1.4207277721725429 0.31326163309859112 0.33731417416129161 0.15376380411908019 0.11096622794866529 0.24124946817755666 1.4897478806960869 0.3460937400232067 0.32861962613242213 0.11019117238174658 0.48096830560825743 0.28217520075850799 0.10651745938230306 0.46741302683949471 0.28461536607937887 0.27921166032319789 3.6093223357456736 0.13027494307607423 0.29196409019641612 0.64900677723926481 0.2319683542882558 1.5706573349743982 0.49841225444107351 0.37926201510710633 1.408121289714473 1.2007719702960455 0.62950010361966446 15.867821990788748
leaf_count=73 5 86 42 44 44 30 1 8 176 42 35 2 14 8 7 29 14 87 203 6 5 28 63 405 47 36 199 77 73 1311
internal_value=-0.000118026 0.000791339 0.022265 -0.0185138 -0.00593081 -0.00267871 -0.00962018 -0.0226978 -0.0278249 0.00962157 0.0156734 -0.0175959 0.0304929 -0.000696153 -0.0316668 0.0180542 0.00116845 -0.000147627 -0.000551124 -0.000955541 -0.00276262 -0.0240658 0.0134625 -0.0435031 0.00888079 1.84724e-05 -0.011834 -0.0176345 0.00228892 0.00259392
internal_weight=34.014 29.4126 1.90544 0.484713 4.60138 4.26406 3.09385 1.84196 1.731 1.25189 1.17021 0.360624 0.809588 27.5072 0.478704 1.09812 0.630709 27.0285 26.7493 26.4671 22.3593 2.58191 0.880975 1.70093 4.10773 19.7774 3.53036 3.23839 1.83027 16.2471
internal_count=3200 2732 91 49 468 424 300 185 184 115 124 75 49 2641 93 85 56 2548 2461 2453 2203 502 91 411 250 1701 354 349 150 1347
is_linear=0
shrinkage=0.05


Tree=227
num_leaves=31
num_cat=0
split_feature=7 2 7 0 8 4 1 5 1 5 7 8 5 3 1 3 5 8 7 7 7 0 8 6 6 2 11 6 7 6
split_gain=0.0696466 0.264181 0.244252 0.323804 0.506653 0.313549 0.285713 0.301754 0.26713 0.341509 0.511935 0.487967 0.395565 0.32437 0.525475 0.364228 0.333236 0.296408 0.472481 0.294547 0.340414 0.321646 0.300802 0.252603 0.25753 0.245393 0.633327 0.243 0.285838 0.500681
threshold=-0.50744246826949346 -0.6330373796394495 -0.41808140680750433 -0.31972500761071804 -0.88230454305299777 -0.61026752394455841 -0.63639720826508295 -0.5316492773807372 -0.63184954001899396 -0.24288674449610928 1.3838853872389729 -0.91620650036971896 -0.11835955839892533 -0.46642073386730915 0.12604586637509133 -0.49056045828588268 -0.5316492773807372 -0.56573234012318452 -0.36803475875339281 -0.23883834249510347 0.40848686688558417 0.77198772032990837 -0.60183177879942662 1.9840696039638324 1.2743068180155406 -0.58240805072356128 -1.2993788618744622 1.1312094821388687 1.7412113822502675 -0.030740885179705944
decision_type=2 2 2 2 2 2 2 2 2 2 2 2 2 2 2 2 2 2 2 2 2 2 2 2 2 2 2 2 2 2
left_child=-1 -2 3 25 -5 -4 7 -7 -8 10 11 -10 19 15 -15 16 -13 18 -14 -11 22 -22 -21 24 27 -3 -27 28 29 -19
right_child=1 2 5 4 -6 6 8 -9 9 12 -12 13 17 14 -16 -17 -18 23 -20 20 21 -23 -24 -25 -26 26 -28 -29 -30 -31
leaf_value=-0.0028342862028536597 -0.033588597205827249 0.042537631013529094 0.042986357012410922 0.047344927743084866 -0.051694181906340189 0.038881477151388351 0.035739988989720403 -0.050477555052135241 0.028886867956634255 -0.020974672665485129 0.044300759778012261 0.010616535961906906 0.048672614654001467 -0.050811018477536274 0.0076462549435878631 0.020025269458419089 -0.046620505698815325 -0.0012536123552152143 -0.051417854524578172 0.0050646631049946055 -0.046633278734909717 0.044431990823638134 0.050216383733880834 -0.01139827812620087 0.050523875470147576 0.043218672511600026 -0.029391542923679466 -0.036631034420575102 -0.014652821865077676 0.041205634272863528
leaf_weight=13.878884445206493 0.51400719412777007 1.0472709893365395 0.42104173095140751 0.19767862744629383 0.37240537587786349 0.11603080850909464 0.52305801003240482 0.50853879563510851 0.52364428126020346 0.35324384132400188 0.37689705367665727 0.40282393604866218 0.14746133959852159 1.5370588447549414 0.51264268139493641 0.73401124868541945 0.68967002251883958 1.6138193394581337 0.58829394233180377 0.51394461805466596 0.26034714421257366 0.15451068940456025 1.3067556187161251 2.2969697412263486 0.34480591704777896 0.64597271970706094 0.56122482952196118 0.31543420557863999 0.95219339727191243 1.2185885285289062
leaf_count=1376 78 26 30 8 50 11 13 121 45 36 55 41 4 223 34 38 83 162 71 33 24 37 41 189 85 12 58 13 104 99
internal_value=-0.000119901 0.00178754 0.00273281 0.0163138 -0.017352 0.000395459 -0.000725974 -0.0338767 0.000621462 -0.000616084 -0.0116259 -0.0164166 0.00460834 -0.0225368 -0.0361905 -0.00721454 -0.0255161 -0.00122359 -0.0313576 0.0214534 0.0281576 -0.0127167 0.037471 0.00206503 0.00902249 0.0248268 0.00946226 0.0055323 0.00904647 0.0170137
internal_weight=33.6292 19.7503 19.2363 2.82455 0.570084 16.4118 15.9907 0.62457 15.3662 14.8431 4.77675 4.39985 10.0664 3.87621 2.0497 1.82651 1.09249 7.47757 0.735755 2.5888 2.23556 0.414858 1.8207 6.74181 4.44484 2.25447 1.2072 4.10004 3.7846 2.83241
internal_count=3200 1824 1746 154 58 1592 1562 132 1430 1417 519 464 898 419 257 162 124 727 75 171 135 61 74 652 463 96 70 378 365 261
is_linear=0
shrinkage=0.05


Tree=228
num_leaves=31
num_cat=0
split_feature=7 9 10 10 1 10 3 2 0 0 8 0 0 1 7 9 12 2 2 0 1 12 9 0 0 1 4 4 7 0
split_gain=0.0679288 0.152291 0.0695039 0.320779 0.575412 0.463821 0.352881 0.346928 0.31833 0.493897 0.313019 0.397007 0.492025 0.361102 0.313684 0.311401 0.31992 0.481837 0.446518 0.395043 0.39349 0.39217 0.721178 0.345143 0.468144 0.323238 0.303193 0.504822 0.421659 0.291464
threshold=2.3040973512739593 -0.50909210862769505 0.0097951678780547873 -0.21179715288573966 -0.60684037517456735 -0.31318027098483309 -0.53004281849380264 -0.6427513000339945 -0.89740721208015028 -0.58409013874171312 -0.27315520311424452 -0.67013406319362911 -0.50659442413980482 -0.30159663339220039 1.9748656781586487 -1.1117790966095757 -1.0000000180025095e-35 -0.17749404422749451 -0.52213598435015651 -0.75288375657835027 -0.54841222683799962 -0.74002698477181994 -0.32545265583951155 -0.63095583996529825 -0.23098955212479719 2.2315286051655776 -0.23726377203574714 -0.22646612404892905 -0.83997591796489401 -0.19969147626913489
decision_type=2 2 2 2 2 2 2 2 2 2 2 2 2 2 2 2 2 2 2 2 2 2 2 2 2 2 2 2 2 2
left_child=2 -2 3 5 -5 6 7 -1 -6 -10 -8 -12 -13 -14 -15 -4 17 18 20 -18 -17 22 -22 -21 -25 -19 -20 -28 -29 -26
right_child=1 -3 15 4 8 -7 10 -9 9 -11 11 12 13 14 -16 16 19 25 26 23 21 -23 -24 24 29 -27 27 28 -30 -31
leaf_value=0.055924539418593683 -0.029098854056379499 0.050222647289388724 -0.050422260457117868 -0.050633287631628693 0.04220413464698447 -0.040572431571119109 0.0069636240513668334 -0.04663575411278164 -0.03531736589041138 0.020788074326008515 -0.05060970927684362 0.028496656027761663 -0.043166859248806394 0.022305878260209522 -0.044764375391742522 -0.024396826045355525 -0.05075793835451442 0.032687393318399212 -0.04062478828387947 0.030749865542124995 -0.051497579615956794 0.035372568015477827 0.024068349172138973 -0.047737985301601997 0.051804767076777627 -0.015366779093312664 0.051704740404555784 0.023502573396170109 -0.05073987831525744 -0.0070285348455117903
leaf_weight=0.094715245068073273 0.089446678292006254 0.18705135213531221 0.33561440762423345 0.31415838008979369 1.1119357946445236 0.73090691753896031 9.2088461784878692 0.63704703802067975 0.48402764543425369 2.068786773219474 0.53614574077073518 0.82104824966518264 0.79430452259839557 0.62267517333384781 0.24211494391784072 0.73737107714987216 0.53776255427510467 1.93917935792706 1.0171977368008813 0.57691463461378578 0.48293775803176531 1.3989356582169437 0.91199651465285569 0.71326173737179477 0.22000908211339254 0.42700245638843615 0.30713873414788395 0.30259521713014692 0.51973064793855861 4.8769808392389669
leaf_count=1 3 105 93 75 42 131 748 148 42 137 117 43 115 69 9 119 104 174 110 26 54 57 45 73 5 45 4 20 76 410
internal_value=-0.000117302 0.0245623 -0.000324265 0.00181242 0.0143087 -0.00182012 0.00036592 -0.0333609 0.0198758 0.0101502 0.00238471 -0.0115949 -0.00316083 -0.0188274 0.00352825 -0.00279072 -0.00172279 0.0050593 -0.00284043 -0.00960094 0.00809193 0.0166665 -0.0020932 -0.00613576 -0.00979823 0.0240155 -0.0208241 -0.00299148 -0.0234205 -0.00448902
internal_weight=33.2478 0.276498 32.9713 17.6667 3.97891 13.6878 12.9569 0.731762 3.66475 2.55281 12.2251 3.01629 2.48014 1.65909 0.86479 15.3046 14.969 8.04409 5.6779 6.92493 3.53124 2.79387 1.39493 6.38717 5.81025 2.36618 2.14666 1.12946 0.822326 5.09699
internal_count=3200 108 3092 1677 296 1381 1250 149 221 179 1101 353 236 193 78 1415 1322 704 485 618 275 156 99 514 488 219 210 100 96 415
is_linear=0
shrinkage=0.05


Tree=229
num_leaves=31
num_cat=0
split_feature=8 2 2 2 10 8 8 8 8 1 4 0 8 9 0 5 0 1 5 0 1 1 0 7 8 4 10 0 12 2
split_gain=0.0676193 0.297978 0.469681 0.261287 0.148815 0.489476 0.136777 0.23734 0.147218 0.243309 0.219559 0.428719 0.166193 0.308987 0.379833 0.135073 0.303499 0.283553 0.2466 0.795075 0.480449 0.520656 0.419156 0.762093 0.49666 0.304491 0.278864 0.406474 0.415861 0.42634
threshold=-0.94934480707556113 -0.5163232542232592 -0.52934258735173034 -0.62805951233906898 -1.6737416076862408 -0.097377268281641602 -0.93365301639212717 -0.92225782652029376 -0.87902072086857896 -0.34078759657712226 -0.58698813852144871 -0.60528862996593402 -0.81865738961252987 -1.0900239759565429 -0.8299955817200052 -0.5316492773807372 -0.67013406319362911 -0.33780423609459781 -0.26547673432301416 -0.71960605270088973 -0.4685550458876776 -0.20870473754150617 -0.33848811709985066 -0.63313771490590842 -0.32473839999149695 -0.60612493922096289 0.038359835894988314 -0.79791685066319606 1.0000000180025095e-35 0.97752512498495203
decision_type=2 2 2 2 2 2 2 2 2 2 2 2 2 2 2 2 2 2 2 2 2 2 2 2 2 2 2 2 2 2
left_child=1 2 3 -1 5 -2 -6 -8 9 10 -9 -12 13 -10 -15 16 -14 -18 19 -17 22 25 -21 24 -24 -22 -20 -28 29 -29
right_child=4 -3 -4 -5 6 -7 7 8 12 -11 11 -13 15 14 -16 18 17 -19 26 20 21 -23 23 -25 -26 -27 27 28 -30 -31
leaf_value=0.031863237073412237 -0.050539966711203525 -0.050548913283382214 0.05900954943420126 -0.050661298121405685 0.023724321310724425 0.021157330707351887 -0.050626767686526422 0.050210313450757466 0.02575365708882639 0.036450307286586457 0.016913289781544449 -0.050606737566420673 0.030169573249013162 0.0095908846837605612 -0.050631384215204647 -0.035870114171535232 -0.050554352506334492 0.016743604992215159 0.011285906846768341 0.022151976782393196 0.030158494138524297 0.0059576374955319158 -0.031253704606489054 -0.051180770208942516 0.03646908055509309 -0.043849542432109125 -0.050030393227601194 0.0049645123538974356 -0.0088185892461066281 0.050654431098549939
leaf_weight=0.13889260706491768 0.54158823954639956 0.34689227066701167 0.26309884316287935 0.30998361569072586 0.64272573450580495 0.42473731172504159 0.22604972877889551 0.18343676876975212 0.33450943598290894 0.74894425587263924 0.60445689150947135 0.38473691826220602 1.0992661721684269 0.40942293955595221 0.72631276828179991 1.850443143979646 0.28261222784931295 0.35081162035932234 6.8538792122271373 2.93085144017823 0.15515468467492599 1.4506300292851104 0.39591288722294848 0.66486742238339491 0.85619029833469473 1.3332908680022231 0.4239288810058629 2.3761383854143641 4.8702748202485964 0.65030294520693122
leaf_count=12 107 78 4 75 37 23 38 6 23 31 38 61 65 43 118 334 49 39 566 137 9 150 47 111 35 161 79 173 408 143
internal_value=-0.000119689 -0.0125495 0.00596473 -0.0251263 0.000294567 -0.0190262 0.000900641 0.000414295 0.000799707 0.0141877 -3.11334e-05 -0.00934794 -0.000118595 -0.016482 -0.0289218 0.000787741 0.0142847 -0.0132825 -0.000154794 -0.00640963 0.000591226 -0.0153595 0.0102616 -0.00791754 0.0150553 -0.036135 0.00381765 -0.0023341 0.000226441 0.0147821
internal_weight=32.8303 1.05887 0.711975 0.448876 31.7715 0.966326 30.8052 30.1624 29.9364 1.92157 1.17263 0.989194 28.0148 1.47025 1.13574 26.5446 1.73269 0.633424 24.8119 9.63734 7.7869 2.93908 4.84782 1.91697 1.2521 1.48845 15.1745 8.32065 7.89672 3.02644
internal_count=3200 169 91 87 3031 130 2901 2864 2826 136 105 99 2690 184 161 2506 153 88 2353 984 650 320 330 193 82 170 1369 803 724 316
is_linear=0
shrinkage=0.05


Tree=230
num_leaves=31
num_cat=0
split_feature=12 0 4 4 4 7 4 2 6 2 2 9 0 4 0 6 9 9 4 4 4 10 9 4 10 9 7 7 5 2
split_gain=0.069022 0.237926 0.0881463 0.119832 0.103909 0.172688 0.136981 0.14338 0.20356 0.111708 0.367914 0.270193 0.671711 0.424646 0.274616 0.519753 0.243253 0.680853 0.517039 0.580743 0.214629 0.318021 0.213839 0.199072 0.185749 0.466411 0.361649 0.486034 0.445612 0.332003
threshold=2.2474663095130718 1.4617243941856273 -0.62050816202769388 -0.61026752394455841 -0.59162046264247503 -0.77558885829974356 -0.58698813852144871 -0.63735761389618728 -0.91222047418000374 -0.60942377085899468 -0.59782257499795122 -0.8713077912186018 -0.44563268767116926 -0.32253685190918596 -0.63741586323299426 0.30124493405417258 -0.80354214332994855 -0.98640739684122802 -0.23726377203574714 -0.54179494364878866 -0.10229681383388389 0.37716066179429231 -0.79602590912834914 -0.042052330150773802 -0.66223135849169101 -0.40800200812596354 -0.57923705398523928 -0.62343927564629265 -0.4851209774912994 -0.17749404422749451
decision_type=2 2 2 2 2 2 2 2 2 2 2 2 2 2 2 2 2 2 2 2 2 2 2 2 2 2 2 2 2 2
left_child=2 -2 -1 -4 5 -5 -6 8 -8 11 -11 13 14 -9 15 23 17 18 19 -12 -20 -22 -18 -13 25 -24 27 -27 -28 -30
right_child=1 -3 3 4 6 -7 7 9 -10 10 16 12 -14 -15 -16 -17 22 -19 20 -21 21 -23 24 -25 -26 26 28 -29 29 -31
leaf_value=-0.032964674285092727 -0.0072345210069118303 0.050962685307627889 0.018186577162786297 0.006179362689268956 0.028912599437797032 -0.049049389385732479 0.0061851218326037447 0.043081813083660214 -0.050389286582537079 -0.050369568024014683 0.022621485462144132 -0.050883608695717855 -0.050629638742502675 -0.0079904204785181815 0.028797636886259134 0.033941837746024273 0.047075474032163077 -0.05050086952608869 0.032282268403398248 -0.050590369744956766 -0.050337531372430112 0.032663421774816036 -0.046426343078346838 0.011589011860872585 0.0029678275666140683 -0.0074144768180851115 0.03512457795491996 0.049468327139020433 -0.050758145404639847 0.0069465508755140919
leaf_weight=0.20740919517993717 0.46129240083973755 0.28358716203365475 0.85627593263052659 0.27745069563388824 0.39392765064258739 0.28893395693740487 0.29617537377635017 1.0210277712903915 0.34329044289189425 0.38024504076749366 0.41833101736847345 0.50022274364891939 0.57631284293894625 0.67678225215058763 1.0303362314007243 0.4621235377562698 0.25181699858515116 0.89864223383485509 1.0215513131406622 0.76842949539423 0.23059673095121991 0.23102905676933005 0.69195273751392994 0.1711464646505193 16.676467399971344 0.91591049221460707 0.30461824870144516 0.63649942167103335 0.80133886114344954 0.36180765627070754
leaf_count=64 39 47 26 20 13 45 23 22 85 113 21 69 93 48 34 20 13 223 51 176 67 20 135 13 1444 112 19 11 113 21
internal_value=-0.000122375 0.0149221 -0.00047599 -0.000261957 -0.000777745 -0.0219949 -0.000377984 -0.000766918 -0.0241862 -0.000250992 -0.00156873 0.00705016 -0.00266105 0.0227234 0.0101149 -0.00686762 -0.000802227 -0.012856 -0.000185525 -0.0247833 0.0194963 -0.00879819 0.00128178 -0.034958 0.000716187 -0.00939915 -0.000915843 0.0159079 -0.0187098 -0.0328086
internal_weight=32.4355 0.74488 31.6907 31.4832 30.627 0.566385 30.0606 29.6667 0.639466 29.0272 24.5892 4.43795 2.74014 1.69781 2.16383 1.13349 24.209 3.56858 2.66994 1.18676 1.48318 0.461626 20.6404 0.671369 20.3886 3.71213 3.02017 1.55241 1.46776 1.16315
internal_count=3200 86 3114 3050 3024 65 2959 2946 108 2838 2539 299 229 70 136 102 2426 558 335 197 138 87 1868 82 1855 411 276 123 153 134
is_linear=0
shrinkage=0.05


Tree=231
num_leaves=31
num_cat=0
split_feature=6 1 7 10 6 2 6 11 7 4 9 9 10 6 4 3 3 3 9 2 2 9 5 5 3 11 3 9 10 7
split_gain=0.0660357 0.204736 0.254268 0.161304 0.166181 0.240566 0.116646 0.110044 0.368538 0.130309 0.321474 0.275198 0.280555 0.206849 0.166719 0.134759 0.339069 0.226322 0.320163 0.251521 0.202417 0.493653 0.201993 0.392387 0.181011 0.542541 0.430731 0.549771 0.688175 0.35776
threshold=-1.1869673590632133 -0.43921187833385439 0.67237047638421177 1.9502346260213264 -1.0610417034917423 -0.29780832664808204 -1.0495939166216084 1.4436749202024679 1.1574853415732238 1.0800313386245708 2.2417173007326912 2.2417173007326912 0.97699101548487877 -0.43141342563438673 0.7612895473562159 1.573122256837953 0.59136444341463046 0.07275581811852791 -1.105438174950047 0.1388800348719422 2.4459164779143916 -0.28432450848734031 0.22119224682757102 0.082077344573208116 -0.16485053153286366 -1.2993788618744622 -0.26513437044509197 -0.14941179649343753 -0.36653799144594873 -0.34175866102363645
decision_type=2 2 2 2 2 2 2 2 2 2 2 2 2 2 2 2 2 2 2 2 2 2 2 2 2 2 2 2 2 2
left_child=1 -1 -3 4 5 -2 -6 9 -9 10 14 12 13 -11 15 16 17 22 -19 -20 21 -21 23 24 26 -26 -8 -28 -29 -27
right_child=3 2 -4 -5 6 -7 7 8 -10 11 -12 -13 -14 -15 -16 -17 -18 18 19 20 -22 -23 -24 -25 25 29 27 28 -30 -31
leaf_value=0.018787857079172271 -0.050333299353096952 -0.049710605970336968 0.035767412219893623 0.035759241654876581 0.028921177621190244 -0.00035920518135759585 0.0007048626978921578 -0.011975671293798409 0.050687353976676945 -0.021353427406631192 0.050673077060790266 -0.041158499736220315 -0.016378518819393471 0.049865801164986186 0.037413094186338085 -0.036783102714813429 0.039402073124633591 0.032945260582734802 -0.050719823355817921 -0.047529196824540966 -0.041178185904328812 0.050734399150197257 0.026736415829400964 -0.041592885147918889 -0.049654582859691022 -0.00013116265664341178 -0.050588213500339298 0.029449319499222849 -0.046851460127346707 0.031781804055356695
leaf_weight=1.3308998078573493 0.41259788743627723 0.26927355088991944 0.12852683593519032 0.30091432361950765 0.33653850160772592 0.57840305485297605 15.133429603869478 0.52454960299655695 0.42454227872076444 0.14346886801649816 0.30606172296393097 0.62062610208522517 1.0501346480159552 0.35232182027539183 0.28108847470139053 0.26489343564025958 0.51035825451253813 0.25355303817195807 0.66663639254693297 0.22041850723326206 0.31652814679546282 0.30422198440646753 0.66417963753337872 0.58663278550375153 0.35068338376004282 1.785411308461335 0.99114657621248659 0.74996972881490365 0.48768041230505221 1.7283521220087992
leaf_count=71 139 49 19 94 20 28 1380 37 92 7 55 18 46 50 53 17 69 17 135 7 14 51 26 59 37 168 200 44 73 125
internal_value=-0.000124862 0.0093805 -0.0220932 -0.000666359 -0.00103118 -0.0211656 -0.000344406 -0.000687375 0.0160544 -0.0012596 -0.000263188 -0.0130338 -0.0017429 0.0292568 -0.000879496 -0.0013098 -0.000930123 -0.00177933 -0.0190388 -0.0277805 -0.00960075 0.00945067 -0.000426864 -0.00125394 -0.000139111 0.00964768 -0.00231743 -0.0228387 -0.000616039 0.0155662
internal_weight=32.074 1.7287 0.3978 30.3453 30.0444 0.991001 29.0534 28.7169 0.949092 27.7678 25.6012 2.16655 1.54593 0.495791 25.2952 25.0141 24.7492 24.2388 1.76136 1.50781 0.841169 0.52464 22.4775 21.8133 21.2267 3.86445 17.3622 2.2288 1.23765 3.51376
internal_count=3200 139 68 3061 2967 167 2800 2780 129 2651 2530 121 103 57 2475 2422 2405 2336 224 207 72 58 2112 2086 2027 330 1697 317 117 293
is_linear=0
shrinkage=0.05


Tree=232
num_leaves=31
num_cat=0
split_feature=12 11 7 6 8 5 4 0 10 0 2 5 0 7 8 6 6 11 8 7 9 6 2 10 0 4 8 9 10 10
split_gain=0.0651837 0.279841 0.148788 0.0854596 0.447444 0.279452 0.274366 0.271445 0.272239 0.687015 0.363093 0.313141 0.261838 0.305569 0.223543 0.159961 0.245766 0.278455 0.706365 0.582424 0.461204 0.414076 0.295743 0.482331 0.235397 0.214254 0.334686 0.212102 0.328427 0.377097
threshold=2.2474663095130718 -0.84220323152830712 0.47508523743431424 0.41572280275550993 -0.5292771265721824 -0.58021129192019882 -0.38442078730432289 -0.36435580584953903 1.182757133119076 1.7996030111991581 -0.31065878629843879 0.69076997025876208 1.5573656483092535 2.2363133689840313 0.67207066632892998 0.083736983521631461 0.10663255726189894 1.0000000180025095e-35 -0.53772787345512285 -0.63945649945877059 0.20447663039014422 0.26690157344377136 -0.46182579806084384 -1.4748378345497255 -0.72681049850018986 -0.54971359904393469 -0.51226121370361632 -0.62618322737723475 0.84090148295430656 -0.96827329876349266
decision_type=2 2 2 2 2 2 2 2 2 2 2 2 2 2 2 2 2 2 2 2 2 2 2 2 2 2 2 2 2 2
left_child=3 -2 -3 15 5 -5 -6 -8 9 10 -9 -11 -10 -14 -13 27 -17 18 19 -18 21 24 23 -21 -19 -23 -27 28 29 -1
right_child=1 2 -4 4 6 -7 7 8 12 11 -12 14 13 -15 -16 16 17 20 -20 22 -22 25 -24 -25 -26 26 -28 -29 -30 -31
leaf_value=-0.022111659165095502 -0.031503507528343015 -0.01422017056244056 0.050890947852654259 0.046391513283412879 0.024229242701303094 -0.050507018649944474 -0.043105835802094587 -0.021372827909918277 -0.027341775028896034 -0.038553915493680486 0.044705605904600688 -0.028852337690966758 0.050503386624947702 -0.040027865865896385 0.051104993554296763 0.031547748477923715 -0.050832700707594894 0.0025276261071635244 -0.044801559291609658 0.053953409480618025 0.039631756496967541 0.047354909047440406 0.044219158572612084 -0.033341531883779169 -0.049965815661376894 -0.051118510585613744 0.025927454058866789 -0.0059264039183458857 -0.035208954818339702 0.012875424167712743
leaf_weight=0.89165889628930006 0.22453241626499221 0.11414526880253006 0.37928670799010433 0.082974504213780165 0.92792510526487593 0.7205980688886483 0.43588475594879117 0.2549557033926243 1.35099891104619 0.75501415965845786 1.1262172143324276 0.14891087234718725 0.2628095245163421 0.14443182718969183 0.21167221368523315 0.91609102726215397 0.32315879556699667 0.38570200788672071 0.88071747517096821 0.25195691868429992 1.1124519893201066 0.4284414853900671 0.78526185854570929 0.42540200962685049 0.4785297389607881 0.20480937178945169 0.45209840021561809 10.950441668814166 0.46895203029271204 5.6517178030917519
leaf_count=149 11 11 64 3 98 172 71 26 63 41 146 9 59 13 33 27 45 33 117 8 45 11 20 38 53 27 27 1207 83 490
internal_value=-0.000122655 0.0147717 0.0358288 -0.000467279 -0.00560352 -0.0405016 -0.000612595 -0.00552666 -0.00167704 0.00893612 0.0325079 -0.0202472 -0.0167481 0.0183957 0.0180848 0.000873251 0.00750145 0.00365603 -0.00815698 0.00991554 0.0139431 -0.000715128 0.0233376 -0.000870469 -0.0265383 0.0198471 0.00190622 -0.00157859 0.00521095 0.00810777
internal_weight=31.7477 0.717964 0.493432 31.0298 6.42239 0.803573 5.61882 4.6909 4.25501 2.49677 1.38117 1.1156 1.75824 0.407241 0.360583 24.6074 6.64462 5.72853 2.6665 1.78578 3.06203 1.94958 1.46262 0.677359 0.864232 1.08535 0.656908 17.9628 7.01233 6.54338
internal_count=3200 86 75 3114 734 175 559 461 390 255 172 83 135 72 42 2380 451 424 228 111 196 151 66 46 86 65 54 1929 722 639
is_linear=0
shrinkage=0.05


Tree=233
num_leaves=31
num_cat=0
split_feature=1 0 1 4 6 2 2 11 3 0 0 2 10 4 11 8 1 3 2 10 3 8 0 7 0 1 0 3 4 0
split_gain=0.065517 0.669599 0.493634 0.32913 0.349866 0.269259 0.28853 0.295917 0.227921 0.332012 0.318253 0.256536 0.274676 0.248455 0.24755 0.230463 0.227178 0.212474 0.364303 0.421046 0.306461 0.191017 0.185655 0.394595 0.233257 0.643131 0.429757 0.274087 0.634025 0.519399
threshold=-0.54841222683799962 -0.94193629397106149 -0.56525070204263117 -0.063503577663305763 -1.1984151459333472 -0.41162463686833839 -0.46078377202604476 0.98649928985631286 -0.3121644886653262 -0.35219342830129935 -0.70778991346071596 -0.55935715586603918 -0.041398772367113125 -0.53564471011386772 -0.84220323152830712 -0.94614398794680932 -0.54558561461518407 -0.14443430969965756 -0.36738017938588113 1.1060751577111321 -0.37637043062922276 0.78319830396187984 -1.0326644869479418 -0.7088178460563298 -0.58409013874171312 -0.28943964655296262 -0.63095583996529825 -0.41690527970286867 -0.2621149422608946 -0.74657034756074236
decision_type=2 2 2 2 2 2 2 2 2 2 2 2 2 2 2 2 2 2 2 2 2 2 2 2 2 2 2 2 2 2
left_child=1 -1 3 5 -5 6 7 8 10 -10 -3 15 14 -11 -13 -12 -2 18 -7 20 -20 -17 23 -18 25 26 27 -24 -29 -30
right_child=16 2 -4 4 -6 17 -8 -9 9 13 11 12 -14 -15 -16 21 22 -19 19 -21 -22 -23 24 -25 -26 -27 -28 28 29 -31
leaf_value=-0.050677118156673633 0.040699083069185543 -0.050498058148169524 -0.044809503159487604 0.028639257363679217 -0.050368461779632424 0.041370071220441403 -0.05093890432724666 -0.050457657874522291 0.03685409525359052 0.036867672030961966 0.048280996909552704 0.016856320725645996 0.042296643593482834 -0.05092364341479208 -0.050512398488823412 -0.050584354987636672 -0.050292978935330357 0.048859199020010458 -0.050828457949332856 0.047348959873659627 0.006116823820788788 0.019972335360275564 0.019020695145381065 0.025285299853141031 0.0024229547268140683 -0.047217864477782548 -0.051268883716888536 -0.050944821191471749 0.021535714230537059 -0.050747876105358872
leaf_weight=0.70097875305509649 0.35963483413798059 0.30926941549114451 0.56174274702789428 0.19321902096271515 0.5098875415715155 0.71358348726062115 0.26618450510431957 0.24290678229590401 1.0253857310744932 0.12550821760669351 0.10035731119569402 0.41158622165676206 0.58925909223034911 0.22518671714351546 0.20391905741416849 0.41414771662675798 0.19521690218243737 0.51555716007715169 0.43337127615814097 0.30941144190728664 0.51947060436941683 0.12484227772802114 1.6384715716703793 1.4974331167759434 15.579657899914297 0.94072091416456771 0.3954820978688075 0.61977865674998645 1.358136884868145 0.30418136858497757
leaf_count=184 13 67 85 10 147 30 43 54 61 4 8 23 23 46 43 89 67 14 54 8 30 4 103 102 1473 191 31 74 75 44
internal_value=-0.000118777 -0.0038685 0.00034096 0.00384749 -0.0286565 0.00734734 -0.000627257 0.00292282 0.0065966 0.0224911 -0.00356049 0.00431125 0.0178965 -0.0195045 -0.00546317 -0.0212884 0.00127303 0.0202742 0.0128154 -0.0033272 -0.019783 -0.0342418 0.00064367 0.0165687 -0.000650001 -0.00975742 -0.00159259 0.00341844 -0.00778347 0.00830881
internal_weight=31.3845 8.49578 7.7948 7.23305 0.703107 6.52995 4.03855 3.77237 3.52946 1.37608 2.15338 1.84411 1.20476 0.350695 0.615505 0.639347 22.8887 2.49139 1.97584 1.26225 0.952842 0.53899 22.5291 1.69265 20.8364 5.25677 4.31605 3.92057 2.2821 1.66232
internal_count=3200 1027 843 758 157 601 465 422 368 111 257 190 89 50 66 101 2173 136 122 92 84 93 2160 169 1991 518 327 296 193 119
is_linear=0
shrinkage=0.05


Tree=234
num_leaves=31
num_cat=0
split_feature=3 3 9 7 4 1 0 0 7 3 7 10 1 9 2 3 10 9 9 4 0 0 7 2 8 8 11 1 3 11
split_gain=0.0629448 0.317295 0.330907 0.31157 0.212928 0.180468 0.23115 0.391451 0.363185 0.20832 0.298322 0.192681 0.280491 0.171738 0.147325 0.239341 0.152428 0.146133 0.55411 0.292326 0.28517 0.413881 0.41572 0.6489 0.377245 0.604479 0.268103 0.402083 0.244131 0.375482
threshold=-0.50033097130084458 -0.48184563559686372 -0.29331643695406112 -0.95500026722586229 -0.34038347672486485 -0.59161367624155514 -0.19969147626913489 -0.50659442413980482 0.74021918961436672 -0.62365221120064573 -0.1336228178496334 -0.041398772367113125 -0.59316825847168986 -0.24784238097039532 -0.63735761389618728 0.19160854741304575 1.9502346260213264 -0.61242554813479133 -0.53815491610554311 -0.10229681383388389 -0.89740721208015028 -0.67474622421048835 -0.48624163483115418 -0.50768976144928135 0.26396248560035551 -0.8253650105178495 -1.2993788618744622 0.32680828161541869 -0.19696012237471039 -1.2993788618744622
decision_type=2 2 2 2 2 2 2 2 2 2 2 2 2 2 2 2 2 2 2 2 2 2 2 2 2 2 2 2 2 2
left_child=4 2 3 -2 5 11 7 9 -8 -7 -11 12 -1 -13 15 -3 17 19 -19 20 -16 -22 23 24 25 -23 -21 -28 -20 -30
right_child=1 14 -4 -5 -6 6 8 -9 -10 10 -12 13 -14 -15 16 -17 -18 18 28 26 21 22 -24 -25 -26 -27 27 -29 29 -31
leaf_value=-0.050353423403594291 0.038205976489660072 -0.050334897482074197 0.033893228191694567 -0.049589161042538694 -0.046769110803223712 0.021375412552187723 -0.049077720875337766 0.029436663433033423 0.022935783950400399 -0.050740764147045619 0.0096847497971894736 2.7034187993830503e-05 0.055316694380651205 0.04965911748822717 0.025929185495768073 0.041657874255242228 0.038205568329187672 -0.049649717863190501 -0.0088603197241369606 0.020250430679478893 -0.035506258393418165 0.02813930208756012 0.023659320431899045 -0.050648011872943592 0.0487956623447173 -0.051094253423547821 -0.040122253535279345 0.045266036021879008 -0.036094427430024577 0.0063813253782730702
leaf_weight=0.20836234326998238 0.16183718960382965 0.32375964469975471 1.3106163801858226 0.26906077822786756 0.29565010839724237 0.26617184799397375 0.66472106747096393 0.72612381208455179 0.23768543694313848 0.56916786823421728 0.31859787422581576 0.29566595805226825 0.089892263320507482 0.42458289352362066 1.8670465230243278 0.090460283565334976 0.25598324870952538 0.62080926800264613 6.5352353621710906 0.39598303491948161 0.61196425775415164 0.54873219900764481 2.1827033447334561 0.61525716111646001 0.44782824901631102 0.42883340411935933 0.94642470497639208 0.16137394611723721 0.55393884179649155 8.5655691144638197
leaf_count=73 5 89 42 44 44 17 88 37 27 96 35 35 2 14 117 4 87 89 696 43 105 27 138 98 14 57 205 8 65 799
internal_value=-0.000122904 0.000756582 0.0213961 -0.016615 -0.00589654 -0.00271735 -0.00930892 0.000675363 -0.03011 -0.0174229 -0.0290555 0.0152903 -0.018505 0.0292849 -0.000672498 -0.0302449 -0.000177323 -0.000578659 -0.00332165 0.00486162 0.00933167 0.00292292 0.00849131 -0.00773256 0.0107915 -0.00661846 -0.0150614 -0.0276837 -0.00148445 0.00380126
internal_weight=30.99 26.8934 1.74151 0.430898 4.09662 3.80097 2.78247 1.88006 0.902407 1.15394 0.887766 1.0185 0.298255 0.720249 25.1519 0.41422 24.7377 24.4817 16.2756 8.20615 6.70237 4.83532 4.22335 2.04065 1.42539 0.977566 1.50378 1.1078 15.6547 9.11951
internal_count=3200 2732 91 49 468 424 300 185 115 148 131 124 75 49 2641 93 2548 2461 1649 812 556 439 334 196 98 84 256 213 1560 864
is_linear=0
shrinkage=0.05


Tree=235
num_leaves=31
num_cat=0
split_feature=12 11 3 6 0 1 5 6 2 6 3 12 1 0 9 10 0 0 6 6 3 9 1 11 4 9 2 10 9 0
split_gain=0.0618498 0.261592 0.142354 0.0832546 0.337417 0.389598 0.247066 0.298414 0.241656 0.257559 0.223753 0.189872 0.374355 0.175419 0.374865 0.182874 0.647384 0.170353 0.150757 0.229269 0.347897 0.446832 0.364008 0.288548 0.496423 0.332982 0.32079 0.642533 0.320315 0.368694
threshold=2.2474663095130718 -0.84220323152830712 -0.49056045828588268 0.41572280275550993 -0.44227187395058193 0.27839597170200692 -0.3360229971028556 0.48440952397631237 -0.34449425741718026 0.6103351795477836 2.5549216383180724 1.0000000180025095e-35 2.2315286051655776 1.9028524291508331 2.8702882791712816 0.97699101548487877 1.7996030111991581 0.88291895521107089 0.083736983521631461 0.10663255726189894 -0.25871313966137527 0.94380120850471116 0.19103045683483741 1.0000000180025095e-35 -0.40453228912572742 -1.2380469847259292 -0.4513786100469766 -1.4748378345497255 -0.24784238097039532 -0.71262393124796397
decision_type=2 2 2 2 2 2 2 2 2 2 2 2 2 2 2 2 2 2 2 2 2 2 2 2 2 2 2 2 2 2
left_child=3 -2 -3 18 5 -5 7 -6 -8 -10 11 12 -11 15 -15 16 -13 -12 -1 -20 23 22 -22 24 25 -21 27 -26 29 -25
right_child=1 2 -4 4 6 -7 8 -9 9 10 17 13 -14 14 -16 -17 -18 -19 19 20 21 -23 -24 28 26 -27 -28 -29 -30 -31
leaf_value=-0.0015171834311313249 -0.030327329015737044 -0.014764083804657694 0.050815594529835008 -0.049136272808112197 -0.043296998801927403 0.0454969204520825 -0.050635786536129247 0.031387778227723616 0.031473289824636833 0.041063451010208626 -0.012224283469584154 0.050418771315414834 -0.035867189648430803 0.050714864656541639 -0.051889621901189578 -0.036247484873050968 -0.045293030044380428 0.050778653167340274 0.030939965543452963 0.043248570811299486 -0.043021972460409827 0.044929504988289876 0.038978172554498515 0.021166771781555058 0.055706114350729932 -0.050936615627876672 0.040333504696962473 -0.050742626134503935 0.040125375225635279 -0.050820588923802618
leaf_weight=17.423599996276618 0.21967761940322816 0.10733086697291583 0.36133217102906101 0.72216676904645272 0.15662093868013449 0.12804397428408265 0.28743314748862703 0.91594816210999852 0.47296566248405714 0.40492099913535717 0.1802050617407075 0.30571121524553824 0.25946144087356515 0.23615065444027994 0.14287804253399372 1.2994991835439575 0.41856661578640342 0.26517526790848933 0.8952990093966936 0.11122561083175175 0.96019441573298514 0.2309650402603437 0.15754441503668204 0.62025252779130835 0.22870167321525514 0.60041176431695942 0.65293486521113686 0.37290431646397337 1.2367692824336698 0.24937895033508561
leaf_count=1929 11 6 69 187 20 6 56 75 37 90 10 66 22 52 2 61 9 41 27 4 123 23 17 41 4 78 18 48 32 36
internal_value=-0.000124448 0.0146939 0.0357969 -0.000465179 -0.00562664 -0.0348843 -0.0009732 0.020482 -0.00635873 -0.00316551 -0.0078296 -0.0126384 0.0110197 -0.0191799 0.0120372 -0.0250265 -0.00489393 0.0252871 0.000881867 0.00749939 0.00362829 -0.0183817 -0.0314641 0.0109173 -0.00285809 -0.0362159 0.0160641 -0.0102759 0.0237756 0.000523392
internal_weight=30.6243 0.688341 0.468663 29.9359 6.19575 0.850211 5.34554 1.07257 4.27297 3.98553 3.51257 3.06719 0.664382 2.40281 0.379029 2.02378 0.724278 0.44538 23.7402 6.31658 5.42128 1.3487 1.11774 4.07258 1.96618 0.711637 1.25454 0.601606 2.1064 0.869631
internal_count=3200 86 75 3114 734 193 541 95 446 390 353 302 112 190 54 136 75 51 2380 451 424 163 140 261 152 82 70 52 109 77
is_linear=0
shrinkage=0.05


Tree=236
num_leaves=31
num_cat=0
split_feature=7 1 6 8 4 0 1 3 8 3 2 1 3 7 6 7 4 10 1 3 4 8 6 6 1 7 12 7 1 2
split_gain=0.0630282 0.118667 0.0632479 0.415601 0.249565 0.267737 0.239215 0.207988 0.206106 0.232673 0.234711 0.198314 0.186796 0.181513 0.322643 0.216931 0.353652 0.216698 0.261658 0.172195 0.16499 0.350965 0.162027 0.243376 0.439806 0.290469 0.251996 0.428229 0.416457 0.533392
threshold=2.3040973512739593 -1.0000000180025095e-35 0.41572280275550993 -0.5292771265721824 -0.38442078730432289 -0.36435580584953903 -0.54060072574269447 -0.55428211222392354 1.8473808696127203 4.9662738841152505 2.3286866434053652 -0.33780423609459781 2.5549216383180724 2.1027043013255291 2.9685792747953341 1.3018318434043656 0.64119734245669002 1.3041644750934258 0.10658312137702206 -0.51176164108056066 1.7559896087907816 1.313642735767492 0.083736983521631461 -0.11087539327064211 -0.29543068525098165 0.7679122299421447 1.0000000180025095e-35 -0.86679013174991326 -0.51676395493508465 -0.47010117260037498
decision_type=2 2 2 2 2 2 2 2 2 2 2 2 2 2 2 2 2 2 2 2 2 2 2 2 2 2 2 2 2 2
left_child=2 -2 8 7 11 -6 -7 -4 9 10 22 -5 13 14 15 20 17 18 -17 -10 21 -8 23 26 25 -25 -1 -28 29 -29
right_child=1 -3 3 4 5 6 12 -9 19 -11 -12 -13 -14 -15 -16 16 -18 -19 -20 -21 -22 -23 -24 24 -26 -27 27 28 -30 -31
leaf_value=0.0039120597228373463 -0.022275224642859075 0.050238589630604472 0.030810716476593565 -0.0032692115219808632 -0.044915372076161149 0.037745295488065704 -0.030902433891226086 -0.050473991634308449 -0.028624225959190952 -0.049961215993017505 0.050641272164944573 0.044378942199542332 0.02561261875904558 -0.033544704870963969 0.050846430673159339 -0.043700418479384988 0.050858290387909344 -0.036227136128786183 0.050511393323806858 0.050468206099561909 -0.048633517173746976 0.028809775735483309 0.0071512614211240721 -0.050564469895010677 0.011455153484506403 0.03586045673463871 0.019112566751142951 0.016110883789888179 -0.033805462358775691 -0.050830799803483234
leaf_weight=10.525652498203288 0.08661443111486733 0.16183718100364686 0.089828641357598826 0.38062155871011782 0.38173021504189808 0.36079832748509888 0.73932177806273214 0.63508449929940969 0.085655802860856056 0.22882402315735717 0.2329537323967078 0.5122886360331903 0.44598145459895011 0.60879610685515206 0.24948878900613625 0.11118439014535375 0.33756371529307216 0.39269131835317239 0.21859803367988206 0.35003409622004156 0.39584666490554798 0.36885115469340235 6.1346142637921721 0.89905475341947727 0.65299007439171575 0.10900923615554348 0.9827752847195369 1.262544303506729 1.9454375533823614 0.38933647105295688
leaf_count=1001 9 99 14 34 69 14 54 161 3 4 35 63 42 39 34 4 42 28 52 78 9 51 436 186 53 9 108 132 274 63
internal_value=-0.000120938 0.024959 -0.000328453 -0.00481398 -0.000126669 -0.00481205 -0.00119223 -0.0404015 0.000845505 0.000210088 0.000706336 0.0240679 -0.00482393 -0.00879026 -0.00343389 -0.00871549 0.00860792 -0.0111329 0.0187484 0.0349188 -0.0209251 -0.0110275 0.000198397 -0.00234551 -0.0205117 -0.0412187 -0.000347924 -0.0101379 -0.0181291 0.000333208
internal_weight=30.276 0.248452 30.0276 6.22868 5.50376 4.61085 4.22912 0.724913 23.7989 23.3632 23.1344 0.89291 3.86832 3.42234 2.81355 2.56406 1.06004 0.722474 0.329782 0.43569 1.50402 1.10817 22.9014 16.7668 1.66105 1.00806 15.1057 4.58009 3.59732 1.65188
internal_count=3200 108 3092 710 535 438 369 175 2382 2301 2297 97 355 313 274 240 126 84 56 81 114 105 2262 1826 248 195 1578 577 469 195
is_linear=0
shrinkage=0.05


Tree=237
num_leaves=31
num_cat=0
split_feature=1 0 1 4 6 11 0 5 1 10 8 0 11 10 5 0 10 9 0 1 10 10 6 11 4 5 5 8 8 4
split_gain=0.0640584 0.622887 0.45563 0.300481 0.316707 0.227749 0.6323 0.209641 0.203996 0.158906 0.520577 0.259539 0.297122 0.247718 0.343994 0.221656 0.581038 0.444832 0.274565 0.628244 0.293599 0.440632 0.324829 0.476429 0.247986 0.469591 0.644965 0.351488 0.331388 0.274224
threshold=-0.54841222683799962 -0.94193629397106149 -0.56525070204263117 -0.063503577663305763 -1.1984151459333472 0.52932365951015792 -0.67013406319362911 -0.54342980462193946 -0.54558561461518407 0.59914703070774122 -0.57220428632768028 -0.50659442413980482 0.52932365951015792 1.5677608893892445 5.6077083853662559 -0.92540951807127958 -0.95193858953903132 -1.1185685682044857 -0.58409013874171312 -0.35226049805867143 0.37716066179429231 -1.2762687166533417 -0.20245768823171201 -0.84220323152830712 -0.53564471011386772 -0.35548453645559441 -0.45996984035351712 -0.91283737994998082 -0.79231838868755811 -0.38173003263391186
decision_type=2 2 2 2 2 2 2 2 2 2 2 2 2 2 2 2 2 2 2 2 2 2 2 2 2 2 2 2 2 2
left_child=1 -1 3 5 -5 7 -7 -3 -2 15 -11 -12 -13 -14 -15 16 -10 -17 19 20 21 -19 -23 -24 -20 26 -26 -27 -29 -30
right_child=8 2 -4 4 -6 6 -8 -9 9 10 11 12 13 14 -16 17 -18 18 24 -21 -22 22 23 -25 25 27 -28 28 29 -31
leaf_value=-0.050643634197848814 0.039392073337620931 -0.050383502022335838 -0.044558626516927373 0.026731297906559211 -0.050340720971164203 0.02734844101711283 -0.041959799673813927 0.013959626376973103 -0.050587183631189053 -0.050592802913063575 -0.035656583550398552 0.01453633460561899 -0.018097788435884863 0.04690478257301442 -0.054935593590140823 -0.050383705667625046 0.024078830542580493 0.033258560536964493 0.024787960456885666 -0.048741913555528218 0.03636574759990855 -0.050916052720206162 0.032067615255212227 -0.050922927165390978 0.0093706615167883194 -0.05074216524191838 -0.048611975507749206 0.034113354252710261 -0.038926396337636532 0.0090988338655220349
leaf_weight=0.65571988899318956 0.34545917320065456 0.13011973566608404 0.5270405334886189 0.18610886728856713 0.46967611830041267 0.59247569799481425 0.74019383671111405 4.6714829807460783 0.29139152736752327 0.59697030525421713 0.49964337144047011 2.4261101681113351 1.939104008371942 0.34985283011337731 0.10867547229281627 0.41483154727030225 2.4620922946196577 0.49431237624958191 1.5446068676756146 0.80330832963227727 0.50375284394249309 0.55964369536377523 0.44415364880114794 0.28319976894999843 0.99299367974163033 0.2308149056625578 0.92763414536603039 1.3268478810205149 0.32024859715602616 4.1369912867957872
leaf_count=184 13 34 85 10 147 45 123 399 65 122 65 271 164 81 3 109 183 20 75 137 18 67 16 35 80 42 119 50 45 393
internal_value=-0.000118665 -0.00395845 0.000225235 0.00370133 -0.028468 0.0071404 -0.0111469 0.012216 0.00127271 0.000664656 -0.00631805 -0.00135303 0.00220013 -0.0102826 0.0227677 0.00329162 0.0161772 0.000558875 0.00224027 -0.0107075 0.00266347 -0.0068675 -0.0222792 -0.000245291 0.00645828 0.00289051 -0.0186341 0.00976356 0.012178 0.00564827
internal_weight=29.9755 7.97282 7.3171 6.79006 0.655785 6.13427 1.33267 4.8016 22.0026 21.6572 5.92036 5.32339 4.82374 2.39763 0.458528 15.7368 2.75348 12.9833 12.5685 3.08837 2.28506 1.78131 1.287 0.727353 9.48014 7.93553 1.92063 6.0149 5.78409 4.45724
internal_count=3200 1027 843 758 157 601 168 433 2173 2160 706 584 519 248 84 1454 248 1206 1097 293 156 138 118 51 804 729 199 530 488 438
is_linear=0
shrinkage=0.05


Tree=238
num_leaves=31
num_cat=0
split_feature=1 0 1 2 2 0 6 5 7 8 1 7 7 7 6 2 2 2 6 7 7 10 8 2 2 8 0 8 8 0
split_gain=0.0588084 0.593488 0.426778 0.30836 0.264877 0.233164 0.523588 0.304674 0.276869 0.204687 0.187961 0.166179 0.344353 0.302492 0.372914 0.176369 0.151178 0.185326 0.214722 0.213902 0.462985 0.145209 0.498037 0.291437 0.273238 0.358993 0.217943 0.283872 0.297966 0.21022
threshold=-0.54841222683799962 -0.94193629397106149 -0.56525070204263117 -0.41162463686833839 -0.46078377202604476 -0.34453983741386446 0.39282722901524242 -0.49280438539099541 -0.91862974308994938 -0.94614398794680932 -0.54558561461518407 -0.44799575568830735 0.32654253101180114 -0.50744246826949346 -0.15666654075117706 -0.47818526805501277 -0.36738017938588113 -0.31065878629843879 -1.0953850641021436 -0.29744313585076054 -0.90003340957833855 0.59914703070774122 -0.57220428632768028 2.4459164779143916 2.2738930693361579 1.7641034443092669 -0.50659442413980482 -0.22184342173987096 -0.064543436672427554 -0.39674024381204592
decision_type=2 2 2 2 2 2 2 2 2 2 2 2 2 2 2 2 2 2 2 2 2 2 2 2 2 2 2 2 2 2
left_child=1 -1 3 4 5 7 9 -3 -9 -7 -2 13 15 14 -10 -13 -5 -18 -19 20 -20 24 -23 26 25 -12 -24 -28 -29 -25
right_child=10 2 -4 16 -6 6 -8 8 11 -11 21 12 -14 -15 -16 -17 17 18 19 -21 -22 22 23 29 -26 -27 27 28 -30 -31
leaf_value=-0.05061271309827764 0.038157815906848414 -0.050465086527848479 -0.044012016833634121 0.037381792399136096 -0.050733240344653166 0.019624195762781859 0.033149489975918087 -0.050491913746670683 0.025764745543589835 -0.050552011640601968 0.0034770943825013301 -0.050546580430998682 0.03169953612648499 0.053945112128654576 -0.050453668160093459 0.018414368279396871 -0.024569744045864005 0.050572402985268411 0.032697000794509566 0.032553499082031721 -0.050837563695895829 -0.050564118933972904 -0.037232111855053214 -0.036679699244287704 -0.02335769371694563 0.050501052937016747 0.034234641707933465 -0.054150767133817196 -0.0020514531106881179 0.050574101883387512
leaf_weight=0.62411150749539945 0.33897035647533158 0.2146144519792873 0.50740769016556697 0.68872247883700799 0.29107028064026907 0.12109177884121891 0.33527976623736322 0.16765799412678495 0.68134067938081055 0.73224213662615489 14.175379952255751 0.32964289822848514 0.41526524754590355 0.5909163961187005 0.20992986875353381 0.12899887177627478 0.32146690018998936 0.36577946721808996 0.31237462884746481 0.46420157596003297 0.3536770228529349 0.56816972827073176 0.4736966174095868 0.083323902450501919 0.91399820821243416 0.41783417851547788 0.49225406354526002 0.29758328298339609 3.5283022780786268 0.40243410634138843
leaf_count=184 13 42 85 35 61 16 28 42 60 191 1302 64 24 10 49 8 39 7 12 24 46 122 64 2 61 91 26 13 389 90
internal_value=-0.000125054 -0.00383171 0.000205608 0.00354223 -0.00471113 -0.00129994 -0.0197925 0.00672693 0.0115904 -0.0405937 0.00121732 0.0160082 -0.00128523 0.0262044 0.00781226 -0.0311504 0.0174329 0.00987346 0.0172746 0.00649856 -0.0116603 0.000630903 -0.00608469 -0.00129617 0.00316248 0.00482349 -0.00503713 -0.00150536 -0.00610382 0.0356071
internal_weight=29.5477 7.85579 7.23168 6.72427 4.21805 3.92698 1.18861 2.73837 2.52375 0.853334 21.6919 2.35609 0.873907 1.48219 0.891271 0.458642 2.50622 1.8175 1.49603 1.13025 0.666052 21.353 5.84576 5.27759 15.5072 14.5932 4.79184 4.31814 3.82589 0.485758
internal_count=3200 1027 843 758 595 534 235 299 257 207 2173 215 96 119 109 72 163 128 89 82 58 2160 706 584 1454 1393 492 428 402 92
is_linear=0
shrinkage=0.05


Tree=239
num_leaves=31
num_cat=0
split_feature=3 3 9 7 4 6 1 2 7 11 6 4 10 1 9 2 3 10 9 9 5 6 6 9 9 5 3 6 7 7
split_gain=0.0645156 0.272321 0.27837 0.288754 0.187513 0.261227 0.271493 0.247331 0.22242 0.421458 0.232762 0.364366 0.170246 0.243822 0.139315 0.134799 0.215295 0.135723 0.133524 0.503595 0.475181 0.356377 0.307452 0.305387 0.367249 0.294426 0.291238 0.295922 0.276187 0.366056
threshold=-0.50033097130084458 -0.48184563559686372 -0.29331643695406112 -0.95500026722586229 -0.34038347672486485 0.55309624519711487 -0.59161367624155514 -0.6381226920533446 -0.1336228178496334 0.52932365951015792 -0.61457801555652658 -0.61026752394455841 -0.041398772367113125 -0.59316825847168986 -0.24784238097039532 -0.63735761389618728 0.19160854741304575 1.9502346260213264 -0.61242554813479133 -0.53815491610554311 -0.3625738381022901 0.15242370474243391 -0.1337709670109096 -1.2380469847259292 -0.75775560443221923 0.22119224682757102 -0.34970316541479607 0.38137944214510872 0.019053191423463008 -0.4989425694691581
decision_type=2 2 2 2 2 2 2 2 2 2 2 2 2 2 2 2 2 2 2 2 2 2 2 2 2 2 2 2 2 2
left_child=4 2 3 -2 5 6 12 -8 10 -10 11 -9 13 -1 -14 16 -3 18 22 -20 21 -21 28 -24 25 -25 27 -23 29 -17
right_child=1 15 -4 -5 -6 -7 7 8 9 -11 -12 -13 14 -15 -16 17 -18 -19 19 20 -22 26 23 24 -26 -27 -28 -29 -30 -31
leaf_value=-0.050322047759487731 0.038068708778749259 -0.050308695262376225 0.032128187305366561 -0.049485323590416255 -0.046372421979660523 0.037673352484286465 0.020855327610511239 0.044051751577323307 -0.035367250614771029 0.04759103986335006 -0.050958118140869257 -0.050389016773436594 0.0013863465187464955 0.05451774850087341 0.04834468800895686 0.0023547190802985884 0.040589454510460636 0.037745771653384178 -0.049401657106262736 -0.047110101542956029 0.0020300625228378741 0.03872474879557309 0.035816034729931299 -0.044054804735392646 0.0077058978524299285 0.021015354792430316 -0.048176813726743893 -0.026693043624787707 -0.025697634925574177 0.03023033805550504
leaf_weight=0.18356437611510046 0.15276778864790674 0.29439303459367394 1.2436370884533996 0.24551097967196256 0.26988453544618352 0.35299235070851853 0.36269032119889866 0.19597132515627891 0.35698526116902751 0.26806377904722467 0.86205309236538608 0.2132859814009872 0.2685470853903098 0.079464950627880171 0.38350959212402891 2.510200164761045 0.083652704430278391 0.23454485897673194 0.56730075553060721 0.91905711754226149 12.957793866647954 0.43435040093027055 0.32627858719206448 1.0684935930767099 0.94086839977536718 0.20762064463633589 0.27011998710804619 0.28716363426065072 0.44669491586682841 2.2186205309990328
leaf_count=69 5 89 42 44 44 36 14 9 44 14 132 57 33 2 14 280 4 87 89 190 1283 17 22 217 73 18 34 36 74 128
internal_value=-0.00012474 0.000783692 0.0204775 -0.0159022 -0.00620384 -0.00313027 -0.00766799 -0.0169749 -0.0242102 0.000210938 -0.036217 -0.00516641 0.0153077 -0.0186484 0.0290051 -0.000576822 -0.0301951 -9.80925e-05 -0.000481433 -0.00316641 -0.00140232 -0.0246798 0.00488791 -0.00934737 -0.0159942 -0.033468 -0.00389124 0.0126884 0.0118832 0.0154331
internal_weight=29.2061 25.4091 1.64192 0.398279 3.79701 3.52713 3.17414 2.25905 1.89636 0.625049 1.27131 0.409257 0.915086 0.263029 0.652057 23.7672 0.378046 23.3891 23.1546 15.4358 14.8685 1.91069 7.71878 2.54326 2.21698 1.27611 0.991634 0.721514 5.17552 4.72882
internal_count=3200 2732 91 49 468 424 388 270 256 58 198 66 118 71 47 2641 93 2548 2461 1649 1560 277 812 330 308 235 87 53 482 408
is_linear=0
shrinkage=0.05


end of trees

feature_importances:
Column_1=778
Column_2=765
Column_0=748
Column_8=641
Column_6=636
Column_7=601
Column_9=594
Column_3=569
Column_4=563
Column_10=525
Column_5=478
Column_11=186
Column_12=116

parameters:
[boosting: gbdt]
[objective: binary]
[metric: binary_logloss]
[tree_learner: serial]
[device_type: cpu]
[data_sample_strategy: bagging]
[data: ]
[valid: ]
[num_iterations: 240]
[learning_rate: 0.05]
[num_leaves: 31]
[num_threads: 8]
[seed: 42]
[deterministic: 0]
[force_col_wise: 0]
[force_row_wise: 0]
[histogram_pool_size: -1]
[max_depth: -1]
[min_data_in_leaf: 20]
[min_sum_hessian_in_leaf: 0.001]
[bagging_fraction: 0.85]
[pos_bagging_fraction: 1]
[neg_bagging_fraction: 1]
[bagging_freq: 0]
[bagging_seed: 400]
[bagging_by_query: 0]
[feature_fraction: 0.85]
[feature_fraction_bynode: 1]
[feature_fraction_seed: 30056]
[extra_trees: 0]
[extra_seed: 12879]
[early_stopping_round: 0]
[early_stopping_min_delta: 0]
[first_metric_only: 0]
[max_delta_step: 0]
[lambda_l1: 0]
[lambda_l2: 0]
[linear_lambda: 0]
[min_gain_to_split: 0]
[drop_rate: 0.1]
[max_drop: 50]
[skip_drop: 0.5]
[xgboost_dart_mode: 0]
[uniform_drop: 0]
[drop_seed: 17869]
[top_rate: 0.2]
[other_rate: 0.1]
[min_data_per_group: 100]
[max_cat_threshold: 32]
[cat_l2: 10]
[cat_smooth: 10]
[max_cat_to_onehot: 4]
[top_k: 20]
[monotone_constraints: ]
[monotone_constraints_method: basic]
[monotone_penalty: 0]
[feature_contri: ]
[forcedsplits_filename: ]
[refit_decay_rate: 0.9]
[cegb_tradeoff: 1]
[cegb_penalty_split: 0]
[cegb_penalty_feature_lazy: ]
[cegb_penalty_feature_coupled: ]
[path_smooth: 0]
[interaction_constraints: ]
[verbosity: -1]
[saved_feature_importance_type: 0]
[use_quantized_grad: 0]
[num_grad_quant_bins: 4]
[quant_train_renew_leaf: 0]
[stochastic_rounding: 1]
[linear_tree: 0]
[max_bin: 255]
[max_bin_by_feature: ]
[min_data_in_bin: 3]
[bin_construct_sample_cnt: 200000]
[data_random_seed: 175]
[is_enable_sparse: 1]
[enable_bundle: 1]
[use_missing: 1]
[zero_as_missing: 0]
[feature_pre_filter: 1]
[pre_partition: 0]
[two_round: 0]
[header: 0]
[label_column: ]
[weight_column: ]
[group_column: ]
[ignore_column: ]
[categorical_feature: ]
[forcedbins_filename: ]
[precise_float_parser: 0]
[parser_config_file: ]
[objective_seed: 16083]
[num_class: 1]
[is_unbalance: 0]
[scale_pos_weight: 1]
[sigmoid: 1]
[boost_from_average: 1]
[reg_sqrt: 0]
[alpha: 0.9]
[fair_c: 1]
[poisson_max_delta_step: 0.7]
[tweedie_variance_power: 1.5]
[lambdarank_truncation_level: 30]
[lambdarank_norm: 1]
[label_gain: ]
[lambdarank_position_bias_regularization: 0]
[eval_at: ]
[multi_error_top_k: 1]
[auc_mu_weights: ]
[num_machines: 1]
[local_listen_port: 12400]
[time_out: 120]
[machine_list_filename: ]
[machines: ]
[gpu_platform_id: -1]
[gpu_device_id: -1]
[gpu_device_id_list: ]
[gpu_use_dp: 0]
[num_gpu: 1]

end of parameters

pandas_categorical:null
